app_slug,app_name,so_name,size_bytes,sha256,arch,build_id,soname,domain,category,maturity_score,source_path
meitu,Meitu,libAIModelKit.so,280608,96eb16089da9b1b797928a73ec4b4ddd27c43bc557940c96ca167cf657a89b9c,AArch64,bc41060f811fc4a7b347f8c756e5effa02757269,libAIModelKit.so,GENERAL_GRAPHICS,PRODUCT_MEANINGFUL,70,F:\App\Image\com.mt.mtxx.mtxx\extracted_native_libs\lib\arm64-v8a\libAIModelKit.so
meitu,Meitu,libAIModelSearchKit.so,1027728,20233f05b4b010280d16e728103a0995ca2580697b5f9c708fa333e9ff8d1899,AArch64,2e1af5b167b3eed5ecede228b7edff04ce54f1c5,libAIModelSearchKit.so,GENERAL_GRAPHICS,PRODUCT_MEANINGFUL,70,F:\App\Image\com.mt.mtxx.mtxx\extracted_native_libs\lib\arm64-v8a\libAIModelSearchKit.so
meitu,Meitu,libARKernelInterface.so,17829224,594c5085475d8bb58baacb20293aec805211aa5ccc53b3542f3149196d354953,AArch64,04ffd9bac1ab6ec9ee0065323d29594509f73919,libARKernelInterface.so,Camera,PRODUCT_MEANINGFUL,80,F:\App\Image\com.mt.mtxx.mtxx\extracted_native_libs\lib\arm64-v8a\libARKernelInterface.so
meitu,Meitu,libARSPM.so,5298024,ec420f2eec97cf2debbf4778045cfd0ac08b78eae656a4f90e282d49b3ef0114,AArch64,3adf0f2906c0a00f386d04651fdae57e9b63547b,libARSPM.so,GENERAL_GRAPHICS,PRODUCT_MEANINGFUL,70,F:\App\Image\com.mt.mtxx.mtxx\extracted_native_libs\lib\arm64-v8a\libARSPM.so
meitu,Meitu,libCtaApiLib.so,494080,4a91ccac45408daa30e8dd60f7c6eee68aeffbdd66e1e9b6e435b1aa3377fcd5,AArch64,239c21b448f68ce8bab7b19f36c3d56cdf4fdc7e,libCtaApiLib.so,GENERAL_GRAPHICS,PRODUCT_MEANINGFUL,70,F:\App\Image\com.mt.mtxx.mtxx\extracted_native_libs\lib\arm64-v8a\libCtaApiLib.so
meitu,Meitu,libKKMusicFX.so,519504,cd876a2e49a129b1bcefdc4aca42047faa4aaf954c6c1286edb80209ac38031d,AArch64,c319ffa6783e01bdf513c33ea7201e9f1a81e902,libKKMusicFX.so,GENERAL_GRAPHICS,PRODUCT_MEANINGFUL,70,F:\App\Image\com.mt.mtxx.mtxx\extracted_native_libs\lib\arm64-v8a\libKKMusicFX.so
meitu,Meitu,libLayerFlow.so,5544776,ef8d1581038778b72abca3ca8fd5046e49fd44e0465871b023647fe42a582262,AArch64,9166d17d6c8c5a7ba9047760806b5fe63866e48b,libLayerFlow.so,Render,PRODUCT_MEANINGFUL,90,F:\App\Image\com.mt.mtxx.mtxx\extracted_native_libs\lib\arm64-v8a\libLayerFlow.so
meitu,Meitu,libMTARMPM.so,99704,a8cc628d8542ef953bcbea36252df569ff03efcea40c3e99a01a5d01489965b4,AArch64,a1db4670dcfa4a74e1c452672a986bdb45f13367,libMTARMPM.so,GENERAL_GRAPHICS,PRODUCT_MEANINGFUL,70,F:\App\Image\com.mt.mtxx.mtxx\extracted_native_libs\lib\arm64-v8a\libMTARMPM.so
meitu,Meitu,libMTFilterKernel.so,1858440,f938fe73095fceba72875d1ab42f8aeb6a9f31f3933831bec070404c0e7ecac4,AArch64,05d25f33b47237df48aab961ae026386d69fa8eb,libMTFilterKernel.so,Filter,PRODUCT_MEANINGFUL,85,F:\App\Image\com.mt.mtxx.mtxx\extracted_native_libs\lib\arm64-v8a\libMTFilterKernel.so
meitu,Meitu,libMTGif.so,83560,a896d526a7ee74611ffd9a611b797c65505e60b4c60ff27fab75ecabbe69a134,AArch64,a57bd5d52680a1daf6559b574644a0922db965e1,libMTGif.so,GENERAL_GRAPHICS,PRODUCT_MEANINGFUL,70,F:\App\Image\com.mt.mtxx.mtxx\extracted_native_libs\lib\arm64-v8a\libMTGif.so
meitu,Meitu,libMTLReportTool.so,73224,c34587e543305b8e92fe3156a424f86251667c363d1758be61917d1ef1f1152c,AArch64,5ba82d516e059501228bb633e19246efdeadc934,libMTLReportTool.so,GENERAL_GRAPHICS,PRODUCT_MEANINGFUL,70,F:\App\Image\com.mt.mtxx.mtxx\extracted_native_libs\lib\arm64-v8a\libMTLReportTool.so
meitu,Meitu,libManis.so,9928576,19daf9b4b1718c843169d68391e99a27d10bd3cece52226c887c3ab9b93dddc2,AArch64,74c6f0b4d5ddcf4c758019c104a85b14038839b6,libManis.so,AI_RUNTIME,PRODUCT_MEANINGFUL,85,F:\App\Image\com.mt.mtxx.mtxx\extracted_native_libs\lib\arm64-v8a\libManis.so
meitu,Meitu,libMtlabSign.so,22016,6901812e71f57bd62614000ad735cafdf0dac5282dbeb766b818dd1f1d333cab,AArch64,ef3c9306826d6ac59b35244333e0331783bbaca3,libMtlabSign.so,GENERAL_GRAPHICS,PRODUCT_MEANINGFUL,70,F:\App\Image\com.mt.mtxx.mtxx\extracted_native_libs\lib\arm64-v8a\libMtlabSign.so
meitu,Meitu,libPVGCodec.so,1283760,4fa5f275c8ddecf7caa960c812108ec9e801365bfe5bc9cf38598233bc449ffc,AArch64,7c48b61642b6c7bbfdebdb2aca3d42910ec4b31d,libPVGCodec.so,Color,PRODUCT_MEANINGFUL,90,F:\App\Image\com.mt.mtxx.mtxx\extracted_native_libs\lib\arm64-v8a\libPVGCodec.so
meitu,Meitu,libPVGColorFunctions.so,380224,3aab7535eefd304fef426efd49c1fee51300261edc766cdc551355c3eebb04e6,AArch64,1011276c5b88cb50d83e7a8b444af1601979f983,libPVGColorFunctions.so,Color,PRODUCT_MEANINGFUL,90,F:\App\Image\com.mt.mtxx.mtxx\extracted_native_libs\lib\arm64-v8a\libPVGColorFunctions.so
meitu,Meitu,libPVGImageCodec.so,5133080,7745f3a95ec533332c96aff8d8d8c11d18e3011109741562bf3b319d3842fb1b,AArch64,bcbf29e5738d9af2beab50167fd58265ca871bfd,libPVGImageCodec.so,Color,PRODUCT_MEANINGFUL,90,F:\App\Image\com.mt.mtxx.mtxx\extracted_native_libs\lib\arm64-v8a\libPVGImageCodec.so
meitu,Meitu,libPVGLive.so,603200,e443f6a16cb8137d74a1583529666eb02bf4859b372175e2b4c226f6e188484c,AArch64,8475e14f79e2e5a2d69ad3ccbcfbc462f2358f8f,libPVGLive.so,Color,PRODUCT_MEANINGFUL,90,F:\App\Image\com.mt.mtxx.mtxx\extracted_native_libs\lib\arm64-v8a\libPVGLive.so
meitu,Meitu,libPVGVideoCodec.so,1150016,336cf1e8cdaaac1ad5bf77b96a03ae9ad90527e583c82aea44b05b25e5da4d26,AArch64,b384580b58bb05debf73b90559e32a452e9608ca,libPVGVideoCodec.so,Color,PRODUCT_MEANINGFUL,90,F:\App\Image\com.mt.mtxx.mtxx\extracted_native_libs\lib\arm64-v8a\libPVGVideoCodec.so
meitu,Meitu,libVERenderer.so,429728,2da896556822804506871c47fadda3fadf8537952e38642e6c496ccbbab8ca46,AArch64,31481e2228bb6921f181fed3bf90e841b1723778,libVERenderer.so,Render,PRODUCT_MEANINGFUL,90,F:\App\Image\com.mt.mtxx.mtxx\extracted_native_libs\lib\arm64-v8a\libVERenderer.so
meitu,Meitu,libaicodec.so,2107800,f957a5b290991053f65943356816e837ae5a9d996fa0b2809fc89f680fc8a3cc,AArch64,60023fe7290327cd53b94bd317f56ce79dd42780,libaicodec.so,GENERAL_GRAPHICS,PRODUCT_MEANINGFUL,70,F:\App\Image\com.mt.mtxx.mtxx\extracted_native_libs\lib\arm64-v8a\libaicodec.so
meitu,Meitu,libaidetectionplugin.so,531680,910ef898f457cac694080829b8f7b219ae6cc696f5adebe90beca9a70c0deda8,AArch64,7751ec181741cb6be78844f8502107b72d707ec0,libaidetectionplugin.so,GENERAL_GRAPHICS,PRODUCT_MEANINGFUL,70,F:\App\Image\com.mt.mtxx.mtxx\extracted_native_libs\lib\arm64-v8a\libaidetectionplugin.so
meitu,Meitu,libarkernel3.so,17786488,e08c1d494eef98759aa92594ca26420e097df51965a4407cc639a97bbaf35442,AArch64,2306a217ec820cc2cb2636dd2549a085bcd971e4,libarkernel3.so,Camera,PRODUCT_MEANINGFUL,80,F:\App\Image\com.mt.mtxx.mtxx\extracted_native_libs\lib\arm64-v8a\libarkernel3.so
meitu,Meitu,libarkernel3_android.so,693576,81aac3f4cdf285c4e71d0514ea985c60c5a88ac7c5ca9f1a95f812e3368799da,AArch64,caec9ec90568096dac8d12fa8e64a7a1b3b2e4dc,libarkernel3_android.so,Camera,PRODUCT_MEANINGFUL,80,F:\App\Image\com.mt.mtxx.mtxx\extracted_native_libs\lib\arm64-v8a\libarkernel3_android.so
meitu,Meitu,libarkernel3_c.so,501664,549ace66fe1522b7e9596fce23a3a254fbec25442f177235a10173dff8fde339,AArch64,ade3f296ae1d0352564a7d230cbfa3c8f8b08961,libarkernel3_c.so,Camera,PRODUCT_MEANINGFUL,80,F:\App\Image\com.mt.mtxx.mtxx\extracted_native_libs\lib\arm64-v8a\libarkernel3_c.so
meitu,Meitu,libbmpKit.so,486360,550e87fbfd13b8de0833789df04038c659e0472606e6a161eaf775ba126cd168,AArch64,188456374487759d2a1f3203cf35775898bbf6b0,libbmpKit.so,IMAGE_IO,PRODUCT_MEANINGFUL,75,F:\App\Image\com.mt.mtxx.mtxx\extracted_native_libs\lib\arm64-v8a\libbmpKit.so
meitu,Meitu,libbuffer_pgl.so,9000,d416381c202993e4a03fd6ae0c5b407f1531f61fc45f518ad5b7f4620d5a2133,AArch64,197328c3ea598c2ec416d0424a6cb9a542d4ee21,libbuffer_pgl.so,RUNTIME_INFRA,INFRASTRUCTURE,15,F:\App\Image\com.mt.mtxx.mtxx\extracted_native_libs\lib\arm64-v8a\libbuffer_pgl.so
meitu,Meitu,libbytehook.so,59080,1fa39f206cf1cb5863dc3770ec3a21339921364e647a3ab4dbb094eab83676d8,AArch64,865eef44644208d943a65ae5afde6aa34c7669ed,libbytehook.so,RUNTIME_INFRA,INFRASTRUCTURE,15,F:\App\Image\com.mt.mtxx.mtxx\extracted_native_libs\lib\arm64-v8a\libbytehook.so
meitu,Meitu,libc++_shared.so,1292904,4397241b4bd20a8e579bfb41d21107857e12985f6a01ca0c2a5f83380d1270b4,AArch64,b04675a35ad96f8a9dcaa073e3bd31d4536f00ad,libc++_shared.so,RUNTIME_INFRA,INFRASTRUCTURE,15,F:\App\Image\com.mt.mtxx.mtxx\extracted_native_libs\lib\arm64-v8a\libc++_shared.so
meitu,Meitu,libdexvmp.so,516600,b4a46520ec989fef5346833db8f9a1bd6a6690902731414ed26f65cc529cc06e,AArch64,NONE,libdexvmp.so,GENERAL_GRAPHICS,PRODUCT_MEANINGFUL,70,F:\App\Image\com.mt.mtxx.mtxx\extracted_native_libs\lib\arm64-v8a\libdexvmp.so
meitu,Meitu,libfantasy.so,2623024,fefb87a88745a4aa8e8dcc421c7ec46a91a648e7afef86a312d1a3776a8c7724,AArch64,22cd12a5a61e7c8130a75037933f3aa9c9f66aab,libfantasy.so,GENERAL_GRAPHICS,PRODUCT_MEANINGFUL,70,F:\App\Image\com.mt.mtxx.mtxx\extracted_native_libs\lib\arm64-v8a\libfantasy.so
meitu,Meitu,libffavc.so,1161456,1e214164a6c153f74f25018c1625f3e71d1d5ba601f6592c4dd89385dcc4b0bc,AArch64,9df2313f96fb1cb34be7adfc0abc06d41d34fb03,libffavc.so,GENERAL_GRAPHICS,PRODUCT_MEANINGFUL,70,F:\App\Image\com.mt.mtxx.mtxx\extracted_native_libs\lib\arm64-v8a\libffavc.so
meitu,Meitu,libffmpeg.so,7546632,d8df8c5cb7a6b5a7eb771782d74a38e0b8d3cfacd1fbef1ae67a96171e3325c9,AArch64,NONE,libffmpeg.so,Video,PRODUCT_MEANINGFUL,85,F:\App\Image\com.mt.mtxx.mtxx\extracted_native_libs\lib\arm64-v8a\libffmpeg.so
meitu,Meitu,libffmpegfilter.so,267600,f22a7ea6da3194d046ecbce5ce3b602bcb56edfd96444a6e29e1a3c3449cf981,AArch64,NONE,libffmpegfilter.so,Filter,PRODUCT_MEANINGFUL,85,F:\App\Image\com.mt.mtxx.mtxx\extracted_native_libs\lib\arm64-v8a\libffmpegfilter.so
meitu,Meitu,libfftw3.so,502784,0968cee954c2bcbbb8df9daca5a9d122343b280462aaad9533f083f15a4b1c32,AArch64,af81180d715ab88fce7775a5bdf551ad9ca124f4,libfftw3.so,GENERAL_GRAPHICS,PRODUCT_MEANINGFUL,70,F:\App\Image\com.mt.mtxx.mtxx\extracted_native_libs\lib\arm64-v8a\libfftw3.so
meitu,Meitu,libfile_lock_pgl.so,6312,d14096b150b4b2f21263fdb4f1c61eea3fcd76804c776de2395b13dfbe1d8ca0,AArch64,d110cb6f3edbb540992a7a4e54f02565ad48acba,libfile_lock_pgl.so,RUNTIME_INFRA,INFRASTRUCTURE,15,F:\App\Image\com.mt.mtxx.mtxx\extracted_native_libs\lib\arm64-v8a\libfile_lock_pgl.so
meitu,Meitu,libfntvcrash.so,57592,91b4bfd158229e340d5c7f6722df9d1a1ab72b9e3a5dd72da903bad571fa7e11,AArch64,f146b572d4fff3cd520895a8083b93a61522d1ee,libfntvcrash.so,GENERAL_GRAPHICS,PRODUCT_MEANINGFUL,70,F:\App\Image\com.mt.mtxx.mtxx\extracted_native_libs\lib\arm64-v8a\libfntvcrash.so
meitu,Meitu,libglide-webp.so,412080,2f7f38acc0d294a3333069aa8a3c07e69d4bc0a64f162215578bd55dbe1a4486,AArch64,50d5d653db783956719b9bbba852f7b8e453a573,libglide-webp.so,GENERAL_GRAPHICS,PRODUCT_MEANINGFUL,70,F:\App\Image\com.mt.mtxx.mtxx\extracted_native_libs\lib\arm64-v8a\libglide-webp.so
meitu,Meitu,libhiai.so,446504,30a096c17346403d98a32a1a4d0762fa8e220f6c40e65aec9460cdfd6c7418ee,AArch64,NONE,libhiai.so,GENERAL_GRAPHICS,PRODUCT_MEANINGFUL,70,F:\App\Image\com.mt.mtxx.mtxx\extracted_native_libs\lib\arm64-v8a\libhiai.so
meitu,Meitu,libhiai_ir.so,868936,c96af03947bde73255f4b77e3c253ae63130fdfed8b259196d24bbf3ba84a7d1,AArch64,NONE,libhiai_ir.so,GENERAL_GRAPHICS,PRODUCT_MEANINGFUL,70,F:\App\Image\com.mt.mtxx.mtxx\extracted_native_libs\lib\arm64-v8a\libhiai_ir.so
meitu,Meitu,libhiai_ir_build.so,27120,5357c178714545ba0ec715556f70252bf650dd53099170b3fe5519b6ec42cedd,AArch64,NONE,libhiai_ir_build.so,GENERAL_GRAPHICS,PRODUCT_MEANINGFUL,70,F:\App\Image\com.mt.mtxx.mtxx\extracted_native_libs\lib\arm64-v8a\libhiai_ir_build.so
meitu,Meitu,libhttpelf.so,51272,26ca2ac83e64fe651c4cbc15cf124fc8d86a51f560d753a6fae7cc840dd3ea91,AArch64,057b871b3c318d7aef0fdf94d06f0130232fd835,libhttpelf.so,GENERAL_GRAPHICS,PRODUCT_MEANINGFUL,70,F:\App\Image\com.mt.mtxx.mtxx\extracted_native_libs\lib\arm64-v8a\libhttpelf.so
meitu,Meitu,libkoom-strip-dump.so,576288,db0db1bdef5f51386ea2036682c0129b842aa5e3445a26d60ea6c5d29113faa3,AArch64,47210683e04e047a893a7b7ebd22328c083c5a23,libkoom-strip-dump.so,RUNTIME_INFRA,INFRASTRUCTURE,15,F:\App\Image\com.mt.mtxx.mtxx\extracted_native_libs\lib\arm64-v8a\libkoom-strip-dump.so
meitu,Meitu,liblabdeviceinfo.so,126312,68ee1bc7a413742159a9375ff3dcc2d78c31f4259ab697e252acb4f2dfe90e5e,AArch64,18b1b4cdfa6dd63b89b988507fef684cc2dc924e,liblabdeviceinfo.so,GENERAL_GRAPHICS,PRODUCT_MEANINGFUL,70,F:\App\Image\com.mt.mtxx.mtxx\extracted_native_libs\lib\arm64-v8a\liblabdeviceinfo.so
meitu,Meitu,libmanis_npu_adapter.so,1022088,99a9a4b161b9797d7cf621e93a51a7df408f80c84e652bbc6724eef7e71ca6f3,AArch64,18efecf1b78c7e808a81373846e48b11260f4af3,libmanis_npu_adapter.so,AI_RUNTIME,PRODUCT_MEANINGFUL,85,F:\App\Image\com.mt.mtxx.mtxx\extracted_native_libs\lib\arm64-v8a\libmanis_npu_adapter.so
meitu,Meitu,libmfxkit.so,773652,78923a90997d34c5dd51215a6cd2bc26c9731806fd9037e4aa71fd3873d3bb4f,PARSE_ERR: Reading section 0 at offset 1352944 past EOF 773652,NONE,NONE,GENERAL_GRAPHICS,PRODUCT_MEANINGFUL,70,F:\App\Image\com.mt.mtxx.mtxx\extracted_native_libs\lib\arm64-v8a\libmfxkit.so
