app_id,app_name,package_name,version_name,version_code,min_sdk,target_sdk,developer_vendor,headquarters,market_tier,primary_specialization
APP_01,B612,com.linecorp.b612.android,15.4.0,150400,24,34,SNOW Inc. / LINE Corp,South Korea / Japan,Asian Tier 1,"Real-time Beauty Camera, 240-pt Landmark AR Stickers"
APP_02,BeautyPlus,com.commsource.beautyplus,7.46.0,74600,24,34,Pixocial Technology (Singapore) Pte. Ltd.,Singapore,Global Tier 1,"Portrait Retouch, Skin Smoothing, Automated Beautification"
APP_03,Adobe Lightroom Mobile,com.adobe.lrmobile,9.4.2,9040200,26,34,Adobe Systems Inc.,"San Jose, USA",Global Benchmark,"Pro RAW/HDR Color Grading, 32-bit Float Pipeline, HSL Curves"
APP_04,Facetune,com.lightricks.facetune.free,2.60.0.1,26000100,26,34,Lightricks Ltd.,"Jerusalem, Israel",Western Tier 1,"Portrait Retouch, Pore Texture Preservation, Hair Color & Volume"
APP_05,Meitu,com.mt.mtxx.mtxx,12.17.8,121780,24,34,Meitu Inc.,"Xiamen, China",Asian Benchmark,"Comprehensive Photo Editor, 21-tap LIC Hair Dye, Zero-BG Body Liquify"
APP_06,Future Self Aging,com.future.self.face.aging.changer,1.0.9.6,10906,23,33,Future Face Studio,Hong Kong,Tier 3 Utility,Novelty Age Progression & Wrinkle Texture Overlay
APP_07,FaceApp,io.faceapp,12.9.6,12090600,26,34,FaceApp Technology Limited,Cyprus / Limassol,Global AI Leader,"Generative Neural Face & Hair Transformation, Spherical Relighting"
APP_08,PicsArt,com.picsart.studio,30.7.8,307080,24,34,PicsArt Inc.,"Miami, USA",Global Tier 1,"Multi-layer Creative Compositor, Blend Modes, Stickers & Inpainting"
APP_09,Remini,com.bigwinepot.nwdn.international,3.7.1447,202524746,24,34,Bending Spoons S.p.A.,"Milan, Italy",Global AI Leader,"AI Portrait Super-Resolution, Detail Reconstruction, Poisson Blending"
APP_10,SnapEdit,snapedit.app.remove,7.7.7,70707,24,34,Silver Fox AI / SnapEdit,Singapore / Vietnam,AI Utility Leader,"AI Object Removal (LaMa), Background Removal, Cutout Matting"
APP_11,Time Warp Scan,Time Warp Scan - Face Scan,com.timewarpscan.facescan,3.8.1,30801,23,33,Scan Tech Ltd.,Cyprus,Novelty Camera,GPU Slit-scan Rolling Texture Coordinate Warping
APP_12,Ulike,com.gorgeous.lite,5.6.2,5620,24,34,Bytedance / Lemon Inc.,Beijing / Singapore,Asian Tier 1,"Anti-Flat Skin Retouch, High-End Portrait Camera, Natural Lip Texture"
APP_13,VSCO,com.vsco.cam,495,1000495,26,34,Visual Supply Company,"Oakland, USA",Aesthetic Leader,"Analog Film Emulation, 3D LUT Tetrahedral Grading, Emulsion Grain"
APP_14,Wink,com.meitu.wink,3.16.5,31650,24,34,Meitu Inc.,"Xiamen, China",Video Retouch Leader,"Video-rate Portrait Enhancement, Temporal Coherence Smoothing"
