app_name,hair_color_dye,skin_pore_retouch,face_liquify_mesh,body_zero_bg_distortion,pro_hsl_curves,lut_3d_grading,portrait_relighting,ai_inpaint_object_remove,ai_super_resolution,video_rate_retouch
Adobe Lightroom Mobile,NO,YES (Clarity/Texture),NO,NO,EXCELLENT (Reference),EXCELLENT (Reference),NO,YES (Generative Remove),YES (Super Resolution),NO
Meitu,EXCELLENT (21-tap LIC),EXCELLENT (Bilateral+Pores),EXCELLENT (3D Landmark TPS),EXCELLENT (Protected Mask),GOOD (Standard HSL),EXCELLENT (5000+ LUTs),GOOD (Virtual Studio),EXCELLENT (AI Eraser),EXCELLENT (AI Repair),YES (via Wink engine)
Facetune,EXCELLENT (Dual Sheen),EXCELLENT (Freq Separation),EXCELLENT (Projective Radial),GOOD (Mesh Warp),FAIR (Basic Sliders),GOOD (Presets),EXCELLENT (Directional SH),GOOD (Patch Clone),FAIR (Sharpen),NO
FaceApp,EXCELLENT (Generative AI),GOOD (Neural Smooth),EXCELLENT (Neural Morph),NO,NO,FAIR (Neural Style),EXCELLENT (SH Estimator),NO,GOOD (Face Enhance),NO
Remini,NO,EXCELLENT (AI Hallucination),NO,NO,NO,NO,NO,NO,EXCELLENT (State of Art),YES (Video Enhance)
SnapEdit,NO,FAIR (Basic Beautify),NO,NO,NO,FAIR (Filters),NO,EXCELLENT (LaMa Inpaint),GOOD (Anime/Photo Up),NO
VSCO,NO,FAIR (Skin Tone Slider),NO,NO,EXCELLENT (Film HSL),EXCELLENT (Tetrahedral LUT),NO,NO,NO,YES (Video Color Grading)
BeautyPlus,GOOD (12 Color Presets),EXCELLENT (Meitu Core),EXCELLENT (3D Face Warp),EXCELLENT (Meitu Core),FAIR (Basic Sliders),GOOD (Meitu Presets),FAIR (Light FX),GOOD (Smart Eraser),GOOD (HD Repair),NO
B612,FAIR (AR Hair Filter),GOOD (Real-time Gauss),GOOD (240-pt STMobile),FAIR (Waist Slimmer),NO,GOOD (Line Presets),NO,NO,NO,YES (Real-time Video)
Ulike,GOOD (Natural Tint),EXCELLENT (Anti-Flat Texture),EXCELLENT (ByteDance Effect),GOOD (Smart Slim),NO,GOOD (Asian Aesthetics),FAIR (Studio Light),NO,NO,YES (Real-time Video)
Wink,EXCELLENT (Meitu Core),EXCELLENT (Meitu Core),EXCELLENT (Meitu Core),EXCELLENT (Meitu Core),FAIR (Basic Sliders),EXCELLENT (Meitu Core),GOOD (Meitu Studio),GOOD (Eraser),EXCELLENT (AI Video Repair),EXCELLENT (Reference)
PicsArt,GOOD (Brush Dye),GOOD (Detail / Smooth),GOOD (Warp Brush),FAIR (Stretch / Shrink),GOOD (Curves Tool),GOOD (FX Filters),NO,GOOD (AI Replace),GOOD (AI Enhance),NO
Time Warp Scan,NO,NO,NO,NO,NO,NO,NO,NO,NO,NO
Future Self Aging,NO,NO,NO,NO,NO,NO,NO,NO,NO,NO
