library,canonical_path,bytes,sha256,crc32,elf_valid,elf_bits,machine,program_table_bounded,load_segments_bounded,section_table_bounded,container_data_start,container_data_end,container_declared_bytes,container_available_bytes,container_crc32,container_compression,payload_byte_match,container_match_status,truncation_notes
libaicodec.so,F:\CONVERT\com.mt.mtxx.mtxx\SOURCE\extracted_native_libs\lib\arm64-v8a\libaicodec.so,2107800,f957a5b290991053f65943356816e837ae5a9d996fa0b2809fc89f680fc8a3cc,0xfa0a92e3,True,64,183,True,True,True,308507116,310614916,2107800,2107800,0xfa0a92e3,0,True,EXACT_PAYLOAD_MATCH,"None (Fully bounded ELF64, payload verified byte-for-byte with container)"
libaidetectionplugin.so,F:\CONVERT\com.mt.mtxx.mtxx\SOURCE\extracted_native_libs\lib\arm64-v8a\libaidetectionplugin.so,531680,910ef898f457cac694080829b8f7b219ae6cc696f5adebe90beca9a70c0deda8,0x02c11781,True,64,183,True,True,True,310620652,311152332,531680,531680,0x02c11781,0,True,EXACT_PAYLOAD_MATCH,"None (Fully bounded ELF64, payload verified byte-for-byte with container)"
libAIModelKit.so,F:\CONVERT\com.mt.mtxx.mtxx\SOURCE\extracted_native_libs\lib\arm64-v8a\libAIModelKit.so,280608,96eb16089da9b1b797928a73ec4b4ddd27c43bc557940c96ca167cf657a89b9c,0x804c040a,True,64,183,True,True,True,256274924,256555532,280608,280608,0x804c040a,0,True,EXACT_PAYLOAD_MATCH,"None (Fully bounded ELF64, payload verified byte-for-byte with container)"
libAIModelSearchKit.so,F:\CONVERT\com.mt.mtxx.mtxx\SOURCE\extracted_native_libs\lib\arm64-v8a\libAIModelSearchKit.so,1027728,20233f05b4b010280d16e728103a0995ca2580697b5f9c708fa333e9ff8d1899,0x49530f6f,True,64,183,True,True,True,256569836,257597564,1027728,1027728,0x49530f6f,0,True,EXACT_PAYLOAD_MATCH,"None (Fully bounded ELF64, payload verified byte-for-byte with container)"
libarkernel3.so,F:\CONVERT\com.mt.mtxx.mtxx\SOURCE\extracted_native_libs\lib\arm64-v8a\libarkernel3.so,17786488,e08c1d494eef98759aa92594ca26420e097df51965a4407cc639a97bbaf35442,0x6a7d0c23,True,64,183,True,True,True,311161324,328947812,17786488,17786488,0x6a7d0c23,0,True,EXACT_PAYLOAD_MATCH,"None (Fully bounded ELF64, payload verified byte-for-byte with container)"
libarkernel3_android.so,F:\CONVERT\com.mt.mtxx.mtxx\SOURCE\extracted_native_libs\lib\arm64-v8a\libarkernel3_android.so,693576,81aac3f4cdf285c4e71d0514ea985c60c5a88ac7c5ca9f1a95f812e3368799da,0x4f5e14f2,True,64,183,True,True,True,328954348,329647924,693576,693576,0x4f5e14f2,0,True,EXACT_PAYLOAD_MATCH,"None (Fully bounded ELF64, payload verified byte-for-byte with container)"
libarkernel3_c.so,F:\CONVERT\com.mt.mtxx.mtxx\SOURCE\extracted_native_libs\lib\arm64-v8a\libarkernel3_c.so,501664,549ace66fe1522b7e9596fce23a3a254fbec25442f177235a10173dff8fde339,0x5818c23d,True,64,183,True,True,True,329658860,330160524,501664,501664,0x5818c23d,0,True,EXACT_PAYLOAD_MATCH,"None (Fully bounded ELF64, payload verified byte-for-byte with container)"
libARKernelInterface.so,F:\CONVERT\com.mt.mtxx.mtxx\SOURCE\extracted_native_libs\lib\arm64-v8a\libARKernelInterface.so,17829224,594c5085475d8bb58baacb20293aec805211aa5ccc53b3542f3149196d354953,0xcfbbccee,True,64,183,True,True,True,257602028,275431252,17829224,17829224,0xcfbbccee,0,True,EXACT_PAYLOAD_MATCH,"None (Fully bounded ELF64, payload verified byte-for-byte with container)"
libARSPM.so,F:\CONVERT\com.mt.mtxx.mtxx\SOURCE\extracted_native_libs\lib\arm64-v8a\libARSPM.so,5298024,ec420f2eec97cf2debbf4778045cfd0ac08b78eae656a4f90e282d49b3ef0114,0x34a333ed,True,64,183,True,True,True,275444204,280742228,5298024,5298024,0x34a333ed,0,True,EXACT_PAYLOAD_MATCH,"None (Fully bounded ELF64, payload verified byte-for-byte with container)"
libbmpKit.so,F:\CONVERT\com.mt.mtxx.mtxx\SOURCE\extracted_native_libs\lib\arm64-v8a\libbmpKit.so,486360,550e87fbfd13b8de0833789df04038c659e0472606e6a161eaf775ba126cd168,0x29a031e2,True,64,183,True,True,True,330166764,330653124,486360,486360,0x29a031e2,0,True,EXACT_PAYLOAD_MATCH,"None (Fully bounded ELF64, payload verified byte-for-byte with container)"
libbuffer_pgl.so,F:\CONVERT\com.mt.mtxx.mtxx\SOURCE\extracted_native_libs\lib\arm64-v8a\libbuffer_pgl.so,9000,d416381c202993e4a03fd6ae0c5b407f1531f61fc45f518ad5b7f4620d5a2133,0xf02bad1e,True,64,183,True,True,True,330658284,330667284,9000,9000,0xf02bad1e,0,True,EXACT_PAYLOAD_MATCH,"None (Fully bounded ELF64, payload verified byte-for-byte with container)"
libbytehook.so,F:\CONVERT\com.mt.mtxx.mtxx\SOURCE\extracted_native_libs\lib\arm64-v8a\libbytehook.so,59080,1fa39f206cf1cb5863dc3770ec3a21339921364e647a3ab4dbb094eab83676d8,0x1230ff95,True,64,183,True,True,True,330674668,330733748,59080,59080,0x1230ff95,0,True,EXACT_PAYLOAD_MATCH,"None (Fully bounded ELF64, payload verified byte-for-byte with container)"
libc++_shared.so,F:\CONVERT\com.mt.mtxx.mtxx\SOURCE\extracted_native_libs\lib\arm64-v8a\libc++_shared.so,1292904,4397241b4bd20a8e579bfb41d21107857e12985f6a01ca0c2a5f83380d1270b4,0x51e3dcdc,True,64,183,True,True,True,330740204,332033108,1292904,1292904,0x51e3dcdc,0,True,EXACT_PAYLOAD_MATCH,"None (Fully bounded ELF64, payload verified byte-for-byte with container)"
libCtaApiLib.so,F:\CONVERT\com.mt.mtxx.mtxx\SOURCE\extracted_native_libs\lib\arm64-v8a\libCtaApiLib.so,494080,4a91ccac45408daa30e8dd60f7c6eee68aeffbdd66e1e9b6e435b1aa3377fcd5,0xd1645e7a,True,64,183,True,True,True,280752620,281246700,494080,494080,0xd1645e7a,0,True,EXACT_PAYLOAD_MATCH,"None (Fully bounded ELF64, payload verified byte-for-byte with container)"
libdexvmp.so,F:\CONVERT\com.mt.mtxx.mtxx\SOURCE\extracted_native_libs\lib\arm64-v8a\libdexvmp.so,516600,b4a46520ec989fef5346833db8f9a1bd6a6690902731414ed26f65cc529cc06e,0x4c3a5cfc,True,64,183,True,True,True,332034540,332551140,516600,516600,0x4c3a5cfc,0,True,EXACT_PAYLOAD_MATCH,"None (Fully bounded ELF64, payload verified byte-for-byte with container)"
libfantasy.so,F:\CONVERT\com.mt.mtxx.mtxx\SOURCE\extracted_native_libs\lib\arm64-v8a\libfantasy.so,2623024,fefb87a88745a4aa8e8dcc421c7ec46a91a648e7afef86a312d1a3776a8c7724,0xb622c68b,True,64,183,True,True,True,332558828,335181852,2623024,2623024,0xb622c68b,0,True,EXACT_PAYLOAD_MATCH,"None (Fully bounded ELF64, payload verified byte-for-byte with container)"
libffavc.so,F:\CONVERT\com.mt.mtxx.mtxx\SOURCE\extracted_native_libs\lib\arm64-v8a\libffavc.so,1161456,1e214164a6c153f74f25018c1625f3e71d1d5ba601f6592c4dd89385dcc4b0bc,0xae1d6391,True,64,183,True,True,True,335196652,336358108,1161456,1161456,0xae1d6391,0,True,EXACT_PAYLOAD_MATCH,"None (Fully bounded ELF64, payload verified byte-for-byte with container)"
libffmpeg.so,F:\CONVERT\com.mt.mtxx.mtxx\SOURCE\extracted_native_libs\lib\arm64-v8a\libffmpeg.so,7546632,d8df8c5cb7a6b5a7eb771782d74a38e0b8d3cfacd1fbef1ae67a96171e3325c9,0xb193a693,True,64,183,True,True,True,336359916,343906548,7546632,7546632,0xb193a693,0,True,EXACT_PAYLOAD_MATCH,"None (Fully bounded ELF64, payload verified byte-for-byte with container)"
libffmpegfilter.so,F:\CONVERT\com.mt.mtxx.mtxx\SOURCE\extracted_native_libs\lib\arm64-v8a\libffmpegfilter.so,267600,f22a7ea6da3194d046ecbce5ce3b602bcb56edfd96444a6e29e1a3c3449cf981,0x31c33c02,True,64,183,True,True,True,343912940,344180540,267600,267600,0x31c33c02,0,True,EXACT_PAYLOAD_MATCH,"None (Fully bounded ELF64, payload verified byte-for-byte with container)"
libfftw3.so,F:\CONVERT\com.mt.mtxx.mtxx\SOURCE\extracted_native_libs\lib\arm64-v8a\libfftw3.so,502784,0968cee954c2bcbbb8df9daca5a9d122343b280462aaad9533f083f15a4b1c32,0x891dde43,True,64,183,True,True,True,344191468,344694252,502784,502784,0x891dde43,0,True,EXACT_PAYLOAD_MATCH,"None (Fully bounded ELF64, payload verified byte-for-byte with container)"
libfile_lock_pgl.so,F:\CONVERT\com.mt.mtxx.mtxx\SOURCE\extracted_native_libs\lib\arm64-v8a\libfile_lock_pgl.so,6312,d14096b150b4b2f21263fdb4f1c61eea3fcd76804c776de2395b13dfbe1d8ca0,0x39980010,True,64,183,True,True,True,344699372,344705684,6312,6312,0x39980010,0,True,EXACT_PAYLOAD_MATCH,"None (Fully bounded ELF64, payload verified byte-for-byte with container)"
libfntvcrash.so,F:\CONVERT\com.mt.mtxx.mtxx\SOURCE\extracted_native_libs\lib\arm64-v8a\libfntvcrash.so,57592,91b4bfd158229e340d5c7f6722df9d1a1ab72b9e3a5dd72da903bad571fa7e11,0xeb97dd6e,True,64,183,True,True,True,344715756,344773348,57592,57592,0xeb97dd6e,0,True,EXACT_PAYLOAD_MATCH,"None (Fully bounded ELF64, payload verified byte-for-byte with container)"
libglide-webp.so,F:\CONVERT\com.mt.mtxx.mtxx\SOURCE\extracted_native_libs\lib\arm64-v8a\libglide-webp.so,412080,2f7f38acc0d294a3333069aa8a3c07e69d4bc0a64f162215578bd55dbe1a4486,0xf031be26,True,64,183,True,True,True,344781292,345193372,412080,412080,0xf031be26,0,True,EXACT_PAYLOAD_MATCH,"None (Fully bounded ELF64, payload verified byte-for-byte with container)"
libhiai.so,F:\CONVERT\com.mt.mtxx.mtxx\SOURCE\extracted_native_libs\lib\arm64-v8a\libhiai.so,446504,30a096c17346403d98a32a1a4d0762fa8e220f6c40e65aec9460cdfd6c7418ee,0x56c31d20,True,64,183,True,True,True,345207276,345653780,446504,446504,0x56c31d20,0,True,EXACT_PAYLOAD_MATCH,"None (Fully bounded ELF64, payload verified byte-for-byte with container)"
libhiai_ir.so,F:\CONVERT\com.mt.mtxx.mtxx\SOURCE\extracted_native_libs\lib\arm64-v8a\libhiai_ir.so,868936,c96af03947bde73255f4b77e3c253ae63130fdfed8b259196d24bbf3ba84a7d1,0x3a0c81f9,True,64,183,True,True,True,345666028,346534964,868936,868936,0x3a0c81f9,0,True,EXACT_PAYLOAD_MATCH,"None (Fully bounded ELF64, payload verified byte-for-byte with container)"
libhiai_ir_build.so,F:\CONVERT\com.mt.mtxx.mtxx\SOURCE\extracted_native_libs\lib\arm64-v8a\libhiai_ir_build.so,27120,5357c178714545ba0ec715556f70252bf650dd53099170b3fe5519b6ec42cedd,0xe9361a1d,True,64,183,True,True,True,346550764,346577884,27120,27120,0xe9361a1d,0,True,EXACT_PAYLOAD_MATCH,"None (Fully bounded ELF64, payload verified byte-for-byte with container)"
libhttpelf.so,F:\CONVERT\com.mt.mtxx.mtxx\SOURCE\extracted_native_libs\lib\arm64-v8a\libhttpelf.so,51272,26ca2ac83e64fe651c4cbc15cf124fc8d86a51f560d753a6fae7cc840dd3ea91,0xf94d8a50,True,64,183,True,True,True,346583532,346634804,51272,51272,0xf94d8a50,0,True,EXACT_PAYLOAD_MATCH,"None (Fully bounded ELF64, payload verified byte-for-byte with container)"
libKKMusicFX.so,F:\CONVERT\com.mt.mtxx.mtxx\SOURCE\extracted_native_libs\lib\arm64-v8a\libKKMusicFX.so,519504,cd876a2e49a129b1bcefdc4aca42047faa4aaf954c6c1286edb80209ac38031d,0x00bb7aeb,True,64,183,True,True,True,281260524,281780028,519504,519504,0x00bb7aeb,0,True,EXACT_PAYLOAD_MATCH,"None (Fully bounded ELF64, payload verified byte-for-byte with container)"
libkoom-strip-dump.so,F:\CONVERT\com.mt.mtxx.mtxx\SOURCE\extracted_native_libs\lib\arm64-v8a\libkoom-strip-dump.so,576288,db0db1bdef5f51386ea2036682c0129b842aa5e3445a26d60ea6c5d29113faa3,0xa6fa095c,True,64,183,True,True,True,346649068,347225356,576288,576288,0xa6fa095c,0,True,EXACT_PAYLOAD_MATCH,"None (Fully bounded ELF64, payload verified byte-for-byte with container)"
liblabdeviceinfo.so,F:\CONVERT\com.mt.mtxx.mtxx\SOURCE\extracted_native_libs\lib\arm64-v8a\liblabdeviceinfo.so,126312,68ee1bc7a413742159a9375ff3dcc2d78c31f4259ab697e252acb4f2dfe90e5e,0x5a4c2892,True,64,183,True,True,True,347238892,347365204,126312,126312,0x5a4c2892,0,True,EXACT_PAYLOAD_MATCH,"None (Fully bounded ELF64, payload verified byte-for-byte with container)"
libLayerFlow.so,F:\CONVERT\com.mt.mtxx.mtxx\SOURCE\extracted_native_libs\lib\arm64-v8a\libLayerFlow.so,5544776,ef8d1581038778b72abca3ca8fd5046e49fd44e0465871b023647fe42a582262,0x70ef3bcc,True,64,183,True,True,True,281784812,287329588,5544776,5544776,0x70ef3bcc,0,True,EXACT_PAYLOAD_MATCH,"None (Fully bounded ELF64, payload verified byte-for-byte with container)"
libManis.so,F:\CONVERT\com.mt.mtxx.mtxx\SOURCE\extracted_native_libs\lib\arm64-v8a\libManis.so,9928576,19daf9b4b1718c843169d68391e99a27d10bd3cece52226c887c3ab9b93dddc2,0x13949434,True,64,183,True,True,True,289501676,299430252,9928576,9928576,0x13949434,0,True,EXACT_PAYLOAD_MATCH,"None (Fully bounded ELF64, payload verified byte-for-byte with container)"
libmanis_npu_adapter.so,F:\CONVERT\com.mt.mtxx.mtxx\SOURCE\extracted_native_libs\lib\arm64-v8a\libmanis_npu_adapter.so,1022088,99a9a4b161b9797d7cf621e93a51a7df408f80c84e652bbc6724eef7e71ca6f3,0xbb1b2a07,True,64,183,True,True,True,347369964,348392052,1022088,1022088,0xbb1b2a07,0,True,EXACT_PAYLOAD_MATCH,"None (Fully bounded ELF64, payload verified byte-for-byte with container)"
libmfxkit.so,F:\CONVERT\com.mt.mtxx.mtxx\SOURCE\extracted_native_libs\lib\arm64-v8a\libmfxkit.so,773652,78923a90997d34c5dd51215a6cd2bc26c9731806fd9037e4aa71fd3873d3bb4f,0x6ffdb5ff,True,64,183,True,False,False,348402156,349756892,1354736,773652,0x4302c04c,0,True,PARTIAL_CONTAINER_TRUNCATED,Container interrupted before EOF. On-disk size 773652 B matches available container prefix (348402156..349175808). Deficit: 581084 bytes missing (42.89% data loss). Section headers at offset 1352944 beyond EOF. Tail content UNKNOWN.
libMTARMPM.so,F:\CONVERT\com.mt.mtxx.mtxx\SOURCE\extracted_native_libs\lib\arm64-v8a\libMTARMPM.so,99704,a8cc628d8542ef953bcbea36252df569ff03efcea40c3e99a01a5d01489965b4,0x0a0a49f8,True,64,183,True,True,True,287338988,287438692,99704,99704,0x0a0a49f8,0,True,EXACT_PAYLOAD_MATCH,"None (Fully bounded ELF64, payload verified byte-for-byte with container)"
libMTFilterKernel.so,F:\CONVERT\com.mt.mtxx.mtxx\SOURCE\extracted_native_libs\lib\arm64-v8a\libMTFilterKernel.so,1858440,f938fe73095fceba72875d1ab42f8aeb6a9f31f3933831bec070404c0e7ecac4,0xba065ca3,True,64,183,True,True,True,287453676,289312116,1858440,1858440,0xba065ca3,0,True,EXACT_PAYLOAD_MATCH,"None (Fully bounded ELF64, payload verified byte-for-byte with container)"
libMTGif.so,F:\CONVERT\com.mt.mtxx.mtxx\SOURCE\extracted_native_libs\lib\arm64-v8a\libMTGif.so,83560,a896d526a7ee74611ffd9a611b797c65505e60b4c60ff27fab75ecabbe69a134,0x5aa25784,True,64,183,True,True,True,289321452,289405012,83560,83560,0x5aa25784,0,True,EXACT_PAYLOAD_MATCH,"None (Fully bounded ELF64, payload verified byte-for-byte with container)"
libMtlabSign.so,F:\CONVERT\com.mt.mtxx.mtxx\SOURCE\extracted_native_libs\lib\arm64-v8a\libMtlabSign.so,22016,6901812e71f57bd62614000ad735cafdf0dac5282dbeb766b818dd1f1d333cab,0x7d836ce5,True,64,183,True,True,True,299430380,299452396,22016,22016,0x7d836ce5,0,True,EXACT_PAYLOAD_MATCH,"None (Fully bounded ELF64, payload verified byte-for-byte with container)"
libMTLReportTool.so,F:\CONVERT\com.mt.mtxx.mtxx\SOURCE\extracted_native_libs\lib\arm64-v8a\libMTLReportTool.so,73224,c34587e543305b8e92fe3156a424f86251667c363d1758be61917d1ef1f1152c,0x4eaba47b,True,64,183,True,True,True,289419756,289492980,73224,73224,0x4eaba47b,0,True,EXACT_PAYLOAD_MATCH,"None (Fully bounded ELF64, payload verified byte-for-byte with container)"
libPVGCodec.so,F:\CONVERT\com.mt.mtxx.mtxx\SOURCE\extracted_native_libs\lib\arm64-v8a\libPVGCodec.so,1283760,4fa5f275c8ddecf7caa960c812108ec9e801365bfe5bc9cf38598233bc449ffc,0xe968c4be,True,64,183,True,True,True,299463148,300746908,1283760,1283760,0xe968c4be,0,True,EXACT_PAYLOAD_MATCH,"None (Fully bounded ELF64, payload verified byte-for-byte with container)"
libPVGColorFunctions.so,F:\CONVERT\com.mt.mtxx.mtxx\SOURCE\extracted_native_libs\lib\arm64-v8a\libPVGColorFunctions.so,380224,3aab7535eefd304fef426efd49c1fee51300261edc766cdc551355c3eebb04e6,0x25949bca,True,64,183,True,True,True,300757484,301137708,380224,380224,0x25949bca,0,True,EXACT_PAYLOAD_MATCH,"None (Fully bounded ELF64, payload verified byte-for-byte with container)"
libPVGImageCodec.so,F:\CONVERT\com.mt.mtxx.mtxx\SOURCE\extracted_native_libs\lib\arm64-v8a\libPVGImageCodec.so,5133080,7745f3a95ec533332c96aff8d8d8c11d18e3011109741562bf3b319d3842fb1b,0x6ff3dc80,True,64,183,True,True,True,301150700,306283780,5133080,5133080,0x6ff3dc80,0,True,EXACT_PAYLOAD_MATCH,"None (Fully bounded ELF64, payload verified byte-for-byte with container)"
libPVGLive.so,F:\CONVERT\com.mt.mtxx.mtxx\SOURCE\extracted_native_libs\lib\arm64-v8a\libPVGLive.so,603200,e443f6a16cb8137d74a1583529666eb02bf4859b372175e2b4c226f6e188484c,0x03aaaf30,True,64,183,True,True,True,306295276,306898476,603200,603200,0x03aaaf30,0,True,EXACT_PAYLOAD_MATCH,"None (Fully bounded ELF64, payload verified byte-for-byte with container)"
libPVGVideoCodec.so,F:\CONVERT\com.mt.mtxx.mtxx\SOURCE\extracted_native_libs\lib\arm64-v8a\libPVGVideoCodec.so,1150016,336cf1e8cdaaac1ad5bf77b96a03ae9ad90527e583c82aea44b05b25e5da4d26,0xfe9af8e5,True,64,183,True,True,True,306901484,308051500,1150016,1150016,0xfe9af8e5,0,True,EXACT_PAYLOAD_MATCH,"None (Fully bounded ELF64, payload verified byte-for-byte with container)"
libVERenderer.so,F:\CONVERT\com.mt.mtxx.mtxx\SOURCE\extracted_native_libs\lib\arm64-v8a\libVERenderer.so,429728,2da896556822804506871c47fadda3fadf8537952e38642e6c496ccbbab8ca46,0xbe692435,True,64,183,True,True,True,308064748,308494476,429728,429728,0xbe692435,0,True,EXACT_PAYLOAD_MATCH,"None (Fully bounded ELF64, payload verified byte-for-byte with container)"
