function_id,rva,reason,visibility
com/meitu/mtlab/PVGLive/PVGGlobal_nativeIsDebug,0x8a3d8,DISASM_ERROR: [Errno 2] No such file or directory: '.ai\\reports\\TASK_038_45SO_DEEP_FUNCTION_XREF_JNI_BRIDGE_RECONSTRUCTION\\functions\\libPVGLive.so\\PSEUDOCODE\\com\\meitu\\mtlab\\PVGLive\\PVGGlobal_nativeIsDebug.c',REGISTER_NATIVES_TARGET
com/meitu/mtlab/PVGLive/PVGGlobal_nativeSetAndroidContext,0x8a3f0,DISASM_ERROR: [Errno 2] No such file or directory: '.ai\\reports\\TASK_038_45SO_DEEP_FUNCTION_XREF_JNI_BRIDGE_RECONSTRUCTION\\functions\\libPVGLive.so\\PSEUDOCODE\\com\\meitu\\mtlab\\PVGLive\\PVGGlobal_nativeSetAndroidContext.c',REGISTER_NATIVES_TARGET
com/meitu/mtlab/PVGLive/PVGGlobal_nativeGetAndroidContext,0x8a414,DISASM_ERROR: [Errno 2] No such file or directory: '.ai\\reports\\TASK_038_45SO_DEEP_FUNCTION_XREF_JNI_BRIDGE_RECONSTRUCTION\\functions\\libPVGLive.so\\PSEUDOCODE\\com\\meitu\\mtlab\\PVGLive\\PVGGlobal_nativeGetAndroidContext.c',REGISTER_NATIVES_TARGET
com/meitu/mtlab/PVGLive/PVGLiveInterface_nativeVersion,0x8a4e4,DISASM_ERROR: [Errno 2] No such file or directory: '.ai\\reports\\TASK_038_45SO_DEEP_FUNCTION_XREF_JNI_BRIDGE_RECONSTRUCTION\\functions\\libPVGLive.so\\PSEUDOCODE\\com\\meitu\\mtlab\\PVGLive\\PVGLiveInterface_nativeVersion.c',REGISTER_NATIVES_TARGET
com/meitu/mtlab/PVGLive/PVGLiveInterface_nativeOpenFile,0x8a520,DISASM_ERROR: [Errno 2] No such file or directory: '.ai\\reports\\TASK_038_45SO_DEEP_FUNCTION_XREF_JNI_BRIDGE_RECONSTRUCTION\\functions\\libPVGLive.so\\PSEUDOCODE\\com\\meitu\\mtlab\\PVGLive\\PVGLiveInterface_nativeOpenFile.c',REGISTER_NATIVES_TARGET
com/meitu/mtlab/PVGLive/PVGLiveInterface_nativeClose,0x8a650,DISASM_ERROR: [Errno 2] No such file or directory: '.ai\\reports\\TASK_038_45SO_DEEP_FUNCTION_XREF_JNI_BRIDGE_RECONSTRUCTION\\functions\\libPVGLive.so\\PSEUDOCODE\\com\\meitu\\mtlab\\PVGLive\\PVGLiveInterface_nativeClose.c',REGISTER_NATIVES_TARGET
com/meitu/mtlab/PVGLive/PVGLiveInterface_nativeIsMotionPhoto,0x8a668,DISASM_ERROR: [Errno 2] No such file or directory: '.ai\\reports\\TASK_038_45SO_DEEP_FUNCTION_XREF_JNI_BRIDGE_RECONSTRUCTION\\functions\\libPVGLive.so\\PSEUDOCODE\\com\\meitu\\mtlab\\PVGLive\\PVGLiveInterface_nativeIsMotionPhoto.c',REGISTER_NATIVES_TARGET
com/meitu/mtlab/PVGLive/PVGLiveInterface_nativeVendor,0x8a698,DISASM_ERROR: [Errno 2] No such file or directory: '.ai\\reports\\TASK_038_45SO_DEEP_FUNCTION_XREF_JNI_BRIDGE_RECONSTRUCTION\\functions\\libPVGLive.so\\PSEUDOCODE\\com\\meitu\\mtlab\\PVGLive\\PVGLiveInterface_nativeVendor.c',REGISTER_NATIVES_TARGET
com/meitu/mtlab/PVGLive/PVGLiveInterface_nativeExtractImageToFile,0x8a6b4,DISASM_ERROR: [Errno 2] No such file or directory: '.ai\\reports\\TASK_038_45SO_DEEP_FUNCTION_XREF_JNI_BRIDGE_RECONSTRUCTION\\functions\\libPVGLive.so\\PSEUDOCODE\\com\\meitu\\mtlab\\PVGLive\\PVGLiveInterface_nativeExtractImageToFile.c',REGISTER_NATIVES_TARGET
com/meitu/mtlab/PVGLive/PVGLiveInterface_nativeExtractVideoToFile,0x8a7b4,DISASM_ERROR: [Errno 2] No such file or directory: '.ai\\reports\\TASK_038_45SO_DEEP_FUNCTION_XREF_JNI_BRIDGE_RECONSTRUCTION\\functions\\libPVGLive.so\\PSEUDOCODE\\com\\meitu\\mtlab\\PVGLive\\PVGLiveInterface_nativeExtractVideoToFile.c',REGISTER_NATIVES_TARGET
com/meitu/mtlab/PVGLive/PVGLiveInterface_nativeSetVendor,0x8a8b4,DISASM_ERROR: [Errno 2] No such file or directory: '.ai\\reports\\TASK_038_45SO_DEEP_FUNCTION_XREF_JNI_BRIDGE_RECONSTRUCTION\\functions\\libPVGLive.so\\PSEUDOCODE\\com\\meitu\\mtlab\\PVGLive\\PVGLiveInterface_nativeSetVendor.c',REGISTER_NATIVES_TARGET
com/meitu/mtlab/PVGLive/PVGLiveInterface_nativeSetImageFile,0x8a8d4,DISASM_ERROR: [Errno 2] No such file or directory: '.ai\\reports\\TASK_038_45SO_DEEP_FUNCTION_XREF_JNI_BRIDGE_RECONSTRUCTION\\functions\\libPVGLive.so\\PSEUDOCODE\\com\\meitu\\mtlab\\PVGLive\\PVGLiveInterface_nativeSetImageFile.c',REGISTER_NATIVES_TARGET
com/meitu/mtlab/PVGLive/PVGLiveInterface_nativeSetVideoFile,0x8a9dc,DISASM_ERROR: [Errno 2] No such file or directory: '.ai\\reports\\TASK_038_45SO_DEEP_FUNCTION_XREF_JNI_BRIDGE_RECONSTRUCTION\\functions\\libPVGLive.so\\PSEUDOCODE\\com\\meitu\\mtlab\\PVGLive\\PVGLiveInterface_nativeSetVideoFile.c',REGISTER_NATIVES_TARGET
com/meitu/mtlab/PVGLive/PVGLiveInterface_nativeSetMetadataInt64,0x8aae4,DISASM_ERROR: [Errno 2] No such file or directory: '.ai\\reports\\TASK_038_45SO_DEEP_FUNCTION_XREF_JNI_BRIDGE_RECONSTRUCTION\\functions\\libPVGLive.so\\PSEUDOCODE\\com\\meitu\\mtlab\\PVGLive\\PVGLiveInterface_nativeSetMetadataInt64.c',REGISTER_NATIVES_TARGET
com/meitu/mtlab/PVGLive/PVGLiveInterface_nativeSetMetadataInt,0x8abe8,DISASM_ERROR: [Errno 2] No such file or directory: '.ai\\reports\\TASK_038_45SO_DEEP_FUNCTION_XREF_JNI_BRIDGE_RECONSTRUCTION\\functions\\libPVGLive.so\\PSEUDOCODE\\com\\meitu\\mtlab\\PVGLive\\PVGLiveInterface_nativeSetMetadataInt.c',REGISTER_NATIVES_TARGET
com/meitu/mtlab/PVGLive/PVGLiveInterface_nativeSetMetadataFloat,0x8acf0,DISASM_ERROR: [Errno 2] No such file or directory: '.ai\\reports\\TASK_038_45SO_DEEP_FUNCTION_XREF_JNI_BRIDGE_RECONSTRUCTION\\functions\\libPVGLive.so\\PSEUDOCODE\\com\\meitu\\mtlab\\PVGLive\\PVGLiveInterface_nativeSetMetadataFloat.c',REGISTER_NATIVES_TARGET
com/meitu/mtlab/PVGLive/PVGLiveInterface_nativeSetMetadataDouble,0x8ae00,DISASM_ERROR: [Errno 2] No such file or directory: '.ai\\reports\\TASK_038_45SO_DEEP_FUNCTION_XREF_JNI_BRIDGE_RECONSTRUCTION\\functions\\libPVGLive.so\\PSEUDOCODE\\com\\meitu\\mtlab\\PVGLive\\PVGLiveInterface_nativeSetMetadataDouble.c',REGISTER_NATIVES_TARGET
com/meitu/mtlab/PVGLive/PVGLiveInterface_nativeSetMetadataString,0x8af10,DISASM_ERROR: [Errno 2] No such file or directory: '.ai\\reports\\TASK_038_45SO_DEEP_FUNCTION_XREF_JNI_BRIDGE_RECONSTRUCTION\\functions\\libPVGLive.so\\PSEUDOCODE\\com\\meitu\\mtlab\\PVGLive\\PVGLiveInterface_nativeSetMetadataString.c',REGISTER_NATIVES_TARGET
com/meitu/mtlab/PVGLive/PVGLiveInterface_nativeEncodeToFile,0x8b078,DISASM_ERROR: [Errno 2] No such file or directory: '.ai\\reports\\TASK_038_45SO_DEEP_FUNCTION_XREF_JNI_BRIDGE_RECONSTRUCTION\\functions\\libPVGLive.so\\PSEUDOCODE\\com\\meitu\\mtlab\\PVGLive\\PVGLiveInterface_nativeEncodeToFile.c',REGISTER_NATIVES_TARGET
com/meitu/mtlab/PVGLive/PVGLiveInterface_nativeEncodeDualOutput,0x8b178,DISASM_ERROR: [Errno 2] No such file or directory: '.ai\\reports\\TASK_038_45SO_DEEP_FUNCTION_XREF_JNI_BRIDGE_RECONSTRUCTION\\functions\\libPVGLive.so\\PSEUDOCODE\\com\\meitu\\mtlab\\PVGLive\\PVGLiveInterface_nativeEncodeDualOutput.c',REGISTER_NATIVES_TARGET
com/meitu/mtlab/PVGLive/PVGLiveInterface_nativeMetadataType,0x8b2ec,DISASM_ERROR: [Errno 2] No such file or directory: '.ai\\reports\\TASK_038_45SO_DEEP_FUNCTION_XREF_JNI_BRIDGE_RECONSTRUCTION\\functions\\libPVGLive.so\\PSEUDOCODE\\com\\meitu\\mtlab\\PVGLive\\PVGLiveInterface_nativeMetadataType.c',REGISTER_NATIVES_TARGET
com/meitu/mtlab/PVGLive/PVGLiveInterface_nativeMetadataInt,0x8b3e0,DISASM_ERROR: [Errno 2] No such file or directory: '.ai\\reports\\TASK_038_45SO_DEEP_FUNCTION_XREF_JNI_BRIDGE_RECONSTRUCTION\\functions\\libPVGLive.so\\PSEUDOCODE\\com\\meitu\\mtlab\\PVGLive\\PVGLiveInterface_nativeMetadataInt.c',REGISTER_NATIVES_TARGET
com/meitu/mtlab/PVGLive/PVGLiveInterface_nativeMetadataInt64,0x8b4d4,DISASM_ERROR: [Errno 2] No such file or directory: '.ai\\reports\\TASK_038_45SO_DEEP_FUNCTION_XREF_JNI_BRIDGE_RECONSTRUCTION\\functions\\libPVGLive.so\\PSEUDOCODE\\com\\meitu\\mtlab\\PVGLive\\PVGLiveInterface_nativeMetadataInt64.c',REGISTER_NATIVES_TARGET
com/meitu/mtlab/PVGLive/PVGLiveInterface_nativeMetadataFloat,0x8b5c8,DISASM_ERROR: [Errno 2] No such file or directory: '.ai\\reports\\TASK_038_45SO_DEEP_FUNCTION_XREF_JNI_BRIDGE_RECONSTRUCTION\\functions\\libPVGLive.so\\PSEUDOCODE\\com\\meitu\\mtlab\\PVGLive\\PVGLiveInterface_nativeMetadataFloat.c',REGISTER_NATIVES_TARGET
com/meitu/mtlab/PVGLive/PVGLiveInterface_nativeMetadataDouble,0x8b6b8,DISASM_ERROR: [Errno 2] No such file or directory: '.ai\\reports\\TASK_038_45SO_DEEP_FUNCTION_XREF_JNI_BRIDGE_RECONSTRUCTION\\functions\\libPVGLive.so\\PSEUDOCODE\\com\\meitu\\mtlab\\PVGLive\\PVGLiveInterface_nativeMetadataDouble.c',REGISTER_NATIVES_TARGET
com/meitu/mtlab/PVGLive/PVGLiveInterface_nativeMetadataString,0x8b7a8,DISASM_ERROR: [Errno 2] No such file or directory: '.ai\\reports\\TASK_038_45SO_DEEP_FUNCTION_XREF_JNI_BRIDGE_RECONSTRUCTION\\functions\\libPVGLive.so\\PSEUDOCODE\\com\\meitu\\mtlab\\PVGLive\\PVGLiveInterface_nativeMetadataString.c',REGISTER_NATIVES_TARGET
com/meitu/mtlab/PVGLive/PVGLiveInterface_nativeMetadataCount,0x8b8b8,DISASM_ERROR: [Errno 2] No such file or directory: '.ai\\reports\\TASK_038_45SO_DEEP_FUNCTION_XREF_JNI_BRIDGE_RECONSTRUCTION\\functions\\libPVGLive.so\\PSEUDOCODE\\com\\meitu\\mtlab\\PVGLive\\PVGLiveInterface_nativeMetadataCount.c',REGISTER_NATIVES_TARGET
com/meitu/mtlab/PVGLive/PVGLiveInterface_nativeMetadataKeyAt,0x8b8d4,DISASM_ERROR: [Errno 2] No such file or directory: '.ai\\reports\\TASK_038_45SO_DEEP_FUNCTION_XREF_JNI_BRIDGE_RECONSTRUCTION\\functions\\libPVGLive.so\\PSEUDOCODE\\com\\meitu\\mtlab\\PVGLive\\PVGLiveInterface_nativeMetadataKeyAt.c',REGISTER_NATIVES_TARGET
com/meitu/mtlab/PVGLive/PVGLiveInterface_nativeIsMotionPhotoFile,0x8b930,DISASM_ERROR: [Errno 2] No such file or directory: '.ai\\reports\\TASK_038_45SO_DEEP_FUNCTION_XREF_JNI_BRIDGE_RECONSTRUCTION\\functions\\libPVGLive.so\\PSEUDOCODE\\com\\meitu\\mtlab\\PVGLive\\PVGLiveInterface_nativeIsMotionPhotoFile.c',REGISTER_NATIVES_TARGET
com/meitu/mtlab/PVGLive/PVGLiveInterface_nativeDetectVendorFile,0x8ba28,DISASM_ERROR: [Errno 2] No such file or directory: '.ai\\reports\\TASK_038_45SO_DEEP_FUNCTION_XREF_JNI_BRIDGE_RECONSTRUCTION\\functions\\libPVGLive.so\\PSEUDOCODE\\com\\meitu\\mtlab\\PVGLive\\PVGLiveInterface_nativeDetectVendorFile.c',REGISTER_NATIVES_TARGET
com/meitu/mtlab/PVGLive/PVGLiveInterface_nativeQuickProbeMotionPhotoFile,0x8bb20,DISASM_ERROR: [Errno 2] No such file or directory: '.ai\\reports\\TASK_038_45SO_DEEP_FUNCTION_XREF_JNI_BRIDGE_RECONSTRUCTION\\functions\\libPVGLive.so\\PSEUDOCODE\\com\\meitu\\mtlab\\PVGLive\\PVGLiveInterface_nativeQuickProbeMotionPhotoFi.c',REGISTER_NATIVES_TARGET
com/meitu/mtlab/PVGLive/PVGLiveInterface_nativeStripLiveVideoMetadataFile,0x8bc18,DISASM_ERROR: [Errno 2] No such file or directory: '.ai\\reports\\TASK_038_45SO_DEEP_FUNCTION_XREF_JNI_BRIDGE_RECONSTRUCTION\\functions\\libPVGLive.so\\PSEUDOCODE\\com\\meitu\\mtlab\\PVGLive\\PVGLiveInterface_nativeStripLiveVideoMetadataF.c',REGISTER_NATIVES_TARGET
