LIBRARY,CALLER_FUNC_ID,CALLER_RVA,CALLEE_FUNC_ID,CALLEE_RVA,CALL_TYPE
libhiai_ir_build.so,libhiai_ir_build::0x659c,0x659c,libhiai_ir_build::0x74c4,0x74c4,DIRECT_BL
libhiai_ir_build.so,libhiai_ir_build::0x662c,0x662c,libhiai_ir_build::0x74e4,0x74e4,DIRECT_BL
libhiai_ir_build.so,libhiai_ir_build::0x662c,0x662c,libhiai_ir_build::0x659c,0x659c,DIRECT_BL
libhiai_ir_build.so,libhiai_ir_build::0x662c,0x662c,libhiai_ir_build::0x659c,0x659c,DIRECT_BL
libhiai_ir_build.so,libhiai_ir_build::0x6ba4,0x6ba4,libhiai_ir_build::0x84c8,0x84c8,DIRECT_BL
libhiai_ir_build.so,libhiai_ir_build::0x6ba4,0x6ba4,libhiai_ir_build::0x659c,0x659c,DIRECT_BL
libhiai_ir_build.so,libhiai_ir_build::0x6ba4,0x6ba4,libhiai_ir_build::0x7f00,0x7f00,DIRECT_BL
libhiai_ir_build.so,libhiai_ir_build::0x6ba4,0x6ba4,libhiai_ir_build::0x9a80,0x9a80,DIRECT_BL
libhiai_ir_build.so,libhiai_ir_build::0x6ba4,0x6ba4,libhiai_ir_build::0x9a80,0x9a80,DIRECT_BL
libhiai_ir_build.so,libhiai_ir_build::0x6ba4,0x6ba4,libhiai_ir_build::0x7340,0x7340,DIRECT_BL
libhiai_ir_build.so,libhiai_ir_build::0x6ba4,0x6ba4,libhiai_ir_build::0x73b8,0x73b8,DIRECT_BL
libhiai_ir_build.so,libhiai_ir_build::0x6ea0,0x6ea0,libhiai_ir_build::0x659c,0x659c,DIRECT_BL
libhiai_ir_build.so,libhiai_ir_build::0x6ea0,0x6ea0,libhiai_ir_build::0x9a80,0x9a80,DIRECT_BL
libhiai_ir_build.so,libhiai_ir_build::0x6ea0,0x6ea0,libhiai_ir_build::0x9390,0x9390,DIRECT_BL
libhiai_ir_build.so,libhiai_ir_build::0x6ea0,0x6ea0,libhiai_ir_build::0x9390,0x9390,DIRECT_BL
libhiai_ir_build.so,libhiai_ir_build::0x6ea0,0x6ea0,libhiai_ir_build::0x9a80,0x9a80,DIRECT_BL
libhiai_ir_build.so,libhiai_ir_build::0x6ea0,0x6ea0,libhiai_ir_build::0x9a80,0x9a80,DIRECT_BL
libhiai_ir_build.so,libhiai_ir_build::0x6ea0,0x6ea0,libhiai_ir_build::0x6ba4,0x6ba4,DIRECT_BL
libhiai_ir_build.so,libhiai_ir_build::0x6ea0,0x6ea0,libhiai_ir_build::0x9a80,0x9a80,DIRECT_BL
libhiai_ir_build.so,libhiai_ir_build::0x7174,0x7174,libhiai_ir_build::0x659c,0x659c,DIRECT_BL
libhiai_ir_build.so,libhiai_ir_build::0x7174,0x7174,libhiai_ir_build::0x7250,0x7250,DIRECT_BL
libhiai_ir_build.so,libhiai_ir_build::0x7174,0x7174,libhiai_ir_build::0x72c8,0x72c8,DIRECT_BL
libhiai_ir_build.so,libhiai_ir_build::0x7250,0x7250,libhiai_ir_build::0x7280,0x7280,DIRECT_BL
libhiai_ir_build.so,libhiai_ir_build::0x72c8,0x72c8,libhiai_ir_build::0x72c8,0x72c8,DIRECT_BL
libhiai_ir_build.so,libhiai_ir_build::0x72c8,0x72c8,libhiai_ir_build::0x72c8,0x72c8,DIRECT_BL
libhiai_ir_build.so,libhiai_ir_build::0x72c8,0x72c8,libhiai_ir_build::0x730c,0x730c,DIRECT_BL
libhiai_ir_build.so,libhiai_ir_build::0x7340,0x7340,libhiai_ir_build::0x7340,0x7340,DIRECT_BL
libhiai_ir_build.so,libhiai_ir_build::0x7340,0x7340,libhiai_ir_build::0x7340,0x7340,DIRECT_BL
libhiai_ir_build.so,libhiai_ir_build::0x7340,0x7340,libhiai_ir_build::0x7384,0x7384,DIRECT_BL
libhiai_ir_build.so,libhiai_ir_build::0x73b8,0x73b8,libhiai_ir_build::0x7428,0x7428,DIRECT_BL
libhiai_ir_build.so,libhiai_ir_build::0x745c,0x745c,libhiai_ir_build::0x9a80,0x9a80,DIRECT_BL
libhiai_ir_build.so,libhiai_ir_build::0x749c,0x749c,libhiai_ir_build::0x745c,0x745c,DIRECT_BL
libhiai_ir_build.so,libhiai_ir_build::0x74c4,0x74c4,libhiai_ir_build::0x74d0,0x74d0,DIRECT_BL
libhiai_ir_build.so,libhiai_ir_build::0x74e4,0x74e4,libhiai_ir_build::0x74c4,0x74c4,DIRECT_BL
libhiai_ir_build.so,libhiai_ir_build::0x74e4,0x74e4,libhiai_ir_build::0x659c,0x659c,DIRECT_BL
libhiai_ir_build.so,libhiai_ir_build::0x74e4,0x74e4,libhiai_ir_build::0x659c,0x659c,DIRECT_BL
libhiai_ir_build.so,libhiai_ir_build::0x74e4,0x74e4,libhiai_ir_build::0x659c,0x659c,DIRECT_BL
libhiai_ir_build.so,libhiai_ir_build::0x7620,0x7620,libhiai_ir_build::0x659c,0x659c,DIRECT_BL
libhiai_ir_build.so,libhiai_ir_build::0x7620,0x7620,libhiai_ir_build::0x9a80,0x9a80,DIRECT_BL
libhiai_ir_build.so,libhiai_ir_build::0x7620,0x7620,libhiai_ir_build::0x9390,0x9390,DIRECT_BL
libhiai_ir_build.so,libhiai_ir_build::0x7620,0x7620,libhiai_ir_build::0x9a80,0x9a80,DIRECT_BL
libhiai_ir_build.so,libhiai_ir_build::0x7620,0x7620,libhiai_ir_build::0x9a80,0x9a80,DIRECT_BL
libhiai_ir_build.so,libhiai_ir_build::0x7620,0x7620,libhiai_ir_build::0x9a80,0x9a80,DIRECT_BL
libhiai_ir_build.so,libhiai_ir_build::0x7620,0x7620,libhiai_ir_build::0x9a80,0x9a80,DIRECT_BL
libhiai_ir_build.so,libhiai_ir_build::0x7620,0x7620,libhiai_ir_build::0x7cfc,0x7cfc,DIRECT_BL
libhiai_ir_build.so,libhiai_ir_build::0x7620,0x7620,libhiai_ir_build::0x7f00,0x7f00,DIRECT_BL
libhiai_ir_build.so,libhiai_ir_build::0x7620,0x7620,libhiai_ir_build::0x659c,0x659c,DIRECT_BL
libhiai_ir_build.so,libhiai_ir_build::0x7620,0x7620,libhiai_ir_build::0x9a80,0x9a80,DIRECT_BL
libhiai_ir_build.so,libhiai_ir_build::0x7620,0x7620,libhiai_ir_build::0x74e4,0x74e4,DIRECT_BL
libhiai_ir_build.so,libhiai_ir_build::0x7620,0x7620,libhiai_ir_build::0x7ca4,0x7ca4,DIRECT_BL
libhiai_ir_build.so,libhiai_ir_build::0x7620,0x7620,libhiai_ir_build::0x9a80,0x9a80,DIRECT_BL
libhiai_ir_build.so,libhiai_ir_build::0x7620,0x7620,libhiai_ir_build::0x7cfc,0x7cfc,DIRECT_BL
libhiai_ir_build.so,libhiai_ir_build::0x7ca4,0x7ca4,libhiai_ir_build::0x9a80,0x9a80,DIRECT_BL
libhiai_ir_build.so,libhiai_ir_build::0x7cfc,0x7cfc,libhiai_ir_build::0x659c,0x659c,DIRECT_BL
libhiai_ir_build.so,libhiai_ir_build::0x7d94,0x7d94,libhiai_ir_build::0x9a80,0x9a80,DIRECT_BL
libhiai_ir_build.so,libhiai_ir_build::0x7d94,0x7d94,libhiai_ir_build::0x9a80,0x9a80,DIRECT_BL
libhiai_ir_build.so,libhiai_ir_build::0x7f00,0x7f00,libhiai_ir_build::0x7d94,0x7d94,DIRECT_BL
libhiai_ir_build.so,libhiai_ir_build::0x7f00,0x7f00,libhiai_ir_build::0x9a80,0x9a80,DIRECT_BL
libhiai_ir_build.so,libhiai_ir_build::0x7f00,0x7f00,libhiai_ir_build::0x9a80,0x9a80,DIRECT_BL
libhiai_ir_build.so,libhiai_ir_build::0x7f00,0x7f00,libhiai_ir_build::0x659c,0x659c,DIRECT_BL
libhiai_ir_build.so,libhiai_ir_build::0x7f00,0x7f00,libhiai_ir_build::0x659c,0x659c,DIRECT_BL
libhiai_ir_build.so,libhiai_ir_build::0x7f00,0x7f00,libhiai_ir_build::0x9390,0x9390,DIRECT_BL
libhiai_ir_build.so,libhiai_ir_build::0x7f00,0x7f00,libhiai_ir_build::0x659c,0x659c,DIRECT_BL
libhiai_ir_build.so,libhiai_ir_build::0x7f00,0x7f00,libhiai_ir_build::0x9a80,0x9a80,DIRECT_BL
libhiai_ir_build.so,libhiai_ir_build::0x7f00,0x7f00,libhiai_ir_build::0x9a80,0x9a80,DIRECT_BL
libhiai_ir_build.so,libhiai_ir_build::0x7f00,0x7f00,libhiai_ir_build::0x659c,0x659c,DIRECT_BL
libhiai_ir_build.so,libhiai_ir_build::0x84d0,0x84d0,libhiai_ir_build::0x659c,0x659c,DIRECT_BL
libhiai_ir_build.so,libhiai_ir_build::0x84d0,0x84d0,libhiai_ir_build::0x659c,0x659c,DIRECT_BL
libhiai_ir_build.so,libhiai_ir_build::0x84d0,0x84d0,libhiai_ir_build::0x659c,0x659c,DIRECT_BL
libhiai_ir_build.so,libhiai_ir_build::0x84d0,0x84d0,libhiai_ir_build::0x88e8,0x88e8,DIRECT_BL
libhiai_ir_build.so,libhiai_ir_build::0x84d0,0x84d0,libhiai_ir_build::0x8978,0x8978,DIRECT_BL
libhiai_ir_build.so,libhiai_ir_build::0x84d0,0x84d0,libhiai_ir_build::0x8ac0,0x8ac0,DIRECT_BL
libhiai_ir_build.so,libhiai_ir_build::0x84d0,0x84d0,libhiai_ir_build::0x8ae8,0x8ae8,DIRECT_BL
libhiai_ir_build.so,libhiai_ir_build::0x84d0,0x84d0,libhiai_ir_build::0x8f2c,0x8f2c,DIRECT_BL
libhiai_ir_build.so,libhiai_ir_build::0x84d0,0x84d0,libhiai_ir_build::0x925c,0x925c,DIRECT_BL
libhiai_ir_build.so,libhiai_ir_build::0x84d0,0x84d0,libhiai_ir_build::0x8ab4,0x8ab4,DIRECT_BL
libhiai_ir_build.so,libhiai_ir_build::0x84d0,0x84d0,libhiai_ir_build::0x8f20,0x8f20,DIRECT_BL
libhiai_ir_build.so,libhiai_ir_build::0x88e8,0x88e8,libhiai_ir_build::0x7428,0x7428,DIRECT_BL
libhiai_ir_build.so,libhiai_ir_build::0x8978,0x8978,libhiai_ir_build::0x8ac0,0x8ac0,DIRECT_BL
libhiai_ir_build.so,libhiai_ir_build::0x8978,0x8978,libhiai_ir_build::0x8ab4,0x8ab4,DIRECT_BL
libhiai_ir_build.so,libhiai_ir_build::0x8ab4,0x8ab4,libhiai_ir_build::0x74d0,0x74d0,DIRECT_BL
libhiai_ir_build.so,libhiai_ir_build::0x8ac0,0x8ac0,libhiai_ir_build::0x8968,0x8968,DIRECT_BL
libhiai_ir_build.so,libhiai_ir_build::0x8ae8,0x8ae8,libhiai_ir_build::0x8ba8,0x8ba8,DIRECT_BL
libhiai_ir_build.so,libhiai_ir_build::0x8ae8,0x8ae8,libhiai_ir_build::0x8c34,0x8c34,DIRECT_BL
libhiai_ir_build.so,libhiai_ir_build::0x8ae8,0x8ae8,libhiai_ir_build::0x8ca8,0x8ca8,DIRECT_BL
libhiai_ir_build.so,libhiai_ir_build::0x8ae8,0x8ae8,libhiai_ir_build::0x8eec,0x8eec,DIRECT_BL
libhiai_ir_build.so,libhiai_ir_build::0x8ba8,0x8ba8,libhiai_ir_build::0x8cf0,0x8cf0,DIRECT_BL
libhiai_ir_build.so,libhiai_ir_build::0x8ba8,0x8ba8,libhiai_ir_build::0x8cf0,0x8cf0,DIRECT_BL
libhiai_ir_build.so,libhiai_ir_build::0x8c34,0x8c34,libhiai_ir_build::0x74e4,0x74e4,DIRECT_BL
libhiai_ir_build.so,libhiai_ir_build::0x8ca8,0x8ca8,libhiai_ir_build::0x8d58,0x8d58,DIRECT_BL
libhiai_ir_build.so,libhiai_ir_build::0x8eec,0x8eec,libhiai_ir_build::0x7384,0x7384,DIRECT_BL
libhiai_ir_build.so,libhiai_ir_build::0x8f20,0x8f20,libhiai_ir_build::0x74d0,0x74d0,DIRECT_BL
libhiai_ir_build.so,libhiai_ir_build::0x8f2c,0x8f2c,libhiai_ir_build::0x8968,0x8968,DIRECT_BL
libhiai_ir_build.so,libhiai_ir_build::0x8f54,0x8f54,libhiai_ir_build::0x91e0,0x91e0,DIRECT_BL
libhiai_ir_build.so,libhiai_ir_build::0x8f54,0x8f54,libhiai_ir_build::0x659c,0x659c,DIRECT_BL
libhiai_ir_build.so,libhiai_ir_build::0x8f54,0x8f54,libhiai_ir_build::0x659c,0x659c,DIRECT_BL
libhiai_ir_build.so,libhiai_ir_build::0x8f54,0x8f54,libhiai_ir_build::0x9104,0x9104,DIRECT_BL
libhiai_ir_build.so,libhiai_ir_build::0x8f54,0x8f54,libhiai_ir_build::0x91b0,0x91b0,DIRECT_BL
libhiai_ir_build.so,libhiai_ir_build::0x8f54,0x8f54,libhiai_ir_build::0x91d4,0x91d4,DIRECT_BL
libhiai_ir_build.so,libhiai_ir_build::0x91b0,0x91b0,libhiai_ir_build::0x921c,0x921c,DIRECT_BL
libhiai_ir_build.so,libhiai_ir_build::0x91d4,0x91d4,libhiai_ir_build::0x74d0,0x74d0,DIRECT_BL
libhiai_ir_build.so,libhiai_ir_build::0x91e0,0x91e0,libhiai_ir_build::0x8968,0x8968,DIRECT_BL
libhiai_ir_build.so,libhiai_ir_build::0x921c,0x921c,libhiai_ir_build::0x7428,0x7428,DIRECT_BL
libhiai_ir_build.so,libhiai_ir_build::0x925c,0x925c,libhiai_ir_build::0x9354,0x9354,DIRECT_BL
libhiai_ir_build.so,libhiai_ir_build::0x925c,0x925c,libhiai_ir_build::0x8f20,0x8f20,DIRECT_BL
libhiai_ir_build.so,libhiai_ir_build::0x9354,0x9354,libhiai_ir_build::0x8f2c,0x8f2c,DIRECT_BL
libhiai_ir_build.so,libhiai_ir_build::0x9354,0x9354,libhiai_ir_build::0x8f20,0x8f20,DIRECT_BL
libhiai_ir_build.so,libhiai_ir_build::0x9a08,0x9a08,libhiai_ir_build::0x9458,0x9458,DIRECT_BL
