FUNCTION_ID,RVA,REASON,RECOMMENDED_ACTION
FN_libhiai_ir_build_000064D0,0x64D0,STRIPPED_NO_XREF,Dynamic trace via Frida at runtime
FN_libhiai_ir_build_00007250,0x7250,STRIPPED_NO_XREF,Dynamic trace via Frida at runtime
FN_libhiai_ir_build_000072C8,0x72C8,STRIPPED_NO_XREF,Dynamic trace via Frida at runtime
FN_libhiai_ir_build_00007340,0x7340,STRIPPED_NO_XREF,Dynamic trace via Frida at runtime
FN_libhiai_ir_build_000073B8,0x73B8,STRIPPED_NO_XREF,Dynamic trace via Frida at runtime
FN_libhiai_ir_build_0000745C,0x745C,STRIPPED_NO_XREF,Dynamic trace via Frida at runtime
FN_libhiai_ir_build_00007D30,0x7D30,STRIPPED_NO_XREF,Dynamic trace via Frida at runtime
FN_libhiai_ir_build_00008158,0x8158,STRIPPED_NO_XREF,Dynamic trace via Frida at runtime
FN_libhiai_ir_build_0000815C,0x815C,STRIPPED_NO_XREF,Dynamic trace via Frida at runtime
FN_libhiai_ir_build_00008180,0x8180,STRIPPED_NO_XREF,Dynamic trace via Frida at runtime
FN_libhiai_ir_build_00008190,0x8190,STRIPPED_NO_XREF,Dynamic trace via Frida at runtime
FN_libhiai_ir_build_00008194,0x8194,STRIPPED_NO_XREF,Dynamic trace via Frida at runtime
FN_libhiai_ir_build_00008464,0x8464,STRIPPED_NO_XREF,Dynamic trace via Frida at runtime
FN_libhiai_ir_build_000088E8,0x88E8,STRIPPED_NO_XREF,Dynamic trace via Frida at runtime
FN_libhiai_ir_build_00008BA8,0x8BA8,STRIPPED_NO_XREF,Dynamic trace via Frida at runtime
FN_libhiai_ir_build_00008CA8,0x8CA8,STRIPPED_NO_XREF,Dynamic trace via Frida at runtime
FN_libhiai_ir_build_00008D58,0x8D58,STRIPPED_NO_XREF,Dynamic trace via Frida at runtime
FN_libhiai_ir_build_00008EEC,0x8EEC,STRIPPED_NO_XREF,Dynamic trace via Frida at runtime
FN_libhiai_ir_build_00009104,0x9104,STRIPPED_NO_XREF,Dynamic trace via Frida at runtime
FN_libhiai_ir_build_000091B0,0x91B0,STRIPPED_NO_XREF,Dynamic trace via Frida at runtime
FN_libhiai_ir_build_0000921C,0x921C,STRIPPED_NO_XREF,Dynamic trace via Frida at runtime
FN_libhiai_ir_build_00009354,0x9354,STRIPPED_NO_XREF,Dynamic trace via Frida at runtime
FN_libhiai_ir_build_00009390,0x9390,STRIPPED_NO_XREF,Dynamic trace via Frida at runtime
FN_libhiai_ir_build_00009458,0x9458,STRIPPED_NO_XREF,Dynamic trace via Frida at runtime
FN_libhiai_ir_build_000099F4,0x99F4,STRIPPED_NO_XREF,Dynamic trace via Frida at runtime
FN_libhiai_ir_build_00009A80,0x9A80,STRIPPED_NO_XREF,Dynamic trace via Frida at runtime
