Address,Size,Type,Binding,Symbol
0x0003fe88,148,STT_FUNC,STB_GLOBAL,ARM_Convert
0x00043148,44,STT_FUNC,STB_GLOBAL,LzmaDec_InitDicAndState
0x00024714,3,STT_OBJECT,STB_GLOBAL,_ZTSPs
0x0008bc30,32,STT_OBJECT,STB_GLOBAL,_ZTIPKDh
0x000389b0,116,STT_FUNC,STB_GLOBAL,_ZN4kwai12leak_monitor10HprofStrip11GetInstanceEv
0x00053520,240,STT_FUNC,STB_WEAK,_ZNKSt6__ndk112__hash_tableINS_17__hash_value_typeINS_17basic_string_viewIcNS_11char_traitsIcEEEEjEENS_22__unordered_map_hasherIS5_S6_NS_4hashIS5_EENS_8equal_toIS5_EELb1EEENS_21__unordered_map_equalIS5_S6_SB_S9_Lb1EEENS_9allocatorIS6_EEE4findIS5_EENS_21__hash_const_iteratorIPNS_11__hash_nodeIS6_PvEEEERKT_
0x000543d4,100,STT_FUNC,STB_WEAK,_ZN8log_timeC2Ei
0x0002471d,3,STT_OBJECT,STB_GLOBAL,_ZTSPt
0x0008be60,32,STT_OBJECT,STB_GLOBAL,_ZTIPKDi
0x0005acdc,136,STT_FUNC,STB_GLOBAL,_ZNSt13runtime_errorC2EPKc
0x0005f124,148,STT_FUNC,STB_WEAK,_ZNSt6__ndk112basic_stringIwNS_11char_traitsIwEENS_9allocatorIwEEE5eraseEmm
0x0003927c,240,STT_FUNC,STB_GLOBAL,_ZN4kwai6linker9ElfReader15LookupByGnuHashEPKc
0x0003e55c,84,STT_FUNC,STB_GLOBAL,File_Read
0x00064438,108,STT_FUNC,STB_GLOBAL,_ZNSt11logic_errorD1Ev
0x000246d2,3,STT_OBJECT,STB_GLOBAL,_ZTSPv
0x0007f210,140,STT_FUNC,STB_GLOBAL,__cxa_current_primary_exception
0x00049670,56,STT_FUNC,STB_GLOBAL,Ppmd7_Free
0x0005c26c,112,STT_FUNC,STB_WEAK,_ZNKSt6__ndk112basic_stringIcNS_11char_traitsIcEENS_9allocatorIcEEE4copyEPcmm
0x0005e804,228,STT_FUNC,STB_WEAK,_ZNSt6__ndk112basic_stringIwNS_11char_traitsIwEENS_9allocatorIwEEEC1ERKS5_mmRKS4_
0x000246f0,3,STT_OBJECT,STB_GLOBAL,_ZTSPw
0x00042748,8,STT_FUNC,STB_GLOBAL,Lzma2Enc_SetDataSize
0x00063fac,20,STT_FUNC,STB_GLOBAL,_ZSt14get_unexpectedv
0x0002474a,3,STT_OBJECT,STB_GLOBAL,_ZTSPx
0x0007ec84,8,STT_FUNC,STB_WEAK,_ZdaPvSt11align_val_tRKSt9nothrow_t
0x0007edc4,36,STT_FUNC,STB_GLOBAL,__cxa_free_exception
0x0005123c,144,STT_FUNC,STB_WEAK,_ZN14FdOutputStream4SendEPKci
0x0005a6f0,8,STT_FUNC,STB_GLOBAL,_ZNSt6__ndk112bad_weak_ptrD2Ev
0x00024587,19,STT_OBJECT,STB_GLOBAL,_ZTSSt14overflow_error
0x0008b730,32,STT_OBJECT,STB_GLOBAL,_ZTIPKDn
0x00024753,3,STT_OBJECT,STB_GLOBAL,_ZTSPy
0x0008b200,56,STT_OBJECT,STB_GLOBAL,_ZTVNSt6__ndk119__shared_weak_countE
0x0005b6a4,440,STT_FUNC,STB_WEAK,_ZNSt6__ndk112basic_stringIcNS_11char_traitsIcEENS_9allocatorIcEEE6insertEmmc
0x000399c8,20,STT_FUNC,STB_WEAK,_ZN4kwai6linker16MemoryElfWrapper7IsValidEv
0x0004fbf4,44,STT_FUNC,STB_GLOBAL,__gnu_basename
0x00198470,8,STT_OBJECT,STB_GLOBAL,g_AesCtr_Code
0x00055abc,280,STT_FUNC,STB_GLOBAL,__android_log_stderr_logger
0x000643d4,16,STT_FUNC,STB_GLOBAL,_ZNKSt9bad_alloc4whatEv
0x0004c1f4,120,STT_FUNC,STB_GLOBAL,XzCheck_Final
0x0003f3f8,152,STT_FUNC,STB_GLOBAL,Aes_SetKey_Dec
0x0004dac4,32,STT_FUNC,STB_GLOBAL,XzUnpacker_IsBlockFinished
0x0004fc20,64,STT_FUNC,STB_GLOBAL,kwai_process_vm_readv
0x0008b480,40,STT_OBJECT,STB_GLOBAL,_ZTVSt12out_of_range
0x0008be10,32,STT_OBJECT,STB_GLOBAL,_ZTIPKDs
0x0003a85c,56,STT_FUNC,STB_WEAK,_ZN4kwai6linker7MapUtil8MapEntryaSERKS2_
0x0003af78,20,STT_FUNC,STB_GLOBAL,SzAlloc
0x0007ec20,8,STT_FUNC,STB_WEAK,_ZnamSt11align_val_t
0x0005c414,160,STT_FUNC,STB_WEAK,_ZNSt6__ndk112basic_stringIcNS_11char_traitsIcEENS_9allocatorIcEEE6__initEmc
0x0003e4c4,8,STT_FUNC,STB_GLOBAL,InFile_Open
0x0005da0c,44,STT_FUNC,STB_WEAK,_ZNSt6__ndk112basic_stringIwNS_11char_traitsIwEENS_9allocatorIwEEEC2ERKS5_
0x0008bdc0,32,STT_OBJECT,STB_GLOBAL,_ZTIPKDu
0x00051ec8,44,STT_FUNC,STB_GLOBAL,android_closeEventTagMap
0x0008b2b0,40,STT_OBJECT,STB_GLOBAL,_ZTVSt9exception
0x000383b8,208,STT_FUNC,STB_GLOBAL,_ZN4kwai12leak_monitor10HprofStrip8HookInitEv
0x0003a11c,228,STT_FUNC,STB_WEAK,_ZN4kwai6linker7MapUtil15GetLoadInfoByDlERKNSt6__ndk112basic_stringIcNS2_11char_traitsIcEENS2_9allocatorIcEEEEPyRS8_
0x0004a8fc,1056,STT_FUNC,STB_GLOBAL,Ppmd7_DecodeSymbol
0x0004c7f0,96,STT_FUNC,STB_GLOBAL,Xz_ParseHeader
0x00024613,36,STT_OBJECT,STB_GLOBAL,_ZTSN10__cxxabiv119__pointer_type_infoE
0x000381ac,276,STT_FUNC,STB_GLOBAL,_ZN4kwai12leak_monitor9HprofDump13ResumeAndWaitEi
0x00055948,20,STT_FUNC,STB_GLOBAL,__android_log_close
0x0005d94c,168,STT_FUNC,STB_WEAK,_ZNSt6__ndk112basic_stringIwNS_11char_traitsIwEENS_9allocatorIwEEE6__initEPKwmm
0x0007f100,228,STT_FUNC,STB_GLOBAL,__cxa_rethrow
0x0004a860,36,STT_FUNC,STB_GLOBAL,Ppmd7z_RangeDec_CreateVTable
0x0005e19c,136,STT_FUNC,STB_WEAK,_ZNKSt6__ndk112basic_stringIwNS_11char_traitsIwEENS_9allocatorIwEEE13find_first_ofEPKwmm
0x0003d5fc,196,STT_FUNC,STB_GLOBAL,DynBuf_Write
0x00040644,116,STT_FUNC,STB_GLOBAL,MatchFinder_Construct
0x0004dbc8,96,STT_FUNC,STB_GLOBAL,XzDecMt_Destroy
0x0004f454,204,STT_FUNC,STB_GLOBAL,XzBlock_ReadHeader
0x00064344,16,STT_FUNC,STB_GLOBAL,_ZNKSt9exception4whatEv
0x0008b500,24,STT_OBJECT,STB_GLOBAL,_ZTISt11range_error
0x0003f8f4,52,STT_FUNC,STB_GLOBAL,Bcj2Dec_Init
0x00049578,248,STT_FUNC,STB_GLOBAL,Ppmd7_Construct
0x0005a74c,36,STT_FUNC,STB_GLOBAL,_ZNSt6__ndk114__shared_count12__add_sharedEv
0x0005e64c,240,STT_FUNC,STB_WEAK,_ZNSt6__ndk112basic_stringIwNS_11char_traitsIwEENS_9allocatorIwEEE6appendEPKwm
0x00064438,108,STT_FUNC,STB_GLOBAL,_ZNSt12out_of_rangeD1Ev
0x0005b898,160,STT_FUNC,STB_WEAK,_ZNSt6__ndk112basic_stringIcNS_11char_traitsIcEENS_9allocatorIcEEE6__initEPKcm
0x000531e8,88,STT_FUNC,STB_WEAK,_ZNSt6__ndk112__hash_tableINS_17__hash_value_typeINS_17basic_string_viewIcNS_11char_traitsIcEEEEjEENS_22__unordered_map_hasherIS5_S6_NS_4hashIS5_EENS_8equal_toIS5_EELb1EEENS_21__unordered_map_equalIS5_S6_SB_S9_Lb1EEENS_9allocatorIS6_EEE21__construct_node_hashINS_4pairIS5_jEEJEEENS_10unique_ptrINS_11__hash_nodeIS6_PvEENS_22__hash_node_destructorINSF_ISO_EEEEEEmOT_DpOT0_
0x0005407c,8,STT_FUNC,STB_GLOBAL,android_log_peek_next
0x0008b380,40,STT_OBJECT,STB_GLOBAL,_ZTVSt13runtime_error
0x0005eb44,296,STT_FUNC,STB_WEAK,_ZNSt6__ndk112basic_stringIwNS_11char_traitsIwEENS_9allocatorIwEEE9__grow_byEmmmmmm
0x000644dc,108,STT_FUNC,STB_GLOBAL,_ZNSt15underflow_errorD2Ev
0x00049734,44,STT_FUNC,STB_GLOBAL,Ppmd7_Init
0x000536d0,72,STT_FUNC,STB_GLOBAL,create_android_log_parser
0x00024330,8,STT_OBJECT,STB_WEAK,_ZNSt6__ndk112basic_stringIwNS_11char_traitsIwEENS_9allocatorIwEEE4nposE
0x000662d0,16,STT_FUNC,STB_GLOBAL,_ZNKSt10bad_typeid4whatEv
0x000541a4,560,STT_FUNC,STB_GLOBAL,_ZN8log_time8strptimeEPKcS1_
0x00060770,212,STT_FUNC,STB_GLOBAL,_ZNSt6__ndk14stoiERKNS_12basic_stringIwNS_11char_traitsIwEENS_9allocatorIwEEEEPmi
0x0005dbf8,24,STT_FUNC,STB_WEAK,_ZNSt6__ndk112basic_stringIwNS_11char_traitsIwEENS_9allocatorIwEEED2Ev
0x000642f8,24,STT_FUNC,STB_GLOBAL,__cxa_deleted_virtual
0x0008c148,40,STT_OBJECT,STB_GLOBAL,_ZTVSt10bad_typeid
0x00023af3,27,STT_OBJECT,STB_WEAK,_ZTSN4kwai6linker10ElfWrapperE
0x0003e6d0,16,STT_FUNC,STB_GLOBAL,FileSeqInStream_CreateVTable
0x00064310,8,STT_FUNC,STB_GLOBAL,_ZNSt9bad_allocD2Ev
0x00194350,8192,STT_OBJECT,STB_GLOBAL,g_CrcTable
0x0004f558,64,STT_FUNC,STB_GLOBAL,Xz_GetPackSize
0x000560e4,112,STT_FUNC,STB_GLOBAL,__android_log_bswrite
0x0005febc,120,STT_FUNC,STB_GLOBAL,_ZNSt6__ndk14stolERKNS_12basic_stringIcNS_11char_traitsIcEENS_9allocatorIcEEEEPmi
0x000642bc,36,STT_FUNC,STB_GLOBAL,__cxa_get_globals_fast
0x0008b3d0,24,STT_OBJECT,STB_GLOBAL,_ZTISt11logic_error
0x00052f50,8,STT_FUNC,STB_WEAK,_ZNSt6__ndk112__hash_tableINS_17__hash_value_typeINS_17basic_string_viewIcNS_11char_traitsIcEEEEjEENS_22__unordered_map_hasherIS5_S6_NS_4hashIS5_EENS_8equal_toIS5_EELb1EEENS_21__unordered_map_equalIS5_S6_SB_S9_Lb1EEENS_9allocatorIS6_EEE16__emplace_uniqueB8ne180000INS_4pairIS5_jEEEENSJ_INS_15__hash_iteratorIPNS_11__hash_nodeIS6_PvEEEEbEEOT_
0x00051f34,64,STT_FUNC,STB_GLOBAL,android_lookupEventFormat_len
0x00055bd4,344,STT_FUNC,STB_GLOBAL,__android_log_logd_logger
0x0008b010,24,STT_OBJECT,STB_WEAK,_ZTINSt6__ndk120__shared_ptr_emplaceIN4kwai6linker16MemoryElfWrapperENS_9allocatorIS3_EEEE
0x0005d02c,84,STT_FUNC,STB_WEAK,_ZNSt6__ndk112basic_stringIcNS_11char_traitsIcEENS_9allocatorIcEEEaSERKS5_
0x000464bc,16,STT_FUNC,STB_GLOBAL,LzmaEnc_GetNumAvailableBytes
0x00053444,24,STT_FUNC,STB_WEAK,_ZNSt6__ndk110unique_ptrIA_PNS_16__hash_node_baseIPNS_11__hash_nodeINS_17__hash_value_typeINS_17basic_string_viewIcNS_11char_traitsIcEEEEjEEPvEEEENS_25__bucket_list_deallocatorINS_9allocatorISD_EEEEE5resetB8ne180000IPSD_TnNS_9enable_ifIXsr28_CheckArrayPointerConversionIT_EE5valueEiE4typeELi0EEEvSN_
0x000644dc,108,STT_FUNC,STB_GLOBAL,_ZNSt13runtime_errorD1Ev
0x0005aa84,148,STT_FUNC,STB_GLOBAL,_ZNSt11logic_errorC1ERKNSt6__ndk112basic_stringIcNS0_11char_traitsIcEENS0_9allocatorIcEEEE
0x00061020,376,STT_FUNC,STB_GLOBAL,_ZNSt6__ndk15stoldERKNS_12basic_stringIwNS_11char_traitsIwEENS_9allocatorIwEEEEPm
0x00064438,108,STT_FUNC,STB_GLOBAL,_ZNSt12length_errorD2Ev
0x0008c120,40,STT_OBJECT,STB_GLOBAL,_ZTVSt8bad_cast
0x0004c278,44,STT_FUNC,STB_GLOBAL,Crc64Calc
0x0005fde8,212,STT_FUNC,STB_GLOBAL,_ZNSt6__ndk14stoiERKNS_12basic_stringIcNS_11char_traitsIcEENS_9allocatorIcEEEEPmi
0x0005b5ec,24,STT_FUNC,STB_WEAK,_ZNSt6__ndk112basic_stringIcNS_11char_traitsIcEENS_9allocatorIcEEED2Ev
0x00048938,220,STT_FUNC,STB_GLOBAL,LzmaEncode
0x0005e804,228,STT_FUNC,STB_WEAK,_ZNSt6__ndk112basic_stringIwNS_11char_traitsIwEENS_9allocatorIwEEEC2ERKS5_mmRKS4_
0x00064580,44,STT_FUNC,STB_GLOBAL,_ZNSt12domain_errorD0Ev
0x00024323,1,STT_OBJECT,STB_GLOBAL,_ZSt7nothrow
0x0008b440,40,STT_OBJECT,STB_GLOBAL,_ZTVSt12length_error
0x0003b18c,880,STT_FUNC,STB_GLOBAL,SzGetNextFolderItem
0x0005b534,184,STT_FUNC,STB_WEAK,_ZNKSt6__ndk112basic_stringIcNS_11char_traitsIcEENS_9allocatorIcEEE16find_last_not_ofEPKcmm
0x00040460,16,STT_FUNC,STB_GLOBAL,MatchFinder_GetNumAvailableBytes
0x000464b8,4,STT_FUNC,STB_GLOBAL,LzmaEnc_Finish
0x00049dc4,48,STT_FUNC,STB_GLOBAL,Ppmd7_UpdateBin
0x000525b4,300,STT_FUNC,STB_WEAK,_ZNSt6__ndk112__hash_tableINS_17__hash_value_typeIjNS_4pairINS_17basic_string_viewIcNS_11char_traitsIcEEEES6_EEEENS_22__unordered_map_hasherIjS8_NS_4hashIjEENS_8equal_toIjEELb1EEENS_21__unordered_map_equalIjS8_SD_SB_Lb1EEENS_9allocatorIS8_EEE11__do_rehashILb1EEEvm
0x00054444,496,STT_FUNC,STB_GLOBAL,SendLogdControlMessage
0x000567a4,388,STT_FUNC,STB_GLOBAL,android_log_addFilterRule
0x0006465c,44,STT_FUNC,STB_GLOBAL,_ZNSt14overflow_errorD0Ev
0x0008c1a0,24,STT_OBJECT,STB_GLOBAL,_ZTISt8bad_cast
0x00023ad2,33,STT_OBJECT,STB_WEAK,_ZTSN4kwai6linker16MemoryElfWrapperE
0x00042e00,72,STT_FUNC,STB_GLOBAL,Lzma86_GetUnpackSize
0x0004c43c,164,STT_FUNC,STB_GLOBAL,BraState_SetFromMethod
0x0005a724,16,STT_FUNC,STB_GLOBAL,_ZNKSt6__ndk112bad_weak_ptr4whatEv
0x000643fc,44,STT_FUNC,STB_GLOBAL,_ZNSt20bad_array_new_lengthD0Ev
0x00037c10,140,STT_FUNC,STB_GLOBAL,_ZN4kwai12leak_monitor9HprofDump11GetInstanceEv
0x0004fdd0,40,STT_FUNC,STB_GLOBAL,kwai__system_property_area_serial
0x0008b518,40,STT_OBJECT,STB_GLOBAL,_ZTVSt14overflow_error
0x0005a820,124,STT_FUNC,STB_GLOBAL,_ZNSt6__ndk119__shared_weak_count16__release_sharedEv
0x0005aa84,148,STT_FUNC,STB_GLOBAL,_ZNSt11logic_errorC2ERKNSt6__ndk112basic_stringIcNS0_11char_traitsIcEENS0_9allocatorIcEEEE
0x00062aec,440,STT_FUNC,STB_GLOBAL,_ZNSt6__ndk19to_stringEd
0x0004ca24,60,STT_FUNC,STB_GLOBAL,XzUnpacker_Construct
0x0003e898,72,STT_FUNC,STB_GLOBAL,LookInStream_SeekTo
0x00049984,172,STT_FUNC,STB_GLOBAL,Ppmd7_Update1
0x0005aa4c,56,STT_FUNC,STB_GLOBAL,_ZSt17__throw_bad_allocv
0x00062ca4,432,STT_FUNC,STB_GLOBAL,_ZNSt6__ndk19to_stringEe
0x0003aabc,72,STT_FUNC,STB_WEAK,_ZN4kwai6linker7MapUtil6GetValIjEEbRNS1_8MapEntryEmPT_
0x00049df4,88,STT_FUNC,STB_GLOBAL,Ppmd7_Update2
0x00059530,496,STT_FUNC,STB_GLOBAL,__android_log_pmsg_file_write
0x000608bc,392,STT_FUNC,STB_GLOBAL,_ZNSt6__ndk15stoulERKNS_12basic_stringIwNS_11char_traitsIwEENS_9allocatorIwEEEEPmi
0x00062930,444,STT_FUNC,STB_GLOBAL,_ZNSt6__ndk19to_stringEf
0x00040df0,148,STT_FUNC,STB_GLOBAL,Bt3Zip_MatchFinder_Skip
0x00064310,8,STT_FUNC,STB_GLOBAL,_ZNSt13bad_exceptionD2Ev
0x00024637,37,STT_OBJECT,STB_GLOBAL,_ZTSN10__cxxabiv120__function_type_infoE
0x00037da4,792,STT_FUNC,STB_GLOBAL,_ZN4kwai12leak_monitor9HprofDump10InitializeEv
0x00194340,4,STT_OBJECT,STB_GLOBAL,_ZN4kwai6linker5DlFcn12android_api_E
0x0004095c,40,STT_FUNC,STB_GLOBAL,MatchFinder_Init_HighHash
0x0005cc30,80,STT_FUNC,STB_WEAK,_ZNSt6__ndk112basic_stringIcNS_11char_traitsIcEENS_9allocatorIcEEE6appendERKS5_mm
0x0006037c,328,STT_FUNC,STB_GLOBAL,_ZNSt6__ndk14stofERKNS_12basic_stringIcNS_11char_traitsIcEENS_9allocatorIcEEEEPm
0x0008b610,24,STT_OBJECT,STB_GLOBAL,_ZTIN10__cxxabiv129__pointer_to_member_type_infoE
0x00053ab0,8,STT_FUNC,STB_GLOBAL,android_log_write_string8
0x0005f4c0,208,STT_FUNC,STB_WEAK,_ZNKSt6__ndk112basic_stringIwNS_11char_traitsIwEENS_9allocatorIwEEE7compareEmmPKw
0x0005f994,232,STT_FUNC,STB_WEAK,_ZNSt6__ndk112basic_stringIwNS_11char_traitsIwEENS_9allocatorIwEEE6appendEPKw
0x00061198,304,STT_FUNC,STB_GLOBAL,_ZNSt6__ndk19to_stringEi
0x00052474,96,STT_FUNC,STB_WEAK,_ZNSt6__ndk112__hash_tableINS_17__hash_value_typeIjNS_4pairINS_17basic_string_viewIcNS_11char_traitsIcEEEES6_EEEENS_22__unordered_map_hasherIjS8_NS_4hashIjEENS_8equal_toIjEELb1EEENS_21__unordered_map_equalIjS8_SD_SB_Lb1EEENS_9allocatorIS8_EEE21__construct_node_hashINS2_IjS7_EEJEEENS_10unique_ptrINS_11__hash_nodeIS8_PvEENS_22__hash_node_destructorINSH_ISP_EEEEEEmOT_DpOT0_
0x00061710,188,STT_FUNC,STB_GLOBAL,_ZNSt6__ndk19to_stringEj
0x0008b260,40,STT_OBJECT,STB_GLOBAL,_ZTVSt9bad_alloc
0x0003ecd0,416,STT_FUNC,STB_GLOBAL,AesGenTables
0x0004febc,116,STT_FUNC,STB_GLOBAL,_ZN9prop_infoC1EPKcjj
0x000612c8,548,STT_FUNC,STB_GLOBAL,_ZNSt6__ndk19to_stringEl
0x0008b4c0,40,STT_OBJECT,STB_GLOBAL,_ZTVSt11range_error
0x00064310,8,STT_FUNC,STB_GLOBAL,_ZNSt9exceptionD2Ev
0x000617cc,452,STT_FUNC,STB_GLOBAL,_ZNSt6__ndk19to_stringEm
0x000661fc,44,STT_FUNC,STB_GLOBAL,_ZNSt9type_infoD0Ev
0x0007ee2c,132,STT_FUNC,STB_GLOBAL,__cxa_throw
0x000643e4,24,STT_FUNC,STB_GLOBAL,_ZNSt20bad_array_new_lengthC1Ev
0x0003d5f4,8,STT_FUNC,STB_GLOBAL,DynBuf_SeekToBeg
0x00044de0,316,STT_FUNC,STB_GLOBAL,LzmaDec_DecodeToBuf
0x00050e4c,272,STT_FUNC,STB_GLOBAL,async_safe_fatal_va_list
0x0005ff34,364,STT_FUNC,STB_GLOBAL,_ZNSt6__ndk15stoulERKNS_12basic_stringIcNS_11char_traitsIcEENS_9allocatorIcEEEEPmi
0x00060a44,392,STT_FUNC,STB_GLOBAL,_ZNSt6__ndk15stollERKNS_12basic_stringIwNS_11char_traitsIwEENS_9allocatorIwEEEEPmi
0x000662e0,1528,STT_FUNC,STB_GLOBAL,__cxa_demangle
0x0008b8a0,32,STT_OBJECT,STB_GLOBAL,_ZTIPa
0x0008bff8,24,STT_OBJECT,STB_GLOBAL,_ZTIN10__cxxabiv120__si_class_type_infoE
0x0003a620,156,STT_FUNC,STB_WEAK,_ZZN4kwai6linker7MapUtil17GetLoadInfoByMapsERKNSt6__ndk112basic_stringIcNS2_11char_traitsIcEENS2_9allocatorIcEEEEPyRS8_ENKUlPcRNS1_8MapEntryERiE_clESD_SF_SG_
0x0003a710,332,STT_FUNC,STB_WEAK,_ZN4kwai6linker7MapUtil12ReadLoadBiasERNS1_8MapEntryEPy
0x0005c59c,292,STT_FUNC,STB_WEAK,_ZNSt6__ndk112basic_stringIcNS_11char_traitsIcEENS_9allocatorIcEEE9__grow_byEmmmmmm
0x0008b760,32,STT_OBJECT,STB_GLOBAL,_ZTIPb
0x000459fc,60,STT_FUNC,STB_GLOBAL,LzmaEnc_Create
0x00055ff8,80,STT_FUNC,STB_GLOBAL,__android_log_security_bwrite
0x0008b800,32,STT_OBJECT,STB_GLOBAL,_ZTIPc
0x0003d6c0,56,STT_FUNC,STB_GLOBAL,DynBuf_Free
0x0004f644,96,STT_FUNC,STB_GLOBAL,Xzs_GetUnpackSize
0x0008bcb0,32,STT_OBJECT,STB_GLOBAL,_ZTIPd
0x0003936c,176,STT_FUNC,STB_GLOBAL,_ZN4kwai6linker9ElfReader15LookupByElfHashEPKc
0x00053478,168,STT_FUNC,STB_WEAK,_ZNKSt6__ndk112__hash_tableINS_17__hash_value_typeIjNS_4pairINS_17basic_string_viewIcNS_11char_traitsIcEEEES6_EEEENS_22__unordered_map_hasherIjS8_NS_4hashIjEENS_8equal_toIjEELb1EEENS_21__unordered_map_equalIjS8_SD_SB_Lb1EEENS_9allocatorIS8_EEE4findIjEENS_21__hash_const_iteratorIPNS_11__hash_nodeIS8_PvEEEERKT_
0x0008bd00,32,STT_OBJECT,STB_GLOBAL,_ZTIPe
0x000557ac,16,STT_FUNC,STB_GLOBAL,android_logger_list_alloc_time
0x0008b358,40,STT_OBJECT,STB_GLOBAL,_ZTVSt11logic_error
0x0008bc60,32,STT_OBJECT,STB_GLOBAL,_ZTIPf
0x000404e0,52,STT_FUNC,STB_GLOBAL,MatchFinder_NeedMove
0x00049d5c,104,STT_FUNC,STB_GLOBAL,Ppmd7_Update1_0
0x0005d24c,60,STT_FUNC,STB_WEAK,_ZNSt6__ndk112basic_stringIcNS_11char_traitsIcEENS_9allocatorIcEEE6appendEPKc
0x00066240,8,STT_FUNC,STB_GLOBAL,_ZNSt8bad_castD1Ev
0x0008bd50,32,STT_OBJECT,STB_GLOBAL,_ZTIPg
0x00024828,38,STT_OBJECT,STB_GLOBAL,_ZTSN10__cxxabiv121__vmi_class_type_infoE
0x0005a7d8,36,STT_FUNC,STB_GLOBAL,_ZNSt6__ndk119__shared_weak_count12__add_sharedEv
0x0008b850,32,STT_OBJECT,STB_GLOBAL,_ZTIPh
0x000486c8,88,STT_FUNC,STB_GLOBAL,LzmaEnc_Encode
0x0008b990,32,STT_OBJECT,STB_GLOBAL,_ZTIPi
0x0007eb54,148,STT_FUNC,STB_WEAK,_ZnwmSt11align_val_t
0x0003d780,24,STT_FUNC,STB_GLOBAL,CrcUpdate
0x0004fdf8,52,STT_FUNC,STB_GLOBAL,kwai__system_property_serial
0x0004fe54,104,STT_FUNC,STB_GLOBAL,_ZN9prop_infoC1EPKcjS1_j
0x0005a73c,8,STT_FUNC,STB_GLOBAL,_ZNSt6__ndk114__shared_countD0Ev
0x000600a0,364,STT_FUNC,STB_GLOBAL,_ZNSt6__ndk15stollERKNS_12basic_stringIcNS_11char_traitsIcEENS_9allocatorIcEEEEPmi
0x000614ec,548,STT_FUNC,STB_GLOBAL,_ZNSt6__ndk19to_stringEx
0x0006629c,8,STT_FUNC,STB_GLOBAL,_ZNSt10bad_typeidD2Ev
0x0008b9e0,32,STT_OBJECT,STB_GLOBAL,_ZTIPj
0x0003af8c,8,STT_FUNC,STB_GLOBAL,SzFree
0x00040490,80,STT_FUNC,STB_GLOBAL,MatchFinder_MoveBlock
0x0005c97c,80,STT_FUNC,STB_WEAK,_ZNKSt6__ndk112basic_stringIcNS_11char_traitsIcEENS_9allocatorIcEEE5rfindEcm
0x00061990,452,STT_FUNC,STB_GLOBAL,_ZNSt6__ndk19to_stringEy
0x0008b060,24,STT_OBJECT,STB_WEAK,_ZTIN4kwai6linker16MemoryElfWrapperE
0x0003da50,2348,STT_FUNC,STB_GLOBAL,SzAr_DecodeFolder
0x0005209c,24,STT_FUNC,STB_WEAK,_ZN7android6RWLockD2Ev
0x000559ec,140,STT_FUNC,STB_GLOBAL,__android_log_set_default_tag
0x0008ba30,32,STT_OBJECT,STB_GLOBAL,_ZTIPl
0x0008bed0,56,STT_OBJECT,STB_GLOBAL,_ZTVN10__cxxabiv120__function_type_infoE
0x00039a40,140,STT_FUNC,STB_GLOBAL,_ZN4kwai6linker5DlFcn8init_apiEv
0x0008ba80,32,STT_OBJECT,STB_GLOBAL,_ZTIPm
0x0003e5b0,84,STT_FUNC,STB_GLOBAL,File_Write
0x0004c850,428,STT_FUNC,STB_GLOBAL,XzBlock_Parse
0x0005a734,8,STT_FUNC,STB_GLOBAL,_ZNSt6__ndk119__shared_weak_countD1Ev
0x0008bb70,32,STT_OBJECT,STB_GLOBAL,_ZTIPn
0x0004db04,48,STT_FUNC,STB_GLOBAL,XzUnpacker_GetExtraSize
0x0004fd98,56,STT_FUNC,STB_GLOBAL,kwai__system_property_wait
0x00024543,17,STT_OBJECT,STB_GLOBAL,_ZTSSt12length_error
0x0008bbc0,32,STT_OBJECT,STB_GLOBAL,_ZTIPo
0x00053c48,100,STT_FUNC,STB_GLOBAL,android_log_write_list_buffer
0x0005d528,472,STT_FUNC,STB_WEAK,_ZNSt6__ndk112basic_stringIwNS_11char_traitsIwEENS_9allocatorIwEEE7replaceEmmPKwm
0x00064438,108,STT_FUNC,STB_GLOBAL,_ZNSt16invalid_argumentD1Ev
0x0005b3fc,44,STT_FUNC,STB_WEAK,_ZNSt6__ndk112basic_stringIcNS_11char_traitsIcEENS_9allocatorIcEEEC1ERKS5_
0x0008c0b0,56,STT_OBJECT,STB_GLOBAL,_ZTVN10__cxxabiv119__pointer_type_infoE
0x0007eaec,56,STT_FUNC,STB_WEAK,_ZnamRKSt9nothrow_t
0x00037c9c,40,STT_FUNC,STB_WEAK,_ZN4kwai12leak_monitor9HprofDumpD2Ev
0x00039e20,52,STT_FUNC,STB_GLOBAL,_ZN4kwai6linker5DlFcn7dlcloseEPv
0x0003d7d0,36,STT_FUNC,STB_GLOBAL,CrcUpdateT1
0x00040028,140,STT_FUNC,STB_GLOBAL,PPC_Convert
0x00042224,316,STT_FUNC,STB_GLOBAL,Lzma2Dec_DecodeToBuf
0x0004ee18,104,STT_FUNC,STB_GLOBAL,Xz_EncodeEmpty
0x000451fc,288,STT_FUNC,STB_GLOBAL,LzmaDecode
0x0004fcec,172,STT_FUNC,STB_GLOBAL,kwai__system_property_read_callback
0x00058b8c,44,STT_FUNC,STB_GLOBAL,PmsgClose
0x00066228,24,STT_FUNC,STB_GLOBAL,_ZNSt8bad_castC2Ev
0x0008b660,56,STT_OBJECT,STB_GLOBAL,_ZTVN10__cxxabiv123__fundamental_type_infoE
0x0008b8f0,32,STT_OBJECT,STB_GLOBAL,_ZTIPs
0x0003d8a0,176,STT_FUNC,STB_GLOBAL,CrcUpdateT4
0x00050fe8,160,STT_FUNC,STB_GLOBAL,async_safe_fatal_no_abort
0x0008b940,32,STT_OBJECT,STB_GLOBAL,_ZTIPt
0x00042750,72,STT_FUNC,STB_GLOBAL,Lzma2Enc_WriteProperties
0x00054b64,212,STT_FUNC,STB_GLOBAL,android_logger_set_prune_list
0x0005acdc,136,STT_FUNC,STB_GLOBAL,_ZNSt13runtime_errorC1EPKc
0x0007ec8c,12,STT_FUNC,STB_WEAK,_ZdaPvmSt11align_val_t
0x0004ed80,152,STT_FUNC,STB_GLOBAL,Xz_Encode
0x0005a6f8,44,STT_FUNC,STB_GLOBAL,_ZNSt6__ndk112bad_weak_ptrD0Ev
0x0008b6c0,32,STT_OBJECT,STB_GLOBAL,_ZTIPv
0x0005b4b4,84,STT_FUNC,STB_WEAK,_ZNSt6__ndk112basic_stringIcNS_11char_traitsIcEENS_9allocatorIcEEE7replaceEmmPKc
0x0008b7b0,32,STT_OBJECT,STB_GLOBAL,_ZTIPw
0x0003d950,256,STT_FUNC,STB_GLOBAL,CrcUpdateT8
0x00044f1c,52,STT_FUNC,STB_GLOBAL,LzmaDec_FreeProbs
0x00051f74,24,STT_FUNC,STB_WEAK,_ZN7android6RWLock9writeLockEv
0x0005574c,8,STT_FUNC,STB_GLOBAL,android_logger_get_id
0x0008bad0,32,STT_OBJECT,STB_GLOBAL,_ZTIPx
0x000397f8,44,STT_FUNC,STB_WEAK,_ZNSt6__ndk118__allocation_guardINS_9allocatorINS_20__shared_ptr_emplaceIN4kwai6linker16MemoryElfWrapperENS1_IS5_EEEEEEEC2B8ne180000IS6_EET_m
0x0008b2e8,40,STT_OBJECT,STB_GLOBAL,_ZTVSt13bad_exception
0x0008bb20,32,STT_OBJECT,STB_GLOBAL,_ZTIPy
0x0005f5d8,8,STT_FUNC,STB_WEAK,_ZNSt6__ndk112basic_stringIwNS_11char_traitsIwEENS_9allocatorIwEEE6assignEPKw
0x0002485b,12,STT_OBJECT,STB_GLOBAL,_ZTSSt8bad_cast
0x0007f7b8,552,STT_FUNC,STB_GLOBAL,__gxx_personality_v0
0x00040164,244,STT_FUNC,STB_GLOBAL,IA64_Convert
0x00053968,92,STT_FUNC,STB_GLOBAL,android_log_write_int64
0x00063e20,168,STT_FUNC,STB_GLOBAL,__cxa_guard_release
0x00038ce0,124,STT_FUNC,STB_GLOBAL,_ZN4kwai6linker9ElfReaderC2ENSt6__ndk110shared_ptrINS0_10ElfWrapperEEE
0x00040984,76,STT_FUNC,STB_GLOBAL,MatchFinder_Init_3
0x0005595c,144,STT_FUNC,STB_GLOBAL,_Z13GetDefaultTagv
0x0005c21c,80,STT_FUNC,STB_WEAK,_ZNSt6__ndk112basic_stringIcNS_11char_traitsIcEENS_9allocatorIcEEE6assignERKS5_mm
0x0007ec70,12,STT_FUNC,STB_WEAK,_ZdlPvmSt11align_val_t
0x00045108,244,STT_FUNC,STB_GLOBAL,LzmaDec_Allocate
0x00053ba0,168,STT_FUNC,STB_GLOBAL,android_log_write_list
0x0007ec7c,8,STT_FUNC,STB_WEAK,_ZdaPvSt11align_val_t
0x00040734,524,STT_FUNC,STB_GLOBAL,MatchFinder_Create
0x000458a8,8,STT_FUNC,STB_GLOBAL,LzmaEnc_SetDataSize
0x0005d4d8,80,STT_FUNC,STB_WEAK,_ZNSt6__ndk112basic_stringIcNS_11char_traitsIcEENS_9allocatorIcEEE6insertEmRKS5_mm
0x0003e65c,116,STT_FUNC,STB_GLOBAL,File_GetLength
0x0004ca18,12,STT_FUNC,STB_GLOBAL,XzUnpacker_SetOutBuf
0x0004f614,48,STT_FUNC,STB_GLOBAL,Xzs_GetNumBlocks
0x0005a7fc,36,STT_FUNC,STB_GLOBAL,_ZNSt6__ndk119__shared_weak_count10__add_weakEv
0x0005e790,116,STT_FUNC,STB_WEAK,_ZNKSt6__ndk112basic_stringIwNS_11char_traitsIwEENS_9allocatorIwEEE4copyEPwmm
0x00064264,36,STT_FUNC,STB_GLOBAL,_ZSt15set_new_handlerPFvvE
0x0003aef8,76,STT_FUNC,STB_WEAK,_ZNSt6__ndk120__shared_ptr_emplaceIN4kwai6linker14FileElfWrapperENS_9allocatorIS3_EEEC2B8ne180000IJPKcES5_TnNS_9enable_ifIXntsr7is_sameINT0_10value_typeENS_19__for_overwrite_tagEEE5valueEiE4typeELi0EEES5_DpOT_
0x0004c26c,12,STT_FUNC,STB_GLOBAL,Crc64Update
0x0005efb0,372,STT_FUNC,STB_WEAK,_ZNSt6__ndk112basic_stringIwNS_11char_traitsIwEENS_9allocatorIwEEE6assignEmw
0x00064298,36,STT_FUNC,STB_GLOBAL,__cxa_get_globals
0x0005842c,256,STT_FUNC,STB_GLOBAL,android_log_printLogLine
0x0008b580,24,STT_OBJECT,STB_GLOBAL,_ZTISt15underflow_error
0x00038a24,92,STT_FUNC,STB_GLOBAL,_ZN4kwai12leak_monitor10HprofStripC1Ev
0x0003e9e4,60,STT_FUNC,STB_GLOBAL,LookToRead2_CreateVTable
0x0004e258,120,STT_FUNC,STB_GLOBAL,XzEnc_Create
0x00038ce0,124,STT_FUNC,STB_GLOBAL,_ZN4kwai6linker9ElfReaderC1ENSt6__ndk110shared_ptrINS0_10ElfWrapperEEE
0x0004500c,100,STT_FUNC,STB_GLOBAL,LzmaDec_AllocateProbs
0x0004f6a4,1248,STT_FUNC,STB_GLOBAL,Xzs_ReadBackward
0x0004e4a4,116,STT_FUNC,STB_GLOBAL,XzEnc_Destroy
0x000504a8,1260,STT_FUNC,STB_GLOBAL,async_safe_format_fd_va_list
0x000557bc,72,STT_FUNC,STB_GLOBAL,android_logger_open
0x0007ff6c,544,STT_FUNC,STB_GLOBAL,__cxa_call_unexpected
0x0008b468,24,STT_OBJECT,STB_GLOBAL,_ZTISt12length_error
0x0004318c,836,STT_FUNC,STB_GLOBAL,LzmaDec_DecodeToDic
0x0003e704,24,STT_FUNC,STB_GLOBAL,FileInStream_CreateVTable
0x00054ff8,280,STT_FUNC,STB_WEAK,_ZN7android4base8ParseIntIlEEbPKcPT_S4_S4_
0x0005b508,44,STT_FUNC,STB_WEAK,_ZNSt6__ndk112basic_stringIcNS_11char_traitsIcEENS_9allocatorIcEEEC2ERKS5_RKS4_
0x0005f254,292,STT_FUNC,STB_WEAK,_ZNSt6__ndk112basic_stringIwNS_11char_traitsIwEENS_9allocatorIwEEE6appendERKS5_mm
0x00064688,44,STT_FUNC,STB_GLOBAL,_ZNSt15underflow_errorD0Ev
0x0004bdec,180,STT_FUNC,STB_GLOBAL,Sha256_Final
0x0005a770,104,STT_FUNC,STB_GLOBAL,_ZNSt6__ndk114__shared_count16__release_sharedEv
0x0004dc28,32,STT_FUNC,STB_GLOBAL,XzStatInfo_Clear
0x0007ef48,260,STT_FUNC,STB_GLOBAL,__cxa_end_catch
0x0004e554,1588,STT_FUNC,STB_GLOBAL,XzEnc_Encode
0x0008b4e8,24,STT_OBJECT,STB_GLOBAL,_ZTISt13runtime_error
0x00024867,15,STT_OBJECT,STB_GLOBAL,_ZTSSt10bad_typeid
0x00024773,5,STT_OBJECT,STB_GLOBAL,_ZTSPKDh
0x0003f790,4,STT_FUNC,STB_GLOBAL,AesCbc_Encode_Intel
0x000562e4,104,STT_FUNC,STB_GLOBAL,android_log_shouldPrintLine
0x00058bb8,1632,STT_FUNC,STB_GLOBAL,__android_log_pmsg_file_read
0x0005db1c,44,STT_FUNC,STB_WEAK,_ZNSt6__ndk112basic_stringIwNS_11char_traitsIwEENS_9allocatorIwEEEC2ERKS5_RKS4_
0x000247bb,5,STT_OBJECT,STB_GLOBAL,_ZTSPKDi
0x0007ef3c,12,STT_FUNC,STB_GLOBAL,__cxa_get_exception_ptr
0x000643a8,44,STT_FUNC,STB_GLOBAL,_ZNSt9bad_allocD0Ev
0x0007ea3c,112,STT_FUNC,STB_WEAK,_Znwm
0x00040fdc,144,STT_FUNC,STB_GLOBAL,MatchFinder_CreateVTable
0x00056048,156,STT_FUNC,STB_GLOBAL,__android_log_btwrite
0x0005d718,368,STT_FUNC,STB_WEAK,_ZNSt6__ndk112basic_stringIwNS_11char_traitsIwEENS_9allocatorIwEEE21__grow_by_and_replaceEmmmmmmPKw
0x0006060c,356,STT_FUNC,STB_GLOBAL,_ZNSt6__ndk15stoldERKNS_12basic_stringIcNS_11char_traitsIcEENS_9allocatorIcEEEEPm
0x000644dc,108,STT_FUNC,STB_GLOBAL,_ZNSt11range_errorD2Ev
0x00198460,8,STT_OBJECT,STB_GLOBAL,g_AesCbc_Encode
0x00040a54,32,STT_FUNC,STB_GLOBAL,MatchFinder_Normalize3
0x0004c0b0,56,STT_FUNC,STB_GLOBAL,Xz_WriteVarInt
0x0002476c,3,STT_OBJECT,STB_GLOBAL,_ZTSDh
0x0007ec28,56,STT_FUNC,STB_WEAK,_ZnamSt11align_val_tRKSt9nothrow_t
0x00044f98,116,STT_FUNC,STB_GLOBAL,LzmaProps_Decode
0x00049520,88,STT_FUNC,STB_GLOBAL,LzmaUncompress
0x0004e228,8,STT_FUNC,STB_GLOBAL,XzFilterProps_Init
0x000247b4,3,STT_OBJECT,STB_GLOBAL,_ZTSDi
0x0004c0e8,12,STT_FUNC,STB_GLOBAL,Xz_Construct
0x00050f5c,140,STT_FUNC,STB_WEAK,_ZN18BufferOutputStream4SendEPKci
0x00056414,224,STT_FUNC,STB_GLOBAL,android_log_setPrintFormat
0x000246e0,5,STT_OBJECT,STB_GLOBAL,_ZTSPKDn
0x0007eb44,8,STT_FUNC,STB_WEAK,_ZdaPvRKSt9nothrow_t
0x0005a954,12,STT_FUNC,STB_GLOBAL,_ZNKSt6__ndk119__shared_weak_count13__get_deleterERKSt9type_info
0x00023b63,31,STT_OBJECT,STB_WEAK,_ZTSN4kwai6linker14FileElfWrapperE
0x0003d74c,52,STT_FUNC,STB_GLOBAL,Buf_Free
0x000645d8,44,STT_FUNC,STB_GLOBAL,_ZNSt12length_errorD0Ev
0x00054a38,8,STT_FUNC,STB_GLOBAL,android_logger_get_log_version
0x00064438,108,STT_FUNC,STB_GLOBAL,_ZNSt11logic_errorD2Ev
0x0003a200,664,STT_FUNC,STB_WEAK,_ZN4kwai6linker7MapUtil17GetLoadInfoByMapsERKNSt6__ndk112basic_stringIcNS2_11char_traitsIcEENS2_9allocatorIcEEEEPyRS8_
0x00040458,8,STT_FUNC,STB_GLOBAL,MatchFinder_GetPointerToCurrentPos
0x00045d00,140,STT_FUNC,STB_GLOBAL,LzmaEnc_InitPrices
0x000496a8,140,STT_FUNC,STB_GLOBAL,Ppmd7_Alloc
0x00059274,56,STT_FUNC,STB_GLOBAL,_Z9PmsgClosev
0x00057774,3256,STT_FUNC,STB_GLOBAL,android_log_formatLogLine
0x0005aba0,56,STT_FUNC,STB_GLOBAL,_ZNSt11logic_errorC1ERKS_
0x0005f590,72,STT_FUNC,STB_WEAK,_ZNSt6__ndk112basic_stringIwNS_11char_traitsIwEENS_9allocatorIwEEE2atEm
0x000246d9,3,STT_OBJECT,STB_GLOBAL,_ZTSDn
0x00023a7b,87,STT_OBJECT,STB_WEAK,_ZTSNSt6__ndk120__shared_ptr_emplaceIN4kwai6linker16MemoryElfWrapperENS_9allocatorIS3_EEEE
0x00196350,8,STT_OBJECT,STB_GLOBAL,g_CrcUpdateT4
0x0005e488,128,STT_FUNC,STB_WEAK,_ZNSt6__ndk112basic_stringIwNS_11char_traitsIwEENS_9allocatorIwEEE7reserveEm
0x0005b508,44,STT_FUNC,STB_WEAK,_ZNSt6__ndk112basic_stringIcNS_11char_traitsIcEENS_9allocatorIcEEEC1ERKS5_RKS4_
0x000247af,5,STT_OBJECT,STB_GLOBAL,_ZTSPKDs
0x00045a90,76,STT_FUNC,STB_GLOBAL,LzmaEnc_Destruct
0x0004fcc0,44,STT_FUNC,STB_GLOBAL,kwai_getprogname
0x000247a3,5,STT_OBJECT,STB_GLOBAL,_ZTSPKDu
0x00041b88,760,STT_FUNC,STB_GLOBAL,Lzma2Dec_DecodeToDic
0x0004551c,320,STT_FUNC,STB_GLOBAL,LzmaEnc_SaveState
0x00064390,24,STT_FUNC,STB_GLOBAL,_ZNSt9bad_allocC1Ev
0x0005b604,160,STT_FUNC,STB_WEAK,_ZNKSt6__ndk112basic_stringIcNS_11char_traitsIcEENS_9allocatorIcEEE17find_first_not_ofEPKcmm
0x0005e3a4,8,STT_FUNC,STB_WEAK,_ZNSt6__ndk112basic_stringIwNS_11char_traitsIwEENS_9allocatorIwEEE6assignEPKwm
0x0008b5b0,24,STT_OBJECT,STB_GLOBAL,_ZTIN10__cxxabiv117__class_type_infoE
0x0008b028,40,STT_OBJECT,STB_WEAK,_ZTVN4kwai6linker16MemoryElfWrapperE
0x00196358,8,STT_OBJECT,STB_GLOBAL,g_CrcUpdateT8
0x00059730,144,STT_FUNC,STB_GLOBAL,__android_log_is_loggable_len
0x0005db1c,44,STT_FUNC,STB_WEAK,_ZNSt6__ndk112basic_stringIwNS_11char_traitsIwEENS_9allocatorIwEEEC1ERKS5_RKS4_
0x000247a8,3,STT_OBJECT,STB_GLOBAL,_ZTSDs
0x0004cad4,60,STT_FUNC,STB_GLOBAL,XzUnpacker_PrepareToRandomBlockDecoding
0x00064354,44,STT_FUNC,STB_GLOBAL,_ZNSt13bad_exceptionD0Ev
0x00045a38,88,STT_FUNC,STB_GLOBAL,LzmaEnc_FreeLits
0x00055858,68,STT_FUNC,STB_GLOBAL,android_logger_list_free
0x0002450d,17,STT_OBJECT,STB_GLOBAL,_ZTSSt12domain_error
0x0008b5e0,24,STT_OBJECT,STB_GLOBAL,_ZTIN10__cxxabiv119__pointer_type_infoE
0x0002479c,3,STT_OBJECT,STB_GLOBAL,_ZTSDu
0x000244d5,18,STT_OBJECT,STB_GLOBAL,_ZTSSt13bad_exception
0x0005a8f4,96,STT_FUNC,STB_GLOBAL,_ZNSt6__ndk119__shared_weak_count4lockEv
0x0003afb0,36,STT_FUNC,STB_GLOBAL,SzBitUi32s_Free
0x0003e83c,92,STT_FUNC,STB_GLOBAL,SeqInStream_ReadByte
0x000540c8,220,STT_FUNC,STB_GLOBAL,__android_log_error_write
0x0005ae60,728,STT_FUNC,STB_WEAK,_ZNSt6__ndk112basic_stringIcNS_11char_traitsIcEENS_9allocatorIcEEE7replaceEmmPKcm
0x00060844,120,STT_FUNC,STB_GLOBAL,_ZNSt6__ndk14stolERKNS_12basic_stringIwNS_11char_traitsIwEENS_9allocatorIwEEEEPmi
0x00050e18,52,STT_FUNC,STB_GLOBAL,async_safe_format_log
0x0003fcfc,396,STT_FUNC,STB_GLOBAL,x86_Convert
0x000464cc,48,STT_FUNC,STB_GLOBAL,LzmaEnc_GetCurBuf
0x0004b304,28,STT_FUNC,STB_GLOBAL,Sha256_Init
0x00050994,140,STT_FUNC,STB_GLOBAL,async_safe_format_fd
0x0007ee24,8,STT_FUNC,STB_GLOBAL,__cxa_free_dependent_exception
0x0003e8e0,144,STT_FUNC,STB_GLOBAL,LookInStream_LookRead
0x00064318,44,STT_FUNC,STB_GLOBAL,_ZNSt9exceptionD0Ev
0x0007f04c,92,STT_FUNC,STB_GLOBAL,__cxa_decrement_exception_refcount
0x0003afd4,36,STT_FUNC,STB_GLOBAL,SzBitUi64s_Free
0x00040274,176,STT_FUNC,STB_GLOBAL,Delta_Encode
0x0005f378,172,STT_FUNC,STB_WEAK,_ZNKSt6__ndk112basic_stringIwNS_11char_traitsIwEENS_9allocatorIwEEE7compareEPKw
0x0002465c,46,STT_OBJECT,STB_GLOBAL,_ZTSN10__cxxabiv129__pointer_to_member_type_infoE
0x0007eae4,8,STT_FUNC,STB_WEAK,_Znam
0x0007eb3c,8,STT_FUNC,STB_WEAK,_ZdaPv
0x000400b4,176,STT_FUNC,STB_GLOBAL,SPARC_Convert
0x0005519c,56,STT_FUNC,STB_GLOBAL,_Z9LogdClosev
0x0003d6f8,8,STT_FUNC,STB_GLOBAL,Buf_Init
0x0008c010,80,STT_OBJECT,STB_GLOBAL,_ZTVN10__cxxabiv121__vmi_class_type_infoE
0x0007eb34,8,STT_FUNC,STB_WEAK,_ZdlPvm
0x00064438,108,STT_FUNC,STB_GLOBAL,_ZNSt12out_of_rangeD2Ev
0x0008b5f8,24,STT_OBJECT,STB_GLOBAL,_ZTIN10__cxxabiv120__function_type_infoE
0x0003f810,24,STT_FUNC,STB_GLOBAL,AlignOffsetAlloc_CreateVTable
0x00055fa8,80,STT_FUNC,STB_GLOBAL,__android_log_stats_bwrite
0x00056388,140,STT_FUNC,STB_GLOBAL,android_log_format_free
0x0005fbc8,76,STT_FUNC,STB_WEAK,_ZNSt6__ndk112basic_stringIwNS_11char_traitsIwEENS_9allocatorIwEEE6resizeEmw
0x000382d8,24,STT_FUNC,STB_WEAK,_ZNSt6__ndk110unique_ptrIA_cNS_14default_deleteIS1_EEE5resetB8ne180000IPcTnNS_9enable_ifIXsr28_CheckArrayPointerConversionIT_EE5valueEiE4typeELi0EEEvS8_
0x0005a9fc,80,STT_FUNC,STB_GLOBAL,_ZNSt6__ndk15alignEmmRPvRm
0x0005dac8,84,STT_FUNC,STB_WEAK,_ZNSt6__ndk112basic_stringIwNS_11char_traitsIwEENS_9allocatorIwEEE7replaceEmmPKw
0x0006407c,20,STT_FUNC,STB_GLOBAL,_ZSt15get_new_handlerv
0x0007eb2c,8,STT_FUNC,STB_WEAK,_ZdlPvRKSt9nothrow_t
0x0003ac98,264,STT_FUNC,STB_WEAK,_ZN4kwai6linker14FileElfWrapperC2EPKc
0x0004c154,60,STT_FUNC,STB_GLOBAL,XzCheck_Init
0x0005e030,72,STT_FUNC,STB_WEAK,_ZNKSt6__ndk112basic_stringIwNS_11char_traitsIwEENS_9allocatorIwEEE2atEm
0x0007f29c,304,STT_FUNC,STB_GLOBAL,__cxa_rethrow_primary_exception
0x000454c8,84,STT_FUNC,STB_GLOBAL,LzmaEncProps_GetDictSize
0x0004ff30,104,STT_FUNC,STB_GLOBAL,async_safe_format_buffer_va_list
0x00024565,16,STT_OBJECT,STB_GLOBAL,_ZTSSt11range_error
0x00053318,300,STT_FUNC,STB_WEAK,_ZNSt6__ndk112__hash_tableINS_17__hash_value_typeINS_17basic_string_viewIcNS_11char_traitsIcEEEEjEENS_22__unordered_map_hasherIS5_S6_NS_4hashIS5_EENS_8equal_toIS5_EELb1EEENS_21__unordered_map_equalIS5_S6_SB_S9_Lb1EEENS_9allocatorIS6_EEE11__do_rehashILb1EEEvm
0x000592ac,644,STT_FUNC,STB_GLOBAL,_Z9PmsgWrite6log_idP8timespecP5iovecm
0x0005e73c,84,STT_FUNC,STB_WEAK,_ZNSt6__ndk112basic_stringIwNS_11char_traitsIwEENS_9allocatorIwEEE6assignERKS5_mm
0x00051670,28,STT_FUNC,STB_WEAK,_ZN7android6RWLock9AutoWLockD2Ev
0x00038de4,44,STT_FUNC,STB_GLOBAL,_ZN4kwai6linker9ElfReader10IsValidElfEv
0x0003ee70,164,STT_FUNC,STB_GLOBAL,AesCbc_Encode
0x000549c0,8,STT_FUNC,STB_GLOBAL,android_logger_get_log_consumed_size
0x00055ec8,144,STT_FUNC,STB_GLOBAL,__android_log_write_log_message
0x00080498,492,STT_FUNC,STB_WEAK,__emutls_get_address
0x000662a4,44,STT_FUNC,STB_GLOBAL,_ZNSt10bad_typeidD0Ev
0x000464fc,264,STT_FUNC,STB_GLOBAL,LzmaEnc_CodeOneMemBlock
0x0007eaac,56,STT_FUNC,STB_WEAK,_ZnwmRKSt9nothrow_t
0x0004c324,184,STT_FUNC,STB_GLOBAL,XzCrc64UpdateT4
0x00050d90,136,STT_FUNC,STB_GLOBAL,async_safe_format_log_va_list
0x0005ac48,148,STT_FUNC,STB_GLOBAL,_ZNSt13runtime_errorC2ERKNSt6__ndk112basic_stringIcNS0_11char_traitsIcEENS0_9allocatorIcEEEE
0x0003af94,20,STT_FUNC,STB_GLOBAL,SzAllocTemp
0x0003e748,16,STT_FUNC,STB_GLOBAL,FileOutStream_CreateVTable
0x00198468,8,STT_OBJECT,STB_GLOBAL,g_AesCbc_Decode
0x0004648c,44,STT_FUNC,STB_GLOBAL,LzmaEnc_MemPrepare
0x000644dc,108,STT_FUNC,STB_GLOBAL,_ZNSt13runtime_errorD2Ev
0x0003aa30,68,STT_FUNC,STB_WEAK,_ZN4kwai6linker7MapUtil6GetValItEEbRNS1_8MapEntryEmPT_
0x00055754,12,STT_FUNC,STB_GLOBAL,android_logger_list_alloc
0x00056154,112,STT_FUNC,STB_GLOBAL,__android_log_security_bswrite
0x0002451e,16,STT_OBJECT,STB_GLOBAL,_ZTSSt11logic_error
0x0005215c,168,STT_FUNC,STB_WEAK,_ZNSt6__ndk112__hash_tableINS_17__hash_value_typeIjNS_4pairINS_17basic_string_viewIcNS_11char_traitsIcEEEES6_EEEENS_22__unordered_map_hasherIjS8_NS_4hashIjEENS_8equal_toIjEELb1EEENS_21__unordered_map_equalIjS8_SD_SB_Lb1EEENS_9allocatorIS8_EEE4findIjEENS_15__hash_iteratorIPNS_11__hash_nodeIS8_PvEEEERKT_
0x0005e078,292,STT_FUNC,STB_WEAK,_ZNSt6__ndk112basic_stringIwNS_11char_traitsIwEENS_9allocatorIwEEE6insertEmPKwm
0x00064438,108,STT_FUNC,STB_GLOBAL,_ZNSt12domain_errorD1Ev
0x0008b890,16,STT_OBJECT,STB_GLOBAL,_ZTIa
0x00038a84,16,STT_FUNC,STB_GLOBAL,_ZN4kwai12leak_monitor10HprofStrip12SetHprofNameEPKc
0x0005ce24,68,STT_FUNC,STB_WEAK,_ZNSt6__ndk112basic_stringIcNS_11char_traitsIcEENS_9allocatorIcEEE2atEm
0x0008b750,16,STT_OBJECT,STB_GLOBAL,_ZTIb
0x000406b8,60,STT_FUNC,STB_GLOBAL,MatchFinder_Free
0x000644dc,108,STT_FUNC,STB_GLOBAL,_ZNSt14overflow_errorD1Ev
0x0008b7f0,16,STT_OBJECT,STB_GLOBAL,_ZTIc
0x00039640,40,STT_FUNC,STB_WEAK,_ZN4kwai6linker9ElfReader7ElfHash4HashEPKh
0x00064310,8,STT_FUNC,STB_GLOBAL,_ZNSt20bad_array_new_lengthD1Ev
0x000498e8,156,STT_FUNC,STB_GLOBAL,Ppmd7_MakeEscFreq
0x00053240,216,STT_FUNC,STB_WEAK,_ZNSt6__ndk112__hash_tableINS_17__hash_value_typeINS_17basic_string_viewIcNS_11char_traitsIcEEEEjEENS_22__unordered_map_hasherIS5_S6_NS_4hashIS5_EENS_8equal_toIS5_EELb1EEENS_21__unordered_map_equalIS5_S6_SB_S9_Lb1EEENS_9allocatorIS6_EEE8__rehashILb1EEEvm
0x000604c4,328,STT_FUNC,STB_GLOBAL,_ZNSt6__ndk14stodERKNS_12basic_stringIcNS_11char_traitsIcEENS_9allocatorIcEEEEPm
0x0008bca0,16,STT_OBJECT,STB_GLOBAL,_ZTId
0x00055f58,80,STT_FUNC,STB_GLOBAL,__android_log_bwrite
0x0005cb08,148,STT_FUNC,STB_WEAK,_ZNSt6__ndk112basic_stringIcNS_11char_traitsIcEENS_9allocatorIcEEE5eraseEmm
0x0019aad8,8,STT_OBJECT,STB_GLOBAL,__cxa_new_handler
0x0008bcf0,16,STT_OBJECT,STB_GLOBAL,_ZTIe
0x000426b0,152,STT_FUNC,STB_GLOBAL,Lzma2Enc_SetProps
0x0004a7ec,116,STT_FUNC,STB_GLOBAL,Ppmd7z_RangeDec_Init
0x0004da88,60,STT_FUNC,STB_GLOBAL,XzUnpacker_CodeFull
0x0004febc,116,STT_FUNC,STB_GLOBAL,_ZN9prop_infoC2EPKcjj
0x00051728,132,STT_FUNC,STB_GLOBAL,_ZNK11EventTagMap4findENSt6__ndk117basic_string_viewIcNS0_11char_traitsIcEEEE
0x0005bb70,124,STT_FUNC,STB_WEAK,_ZNKSt6__ndk112basic_stringIcNS_11char_traitsIcEENS_9allocatorIcEEE13find_first_ofEPKcmm
0x0008bc50,16,STT_OBJECT,STB_GLOBAL,_ZTIf
0x0003991c,116,STT_FUNC,STB_WEAK,_ZN4kwai6linker16MemoryElfWrapperC2ERNSt6__ndk112basic_stringIcNS2_11char_traitsIcEENS2_9allocatorIcEEEE
0x0004db34,20,STT_FUNC,STB_GLOBAL,XzDecMtProps_Init
0x00066284,24,STT_FUNC,STB_GLOBAL,_ZNSt10bad_typeidC1Ev
0x0008bd40,16,STT_OBJECT,STB_GLOBAL,_ZTIg
0x0005cc80,128,STT_FUNC,STB_WEAK,_ZNKSt6__ndk112basic_stringIcNS_11char_traitsIcEENS_9allocatorIcEEE7compareEPKc
0x0008b840,16,STT_OBJECT,STB_GLOBAL,_ZTIh
0x0003aba8,44,STT_FUNC,STB_WEAK,_ZNSt6__ndk118__allocation_guardINS_9allocatorINS_20__shared_ptr_emplaceIN4kwai6linker14FileElfWrapperENS1_IS5_EEEEEEEC2B8ne180000IS6_EET_m
0x0008b128,16,STT_OBJECT,STB_GLOBAL,g_BigAlloc
0x000526e0,24,STT_FUNC,STB_WEAK,_ZNSt6__ndk110unique_ptrIA_PNS_16__hash_node_baseIPNS_11__hash_nodeINS_17__hash_value_typeIjNS_4pairINS_17basic_string_viewIcNS_11char_traitsIcEEEES8_EEEEPvEEEENS_25__bucket_list_deallocatorINS_9allocatorISF_EEEEE5resetB8ne180000IPSF_TnNS_9enable_ifIXsr28_CheckArrayPointerConversionIT_EE5valueEiE4typeELi0EEEvSP_
0x0008b980,16,STT_OBJECT,STB_GLOBAL,_ZTIi
0x0008beb8,24,STT_OBJECT,STB_GLOBAL,_ZTIN10__cxxabiv117__array_type_infoE
0x0005bbec,524,STT_FUNC,STB_WEAK,_ZNSt6__ndk112basic_stringIcNS_11char_traitsIcEENS_9allocatorIcEEE7replaceEmmmc
0x00064380,16,STT_FUNC,STB_GLOBAL,_ZNKSt13bad_exception4whatEv
0x0008b9d0,16,STT_OBJECT,STB_GLOBAL,_ZTIj
0x0005a984,36,STT_FUNC,STB_GLOBAL,_ZNSt6__ndk18__sp_mut6unlockEv
0x0008c0e8,56,STT_OBJECT,STB_GLOBAL,_ZTVN10__cxxabiv129__pointer_to_member_type_infoE
0x00039668,32,STT_FUNC,STB_WEAK,_ZN4kwai6linker9ElfReader7GnuHash4HashEPKh
0x0005d48c,76,STT_FUNC,STB_WEAK,_ZNSt6__ndk112basic_stringIcNS_11char_traitsIcEENS_9allocatorIcEEE6resizeEmc
0x0004f598,12,STT_FUNC,STB_GLOBAL,Xzs_Construct
0x0008ba20,16,STT_OBJECT,STB_GLOBAL,_ZTIl
0x0007eb24,8,STT_FUNC,STB_WEAK,_ZdlPv
0x0003e4bc,8,STT_FUNC,STB_GLOBAL,File_Construct
0x0003ec48,16,STT_FUNC,STB_GLOBAL,SecToRead_CreateVTable
0x0008b310,24,STT_OBJECT,STB_GLOBAL,_ZTISt13bad_exception
0x0008ba70,16,STT_OBJECT,STB_GLOBAL,_ZTIm
0x00037cc4,216,STT_FUNC,STB_GLOBAL,_ZN4kwai12leak_monitor9HprofDumpC1Ev
0x0004c190,100,STT_FUNC,STB_GLOBAL,XzCheck_Update
0x000661f4,8,STT_FUNC,STB_GLOBAL,_ZNSt9type_infoD1Ev
0x0008b8c0,32,STT_OBJECT,STB_GLOBAL,_ZTIPKa
0x0008bb60,16,STT_OBJECT,STB_GLOBAL,_ZTIn
0x000247c0,34,STT_OBJECT,STB_GLOBAL,_ZTSN10__cxxabiv117__array_type_infoE
0x0007ed18,172,STT_FUNC,STB_GLOBAL,__cxa_begin_catch
0x0008b138,16,STT_OBJECT,STB_GLOBAL,g_AlignedAlloc
0x0005df78,184,STT_FUNC,STB_WEAK,_ZNSt6__ndk112basic_stringIwNS_11char_traitsIwEENS_9allocatorIwEEE6__initEPKwm
0x000644d0,12,STT_FUNC,STB_GLOBAL,_ZNKSt11logic_error4whatEv
0x0008b780,32,STT_OBJECT,STB_GLOBAL,_ZTIPKb
0x0008bbb0,16,STT_OBJECT,STB_GLOBAL,_ZTIo
0x00050474,52,STT_FUNC,STB_GLOBAL,async_safe_format_buffer
0x00052d60,68,STT_FUNC,STB_WEAK,_ZNKSt6__ndk117basic_string_viewIcNS_11char_traitsIcEEE7compareES3_
0x0005bf30,356,STT_FUNC,STB_WEAK,_ZNSt6__ndk112basic_stringIcNS_11char_traitsIcEENS_9allocatorIcEEE7reserveEm
0x000641fc,52,STT_FUNC,STB_GLOBAL,_ZSt14set_unexpectedPFvvE
0x000643e4,24,STT_FUNC,STB_GLOBAL,_ZNSt20bad_array_new_lengthC2Ev
0x000246a8,40,STT_OBJECT,STB_GLOBAL,_ZTSN10__cxxabiv123__fundamental_type_infoE
0x0008b820,32,STT_OBJECT,STB_GLOBAL,_ZTIPKc
0x0008b118,16,STT_OBJECT,STB_GLOBAL,g_MidAlloc
0x0004f520,56,STT_FUNC,STB_GLOBAL,Xz_GetUnpackSize
0x0008b698,24,STT_OBJECT,STB_GLOBAL,_ZTIN10__cxxabiv123__fundamental_type_infoE
0x0008bcd0,32,STT_OBJECT,STB_GLOBAL,_ZTIPKd
0x000247e2,33,STT_OBJECT,STB_GLOBAL,_ZTSN10__cxxabiv116__enum_type_infoE
0x0005a89c,88,STT_FUNC,STB_GLOBAL,_ZNSt6__ndk119__shared_weak_count14__release_weakEv
0x0008b340,24,STT_OBJECT,STB_GLOBAL,_ZTISt20bad_array_new_length
0x00040340,176,STT_FUNC,STB_GLOBAL,Delta_Decode
0x00051f8c,24,STT_FUNC,STB_WEAK,_ZN7android6RWLock8readLockEv
0x000642e0,24,STT_FUNC,STB_GLOBAL,__cxa_pure_virtual
0x0005f7c4,88,STT_FUNC,STB_WEAK,_ZNSt6__ndk112basic_stringIwNS_11char_traitsIwEENS_9allocatorIwEEEaSERKS5_
0x00024575,18,STT_OBJECT,STB_GLOBAL,_ZTSSt13runtime_error
0x0008bd20,32,STT_OBJECT,STB_GLOBAL,_ZTIPKe
0x0007f1e4,44,STT_FUNC,STB_GLOBAL,__cxa_increment_exception_refcount
0x0005ab18,136,STT_FUNC,STB_GLOBAL,_ZNSt11logic_errorC2EPKc
0x0003f928,980,STT_FUNC,STB_GLOBAL,Bcj2Dec_Decode
0x000551d4,720,STT_FUNC,STB_GLOBAL,_Z9LogdWrite6log_idP8timespecP5iovecm
0x0005b354,144,STT_FUNC,STB_WEAK,_ZNSt6__ndk112basic_stringIcNS_11char_traitsIcEENS_9allocatorIcEEE6__initEPKcmm
0x0005f424,156,STT_FUNC,STB_WEAK,_ZNKSt6__ndk112basic_stringIwNS_11char_traitsIwEENS_9allocatorIwEEE7compareEmmPKwm
0x0005fc14,80,STT_FUNC,STB_WEAK,_ZNSt6__ndk112basic_stringIwNS_11char_traitsIwEENS_9allocatorIwEEE6insertEmRKS5_mm
0x0008b8e0,16,STT_OBJECT,STB_GLOBAL,_ZTIs
0x0008bc80,32,STT_OBJECT,STB_GLOBAL,_ZTIPKf
0x00038e10,532,STT_FUNC,STB_GLOBAL,_ZN4kwai6linker9ElfReader4InitEv
0x0008b930,16,STT_OBJECT,STB_GLOBAL,_ZTIt
0x0008bd70,32,STT_OBJECT,STB_GLOBAL,_ZTIPKg
0x000398d4,20,STT_FUNC,STB_WEAK,_ZNSt6__ndk120__shared_ptr_emplaceIN4kwai6linker16MemoryElfWrapperENS_9allocatorIS3_EEED2Ev
0x00040a24,48,STT_FUNC,STB_GLOBAL,MatchFinder_Init
0x000458b0,332,STT_FUNC,STB_GLOBAL,LzmaEnc_Construct
0x0005ea4c,76,STT_FUNC,STB_WEAK,_ZNSt6__ndk112basic_stringIwNS_11char_traitsIwEENS_9allocatorIwEEE6insertEmPKw
0x0008b870,32,STT_OBJECT,STB_GLOBAL,_ZTIPKh
0x00066240,8,STT_FUNC,STB_GLOBAL,_ZNSt8bad_castD2Ev
0x0008b6b0,16,STT_OBJECT,STB_GLOBAL,_ZTIv
0x0008b9b0,32,STT_OBJECT,STB_GLOBAL,_ZTIPKi
0x0007ede8,60,STT_FUNC,STB_GLOBAL,__cxa_allocate_dependent_exception
0x00054a40,228,STT_FUNC,STB_GLOBAL,android_logger_get_statistics
0x0008b7a0,16,STT_OBJECT,STB_GLOBAL,_ZTIw
0x0008ba00,32,STT_OBJECT,STB_GLOBAL,_ZTIPKj
0x00042604,96,STT_FUNC,STB_GLOBAL,Lzma2Enc_Create
0x0004e230,40,STT_FUNC,STB_GLOBAL,XzProps_Init
0x0008bac0,16,STT_OBJECT,STB_GLOBAL,_ZTIx
0x00040f44,152,STT_FUNC,STB_GLOBAL,Hc3Zip_MatchFinder_Skip
0x0005a734,8,STT_FUNC,STB_GLOBAL,_ZNSt6__ndk114__shared_countD1Ev
0x0005b3fc,44,STT_FUNC,STB_WEAK,_ZNSt6__ndk112basic_stringIcNS_11char_traitsIcEENS_9allocatorIcEEEC2ERKS5_
0x0005c094,392,STT_FUNC,STB_WEAK,_ZNSt6__ndk112basic_stringIcNS_11char_traitsIcEENS_9allocatorIcEEE6appendEPKcm
0x0008ba50,32,STT_OBJECT,STB_GLOBAL,_ZTIPKl
0x0008bb10,16,STT_OBJECT,STB_GLOBAL,_ZTIy
0x0003ada0,84,STT_FUNC,STB_WEAK,_ZN4kwai6linker14FileElfWrapperD2Ev
0x000575d0,420,STT_FUNC,STB_GLOBAL,_Z16convertPrintablePcPKcm
0x0008b400,40,STT_OBJECT,STB_GLOBAL,_ZTVSt16invalid_argument
0x0008baa0,32,STT_OBJECT,STB_GLOBAL,_ZTIPKm
0x00039824,76,STT_FUNC,STB_WEAK,_ZNSt6__ndk120__shared_ptr_emplaceIN4kwai6linker16MemoryElfWrapperENS_9allocatorIS3_EEEC2B8ne180000IJRNS_12basic_stringIcNS_11char_traitsIcEENS4_IcEEEEES5_TnNS_9enable_ifIXntsr7is_sameINT0_10value_typeENS_19__for_overwrite_tagEEE5valueEiE4typeELi0EEES5_DpOT_
0x0003f310,232,STT_FUNC,STB_GLOBAL,Aes_SetKey_Enc
0x0008bb90,32,STT_OBJECT,STB_GLOBAL,_ZTIPKn
0x0003ef14,828,STT_FUNC,STB_GLOBAL,AesCbc_Decode
0x00051de4,116,STT_FUNC,STB_WEAK,_ZN11EventTagMapC2Ev
0x0005dc10,176,STT_FUNC,STB_WEAK,_ZNKSt6__ndk112basic_stringIwNS_11char_traitsIwEENS_9allocatorIwEEE17find_first_not_ofEPKwmm
0x00064630,44,STT_FUNC,STB_GLOBAL,_ZNSt11range_errorD0Ev
0x0008bbe0,32,STT_OBJECT,STB_GLOBAL,_ZTIPKo
0x00038bb4,20,STT_FUNC,STB_GLOBAL,Java_com_kwai_koom_fastdump_ForkJvmHeapDumper_nativeInit
0x0005a734,8,STT_FUNC,STB_GLOBAL,_ZNSt6__ndk119__shared_weak_countD2Ev
0x00048858,224,STT_FUNC,STB_GLOBAL,LzmaEnc_MemEncode
0x0002484e,13,STT_OBJECT,STB_GLOBAL,_ZTSSt9type_info
0x0004cb10,3960,STT_FUNC,STB_GLOBAL,XzUnpacker_Code
0x00039a3c,4,STT_FUNC,STB_GLOBAL,_ZN4kwai6linker23dl_iterate_phdr_wrapperEPFiP12dl_phdr_infomPvES3_
0x0003ff1c,268,STT_FUNC,STB_GLOBAL,ARMT_Convert
0x000242cc,26,STT_OBJECT,STB_GLOBAL,_ZTSNSt6__ndk112bad_weak_ptrE
0x0005ceac,208,STT_FUNC,STB_WEAK,_ZNKSt6__ndk112basic_stringIcNS_11char_traitsIcEENS_9allocatorIcEEE4findEPKcmm
0x0005db48,176,STT_FUNC,STB_WEAK,_ZNKSt6__ndk112basic_stringIwNS_11char_traitsIwEENS_9allocatorIwEEE16find_last_not_ofEPKwmm
0x00064438,108,STT_FUNC,STB_GLOBAL,_ZNSt16invalid_argumentD2Ev
0x0008b5c8,24,STT_OBJECT,STB_GLOBAL,_ZTIN10__cxxabiv117__pbase_type_infoE
0x00041a74,76,STT_FUNC,STB_GLOBAL,Lzma2Dec_AllocateProbs
0x0008b1f0,16,STT_OBJECT,STB_GLOBAL,_ZTINSt6__ndk114__shared_countE
0x0008b910,32,STT_OBJECT,STB_GLOBAL,_ZTIPKs
0x0008bc00,16,STT_OBJECT,STB_GLOBAL,_ZTIDh
0x0003a6bc,84,STT_FUNC,STB_WEAK,_ZN4kwai6linker7MapUtil8EndsWithEPKcS3_
0x00051ef4,64,STT_FUNC,STB_GLOBAL,android_lookupEventTag_len
0x00055804,84,STT_FUNC,STB_GLOBAL,android_logger_list_open
0x0008b960,32,STT_OBJECT,STB_GLOBAL,_ZTIPKt
0x0008be30,16,STT_OBJECT,STB_GLOBAL,_ZTIDi
0x0003abd4,76,STT_FUNC,STB_WEAK,_ZNSt6__ndk120__shared_ptr_emplaceIN4kwai6linker14FileElfWrapperENS_9allocatorIS3_EEEC2B8ne180000IJRPKcES5_TnNS_9enable_ifIXntsr7is_sameINT0_10value_typeENS_19__for_overwrite_tagEEE5valueEiE4typeELi0EEES5_DpOT_
0x0004b320,200,STT_FUNC,STB_GLOBAL,Sha256_Update
0x00051658,24,STT_FUNC,STB_WEAK,_ZNSt6__ndk113unordered_mapINS_17basic_string_viewIcNS_11char_traitsIcEEEEjNS_4hashIS4_EENS_8equal_toIS4_EENS_9allocatorINS_4pairIKS4_jEEEEE7emplaceB8ne180000IJNSA_IS4_jEEEEENSA_INS_19__hash_map_iteratorINS_15__hash_iteratorIPNS_11__hash_nodeINS_17__hash_value_typeIS4_jEEPvEEEEEEbEEDpOT_
0x000524dc,216,STT_FUNC,STB_WEAK,_ZNSt6__ndk112__hash_tableINS_17__hash_value_typeIjNS_4pairINS_17basic_string_viewIcNS_11char_traitsIcEEEES6_EEEENS_22__unordered_map_hasherIjS8_NS_4hashIjEENS_8equal_toIjEELb1EEENS_21__unordered_map_equalIjS8_SD_SB_Lb1EEENS_9allocatorIS8_EEE8__rehashILb1EEEvm
0x0005e224,384,STT_FUNC,STB_WEAK,_ZNSt6__ndk112basic_stringIwNS_11char_traitsIwEENS_9allocatorIwEEE7replaceEmmmw
0x000644a4,44,STT_FUNC,STB_GLOBAL,_ZNSt11logic_errorD0Ev
0x0005aba0,56,STT_FUNC,STB_GLOBAL,_ZNSt11logic_errorC2ERKS_
0x00064574,12,STT_FUNC,STB_GLOBAL,_ZNKSt13runtime_error4whatEv
0x0008b6e0,32,STT_OBJECT,STB_GLOBAL,_ZTIPKv
0x00039990,20,STT_FUNC,STB_WEAK,_ZN4kwai6linker16MemoryElfWrapperD2Ev
0x0003ac50,20,STT_FUNC,STB_WEAK,_ZNSt6__ndk120__shared_ptr_emplaceIN4kwai6linker14FileElfWrapperENS_9allocatorIS3_EEED2Ev
0x00023e6e,16,STT_OBJECT,STB_GLOBAL,PPMD7_kExpEscape
0x0005ad64,56,STT_FUNC,STB_GLOBAL,_ZNSt13runtime_errorC1ERKS_
0x000245f1,34,STT_OBJECT,STB_GLOBAL,_ZTSN10__cxxabiv117__pbase_type_infoE
0x0008b7d0,32,STT_OBJECT,STB_GLOBAL,_ZTIPKw
0x00041ff4,560,STT_FUNC,STB_GLOBAL,Lzma2Dec_Parse
0x0005a6f0,8,STT_FUNC,STB_GLOBAL,_ZNSt6__ndk112bad_weak_ptrD1Ev
0x0008baf0,32,STT_OBJECT,STB_GLOBAL,_ZTIPKx
0x00045adc,48,STT_FUNC,STB_GLOBAL,LzmaEnc_Destroy
0x00051640,24,STT_FUNC,STB_WEAK,_ZNSt6__ndk113unordered_mapIjNS_4pairINS_17basic_string_viewIcNS_11char_traitsIcEEEES5_EENS_4hashIjEENS_8equal_toIjEENS_9allocatorINS1_IKjS6_EEEEE7emplaceB8ne180000IJNS1_IjS6_EEEEENS1_INS_19__hash_map_iteratorINS_15__hash_iteratorIPNS_11__hash_nodeINS_17__hash_value_typeIjS6_EEPvEEEEEEbEEDpOT_
0x0005882c,864,STT_FUNC,STB_GLOBAL,PmsgRead
0x00056b08,660,STT_FUNC,STB_GLOBAL,android_log_processBinaryLogBuffer
0x0008c190,16,STT_OBJECT,STB_GLOBAL,_ZTISt9type_info
0x0008b700,16,STT_OBJECT,STB_GLOBAL,_ZTIDn
0x0008bb40,32,STT_OBJECT,STB_GLOBAL,_ZTIPKy
0x00038c38,4,STT_FUNC,STB_GLOBAL,Java_com_kwai_koom_javaoom_hprof_ForkStripHeapDumper_initStripDump
0x00039038,44,STT_FUNC,STB_GLOBAL,_ZN4kwai6linker9ElfReader9BuildHashEPj
0x0003f794,4,STT_FUNC,STB_GLOBAL,AesCbc_Decode_Intel
0x0004f3c8,140,STT_FUNC,STB_GLOBAL,Xz_ReadHeader
0x00053754,68,STT_FUNC,STB_GLOBAL,android_log_destroy
0x0008bc10,32,STT_OBJECT,STB_GLOBAL,_ZTIPDh
0x00063ec8,156,STT_FUNC,STB_GLOBAL,__cxa_guard_abort
0x00053cac,8,STT_FUNC,STB_GLOBAL,android_log_read_next
0x0008b3a8,40,STT_OBJECT,STB_GLOBAL,_ZTVSt12domain_error
0x0008be40,32,STT_OBJECT,STB_GLOBAL,_ZTIPDi
0x0008bf40,24,STT_OBJECT,STB_GLOBAL,_ZTIN10__cxxabiv116__enum_type_infoE
0x0004944c,212,STT_FUNC,STB_GLOBAL,LzmaCompress
0x00094230,8,STT_OBJECT,STB_GLOBAL,__cxa_terminate_handler
0x000245ae,33,STT_OBJECT,STB_GLOBAL,_ZTSN10__cxxabiv116__shim_type_infoE
0x0005b29c,184,STT_FUNC,STB_WEAK,_ZNKSt6__ndk112basic_stringIcNS_11char_traitsIcEENS_9allocatorIcEEE5rfindEPKcmm
0x0008bf58,80,STT_OBJECT,STB_GLOBAL,_ZTVN10__cxxabiv117__class_type_infoE
0x0003aa74,72,STT_FUNC,STB_WEAK,_ZN4kwai6linker7MapUtil6GetValIyEEbRNS1_8MapEntryEmPT_
0x000556d8,116,STT_FUNC,STB_GLOBAL,android_name_to_log_id
0x0008bde0,16,STT_OBJECT,STB_GLOBAL,_ZTIDs
0x00050a20,484,STT_FUNC,STB_GLOBAL,async_safe_write_log
0x0005c4b4,76,STT_FUNC,STB_WEAK,_ZNSt6__ndk112basic_stringIcNS_11char_traitsIcEENS_9allocatorIcEEE6insertEmPKc
0x0005b150,332,STT_FUNC,STB_WEAK,_ZNSt6__ndk112basic_stringIcNS_11char_traitsIcEENS_9allocatorIcEEE21__grow_by_and_replaceEmmmmmmPKc
0x0008c060,24,STT_OBJECT,STB_GLOBAL,_ZTIN10__cxxabiv121__vmi_class_type_infoE
0x0003ec30,16,STT_FUNC,STB_GLOBAL,SecToLook_CreateVTable
0x00045388,320,STT_FUNC,STB_GLOBAL,LzmaEncProps_Normalize
0x0004fca0,32,STT_FUNC,STB_GLOBAL,kwai_set_abort_message
0x0008b710,32,STT_OBJECT,STB_GLOBAL,_ZTIPDn
0x0008bd90,16,STT_OBJECT,STB_GLOBAL,_ZTIDu
0x0008b288,40,STT_OBJECT,STB_GLOBAL,_ZTVSt20bad_array_new_length
0x0007ebe8,56,STT_FUNC,STB_WEAK,_ZnwmSt11align_val_tRKSt9nothrow_t
0x00038bdc,48,STT_FUNC,STB_GLOBAL,Java_com_kwai_koom_fastdump_ForkJvmHeapDumper_exitProcess
0x00198478,8192,STT_OBJECT,STB_GLOBAL,g_Crc64Table
0x00053ab8,92,STT_FUNC,STB_GLOBAL,android_log_write_float32
0x0005abd8,112,STT_FUNC,STB_GLOBAL,_ZNSt11logic_erroraSERKS_
0x000547d0,104,STT_FUNC,STB_GLOBAL,android_logger_clear
0x00054c7c,848,STT_FUNC,STB_GLOBAL,LogdRead
0x00064a98,488,STT_FUNC,STB_GLOBAL,__dynamic_cast
0x00038a24,92,STT_FUNC,STB_GLOBAL,_ZN4kwai12leak_monitor10HprofStripC2Ev
0x0005ce68,8,STT_FUNC,STB_WEAK,_ZNSt6__ndk112basic_stringIcNS_11char_traitsIcEENS_9allocatorIcEEE6assignEPKc
0x0008b558,40,STT_OBJECT,STB_GLOBAL,_ZTVSt15underflow_error
0x00066274,16,STT_FUNC,STB_GLOBAL,_ZNKSt8bad_cast4whatEv
0x0007f470,40,STT_FUNC,STB_GLOBAL,__cxa_uncaught_exceptions
0x000390b0,460,STT_FUNC,STB_GLOBAL,_ZN4kwai6linker9ElfReader12LookupSymbolEPKcyb
0x0003e52c,48,STT_FUNC,STB_GLOBAL,File_Close
0x00023f80,6,STT_OBJECT,STB_GLOBAL,XZ_SIG
0x0005da0c,44,STT_FUNC,STB_WEAK,_ZNSt6__ndk112basic_stringIwNS_11char_traitsIwEENS_9allocatorIwEEEC1ERKS5_
0x0008bdf0,32,STT_OBJECT,STB_GLOBAL,_ZTIPDs
0x0005491c,8,STT_FUNC,STB_GLOBAL,android_logger_get_log_size
0x00064604,44,STT_FUNC,STB_GLOBAL,_ZNSt12out_of_rangeD0Ev
0x00039acc,320,STT_FUNC,STB_GLOBAL,_ZN4kwai6linker5DlFcn6dlopenEPKci
0x0004f5a4,112,STT_FUNC,STB_GLOBAL,Xzs_Free
0x000644dc,108,STT_FUNC,STB_GLOBAL,_ZNSt15underflow_errorD1Ev
0x0008bda0,32,STT_OBJECT,STB_GLOBAL,_ZTIPDu
0x0005fd64,24,STT_FUNC,STB_GLOBAL,_ZNKSt6__ndk121__basic_string_commonILb1EE20__throw_length_errorEv
0x00024328,8,STT_OBJECT,STB_WEAK,_ZNSt6__ndk112basic_stringIcNS_11char_traitsIcEENS_9allocatorIcEEE4nposE
0x000424ac,52,STT_FUNC,STB_GLOBAL,Lzma2EncProps_Init
0x0005fc64,256,STT_FUNC,STB_WEAK,_ZNSt6__ndk1plIcNS_11char_traitsIcEENS_9allocatorIcEEEENS_12basic_stringIT_T0_T1_EEPKS6_RKS9_
0x0003941c,456,STT_FUNC,STB_GLOBAL,_ZN4kwai6linker9ElfReader15DecGnuDebugdataERNSt6__ndk112basic_stringIcNS2_11char_traitsIcEENS2_9allocatorIcEEEE
0x0003e524,8,STT_FUNC,STB_GLOBAL,OutFile_Open
0x0005dbf8,24,STT_FUNC,STB_WEAK,_ZNSt6__ndk112basic_stringIwNS_11char_traitsIwEENS_9allocatorIwEEED1Ev
0x0005ef58,88,STT_FUNC,STB_WEAK,_ZNKSt6__ndk112basic_stringIwNS_11char_traitsIwEENS_9allocatorIwEEE5rfindEwm
0x000537ec,100,STT_FUNC,STB_GLOBAL,android_log_parser_reset
0x00064310,8,STT_FUNC,STB_GLOBAL,_ZNSt9bad_allocD1Ev
0x00039064,76,STT_FUNC,STB_GLOBAL,_ZN4kwai6linker9ElfReader12BuildGnuHashEPj
0x0003b030,208,STT_FUNC,STB_GLOBAL,SzArEx_Free
0x0006401c,28,STT_FUNC,STB_GLOBAL,_ZSt10unexpectedv
0x00040514,40,STT_FUNC,STB_GLOBAL,MatchFinder_ReadIfRequired
0x0007f440,48,STT_FUNC,STB_GLOBAL,__cxa_uncaught_exception
0x0007ecc8,80,STT_FUNC,STB_GLOBAL,__cxa_allocate_exception
0x00042798,1440,STT_FUNC,STB_GLOBAL,Lzma2Enc_Encode2
0x0004bea0,264,STT_FUNC,STB_GLOBAL,HeapSort
0x000549c8,112,STT_FUNC,STB_GLOBAL,android_logger_set_log_size
0x00038c3c,96,STT_FUNC,STB_GLOBAL,Java_com_kwai_koom_javaoom_hprof_ForkStripHeapDumper_hprofName
0x00064438,108,STT_FUNC,STB_GLOBAL,_ZNSt12length_errorD1Ev
0x0008b0f0,24,STT_OBJECT,STB_WEAK,_ZTIN4kwai6linker14FileElfWrapperE
0x00064548,44,STT_FUNC,STB_GLOBAL,_ZNSt13runtime_errorD0Ev
0x0008c1b8,24,STT_OBJECT,STB_GLOBAL,_ZTISt10bad_typeid
0x0004ae70,1028,STT_FUNC,STB_GLOBAL,Ppmd7_EncodeSymbol
0x00055aa4,12,STT_FUNC,STB_GLOBAL,__android_log_set_aborter
0x0005cd00,128,STT_FUNC,STB_WEAK,_ZNKSt6__ndk112basic_stringIcNS_11char_traitsIcEENS_9allocatorIcEEE7compareEmmPKcm
0x0005b5ec,24,STT_FUNC,STB_WEAK,_ZNSt6__ndk112basic_stringIcNS_11char_traitsIcEENS_9allocatorIcEEED1Ev
0x0008b598,24,STT_OBJECT,STB_GLOBAL,_ZTIN10__cxxabiv116__shim_type_infoE
0x000380bc,240,STT_FUNC,STB_GLOBAL,_ZN4kwai12leak_monitor9HprofDump14SuspendAndForkEv
0x0004c0f4,52,STT_FUNC,STB_GLOBAL,Xz_Free
0x000517ac,1592,STT_FUNC,STB_GLOBAL,android_openEventTagMap
0x000539c4,236,STT_FUNC,STB_GLOBAL,android_log_write_string8_len
0x00024302,33,STT_OBJECT,STB_GLOBAL,_ZTSNSt6__ndk119__shared_weak_countE
0x00039f9c,256,STT_FUNC,STB_GLOBAL,_ZN4kwai6linker5DlFcn9dlsym_elfEPvPKc
0x0003a4ec,140,STT_FUNC,STB_WEAK,_ZZN4kwai6linker7MapUtil15GetLoadInfoByDlERKNSt6__ndk112basic_stringIcNS2_11char_traitsIcEENS2_9allocatorIcEEEEPyRS8_ENKUlP12dl_phdr_infomPvE_clESE_mSF_
0x0003e970,108,STT_FUNC,STB_GLOBAL,LookInStream_Read2
0x00023b8a,6,STT_OBJECT,STB_GLOBAL,k7zSignature
0x00040a74,316,STT_FUNC,STB_GLOBAL,GetMatchesSpec1
0x000424e0,292,STT_FUNC,STB_GLOBAL,Lzma2EncProps_Normalize
0x0005c9cc,316,STT_FUNC,STB_WEAK,_ZNSt6__ndk112basic_stringIcNS_11char_traitsIcEENS_9allocatorIcEEE6assignEmc
0x0003afa8,8,STT_FUNC,STB_GLOBAL,SzFreeTemp
0x0005a9a8,84,STT_FUNC,STB_GLOBAL,_ZNSt6__ndk112__get_sp_mutEPKv
0x0008b188,40,STT_OBJECT,STB_GLOBAL,_ZTVNSt6__ndk112bad_weak_ptrE
0x00064390,24,STT_FUNC,STB_GLOBAL,_ZNSt9bad_allocC2Ev
0x0004dae4,32,STT_FUNC,STB_GLOBAL,XzUnpacker_IsStreamWasFinished
0x0003e9dc,8,STT_FUNC,STB_GLOBAL,LookInStream_Read
0x000242e6,28,STT_OBJECT,STB_GLOBAL,_ZTSNSt6__ndk114__shared_countE
0x000245cf,34,STT_OBJECT,STB_GLOBAL,_ZTSN10__cxxabiv117__class_type_infoE
0x00064310,8,STT_FUNC,STB_GLOBAL,_ZNSt13bad_exceptionD1Ev
0x00039e54,328,STT_FUNC,STB_GLOBAL,_ZN4kwai6linker5DlFcn10dlopen_elfEPKci
0x0003d798,56,STT_FUNC,STB_GLOBAL,CrcCalc
0x00042f3c,524,STT_FUNC,STB_GLOBAL,Lzma86_Encode
0x0005634c,60,STT_FUNC,STB_GLOBAL,android_log_format_new
0x000564f4,688,STT_FUNC,STB_GLOBAL,android_log_formatFromString
0x0002452e,21,STT_OBJECT,STB_GLOBAL,_ZTSSt16invalid_argument
0x0007ec60,8,STT_FUNC,STB_WEAK,_ZdlPvSt11align_val_t
0x00024554,17,STT_OBJECT,STB_GLOBAL,_ZTSSt12out_of_range
0x00063cf0,304,STT_FUNC,STB_GLOBAL,__cxa_guard_acquire
0x00039c70,340,STT_FUNC,STB_GLOBAL,_ZN4kwai6linker5DlFcn5dlsymEPvPKc
0x00023b0e,85,STT_OBJECT,STB_WEAK,_ZTSNSt6__ndk120__shared_ptr_emplaceIN4kwai6linker14FileElfWrapperENS_9allocatorIS3_EEEE
0x0003e834,8,STT_FUNC,STB_GLOBAL,SeqInStream_Read
0x00040470,32,STT_FUNC,STB_GLOBAL,MatchFinder_ReduceOffsets
0x00054b24,64,STT_FUNC,STB_GLOBAL,android_logger_get_prune_list
0x0008be80,56,STT_OBJECT,STB_GLOBAL,_ZTVN10__cxxabiv117__array_type_infoE
0x0003aff8,56,STT_FUNC,STB_GLOBAL,SzArEx_Init
0x0004535c,44,STT_FUNC,STB_GLOBAL,LzmaEncProps_Init
0x00044f50,72,STT_FUNC,STB_GLOBAL,LzmaDec_Free
0x000514d0,368,STT_FUNC,STB_GLOBAL,_ZN11EventTagMap13emplaceUniqueEjRKNSt6__ndk14pairINS0_17basic_string_viewIcNS0_11char_traitsIcEEEES5_EEb
0x00059f44,1824,STT_FUNC,STB_GLOBAL,_ZNSt6__ndk112__next_primeEm
0x0005cf7c,176,STT_FUNC,STB_WEAK,_ZNKSt6__ndk112basic_stringIcNS_11char_traitsIcEENS_9allocatorIcEEE7compareEmmRKS5_mm
0x0005f6fc,200,STT_FUNC,STB_WEAK,_ZNKSt6__ndk112basic_stringIwNS_11char_traitsIwEENS_9allocatorIwEEE7compareEmmRKS5_mm
0x00064310,8,STT_FUNC,STB_GLOBAL,_ZNSt9exceptionD1Ev
0x0002470e,4,STT_OBJECT,STB_GLOBAL,_ZTSPKa
0x0003a0e8,52,STT_FUNC,STB_GLOBAL,_ZN4kwai6linker5DlFcn11dlclose_elfEPv
0x0004db48,128,STT_FUNC,STB_GLOBAL,XzDecMt_Create
0x0005b85c,60,STT_FUNC,STB_WEAK,_ZNSt6__ndk112basic_stringIcNS_11char_traitsIcEENS_9allocatorIcEEEaSEc
0x000246ea,4,STT_OBJECT,STB_GLOBAL,_ZTSPKb
0x0004c128,44,STT_FUNC,STB_GLOBAL,XzFlags_GetCheckSize
0x000569c8,320,STT_FUNC,STB_GLOBAL,android_log_processLogBuffer
0x00063034,476,STT_FUNC,STB_GLOBAL,_ZNSt6__ndk110to_wstringEd
0x000246fc,4,STT_OBJECT,STB_GLOBAL,_ZTSPKc
0x0007ec68,8,STT_FUNC,STB_WEAK,_ZdlPvSt11align_val_tRKSt9nothrow_t
0x0003a498,84,STT_FUNC,STB_WEAK,_ZZN4kwai6linker7MapUtil15GetLoadInfoByDlERKNSt6__ndk112basic_stringIcNS2_11char_traitsIcEENS2_9allocatorIcEEEEPyRS8_ENUlP12dl_phdr_infomPvE_8__invokeESE_mSF_
0x0008b540,24,STT_OBJECT,STB_GLOBAL,_ZTISt14overflow_error
0x0005ac48,148,STT_FUNC,STB_GLOBAL,_ZNSt13runtime_errorC1ERKNSt6__ndk112basic_stringIcNS0_11char_traitsIcEENS0_9allocatorIcEEEE
0x00063210,468,STT_FUNC,STB_GLOBAL,_ZNSt6__ndk110to_wstringEe
0x00024786,4,STT_OBJECT,STB_GLOBAL,_ZTSPKd
0x00062e54,480,STT_FUNC,STB_GLOBAL,_ZNSt6__ndk110to_wstringEf
0x0002478f,4,STT_OBJECT,STB_GLOBAL,_ZTSPKe
0x0008b050,16,STT_OBJECT,STB_WEAK,_ZTIN4kwai6linker10ElfWrapperE
0x0003b5a4,28,STT_FUNC,STB_GLOBAL,SzAr_GetFolderUnpackSize
0x0004bfa8,264,STT_FUNC,STB_GLOBAL,HeapSort64
0x000244c8,13,STT_OBJECT,STB_GLOBAL,_ZTSSt9exception
0x00024709,2,STT_OBJECT,STB_GLOBAL,_ZTSa
0x0002477d,4,STT_OBJECT,STB_GLOBAL,_ZTSPKf
0x0004adbc,52,STT_FUNC,STB_GLOBAL,Ppmd7z_RangeEnc_FlushData
0x0005ed94,452,STT_FUNC,STB_WEAK,_ZNSt6__ndk112basic_stringIwNS_11char_traitsIwEENS_9allocatorIwEEE6appendEmw
0x000246e5,2,STT_OBJECT,STB_GLOBAL,_ZTSb
0x00024798,4,STT_OBJECT,STB_GLOBAL,_ZTSPKg
0x0008bf08,56,STT_OBJECT,STB_GLOBAL,_ZTVN10__cxxabiv116__enum_type_infoE
0x000398e8,36,STT_FUNC,STB_WEAK,_ZNSt6__ndk120__shared_ptr_emplaceIN4kwai6linker16MemoryElfWrapperENS_9allocatorIS3_EEED0Ev
0x00063fc0,64,STT_FUNC,STB_GLOBAL,_ZSt9terminatev
0x0005ae0c,84,STT_FUNC,STB_GLOBAL,_ZNSt6__ndk121__throw_runtime_errorEPKc
0x0005b97c,500,STT_FUNC,STB_WEAK,_ZNSt6__ndk112basic_stringIcNS_11char_traitsIcEENS_9allocatorIcEEE6insertEmPKcm
0x00061b54,480,STT_FUNC,STB_GLOBAL,_ZNSt6__ndk110to_wstringEi
0x000246f7,2,STT_OBJECT,STB_GLOBAL,_ZTSc
0x00024705,4,STT_OBJECT,STB_GLOBAL,_ZTSPKh
0x0007f0a8,88,STT_FUNC,STB_GLOBAL,__cxa_current_exception_type
0x00038c0c,44,STT_FUNC,STB_GLOBAL,Java_com_kwai_koom_fastdump_ForkJvmHeapDumper_resumeAndWait
0x00040940,28,STT_FUNC,STB_GLOBAL,MatchFinder_Init_LowHash
0x00042360,276,STT_FUNC,STB_GLOBAL,Lzma2Decode
0x0005272c,240,STT_FUNC,STB_WEAK,_ZNSt6__ndk112__hash_tableINS_17__hash_value_typeINS_17basic_string_viewIcNS_11char_traitsIcEEEEjEENS_22__unordered_map_hasherIS5_S6_NS_4hashIS5_EENS_8equal_toIS5_EELb1EEENS_21__unordered_map_equalIS5_S6_SB_S9_Lb1EEENS_9allocatorIS6_EEE4findIS5_EENS_15__hash_iteratorIPNS_11__hash_nodeIS6_PvEEEERKT_
0x00055a94,16,STT_FUNC,STB_GLOBAL,__android_log_get_minimum_priority
0x00059c50,220,STT_FUNC,STB_GLOBAL,__android_log_is_debuggable
0x0005ab18,136,STT_FUNC,STB_GLOBAL,_ZNSt11logic_errorC1EPKc
0x000622dc,364,STT_FUNC,STB_GLOBAL,_ZNSt6__ndk110to_wstringEj
0x0005c2dc,200,STT_FUNC,STB_WEAK,_ZNSt6__ndk112basic_stringIcNS_11char_traitsIcEENS_9allocatorIcEEEC1ERKS5_mmRKS4_
0x00064230,52,STT_FUNC,STB_GLOBAL,_ZSt13set_terminatePFvvE
0x00066248,44,STT_FUNC,STB_GLOBAL,_ZNSt8bad_castD0Ev
0x0008c170,32,STT_OBJECT,STB_GLOBAL,_ZTVSt9type_info
0x00024729,4,STT_OBJECT,STB_GLOBAL,_ZTSPKi
0x00024781,2,STT_OBJECT,STB_GLOBAL,_ZTSd
0x00045b0c,436,STT_FUNC,STB_GLOBAL,LzmaEnc_Init
0x0004ada0,28,STT_FUNC,STB_GLOBAL,Ppmd7z_RangeEnc_Init
0x00024732,4,STT_OBJECT,STB_GLOBAL,_ZTSPKj
0x0002478a,2,STT_OBJECT,STB_GLOBAL,_ZTSe
0x0004ca60,8,STT_FUNC,STB_GLOBAL,XzUnpacker_Free
0x00040258,28,STT_FUNC,STB_GLOBAL,Delta_Init
0x00041b6c,28,STT_FUNC,STB_GLOBAL,Lzma2Dec_Init
0x0004e54c,8,STT_FUNC,STB_GLOBAL,XzEnc_SetDataSize
0x00055a78,28,STT_FUNC,STB_GLOBAL,__android_log_set_minimum_priority
0x00061d34,724,STT_FUNC,STB_GLOBAL,_ZNSt6__ndk110to_wstringEl
0x00024778,2,STT_OBJECT,STB_GLOBAL,_ZTSf
0x0008b238,40,STT_OBJECT,STB_GLOBAL,_ZTINSt6__ndk119__shared_weak_countE
0x00062448,628,STT_FUNC,STB_GLOBAL,_ZNSt6__ndk110to_wstringEm
0x0006629c,8,STT_FUNC,STB_GLOBAL,_ZNSt10bad_typeidD1Ev
0x0002473b,4,STT_OBJECT,STB_GLOBAL,_ZTSPKl
0x00024793,2,STT_OBJECT,STB_GLOBAL,_ZTSg
0x0003adf4,36,STT_FUNC,STB_WEAK,_ZN4kwai6linker14FileElfWrapperD0Ev
0x0003c430,60,STT_FUNC,STB_GLOBAL,SzArEx_GetFileNameUtf16
0x0005df44,52,STT_FUNC,STB_WEAK,_ZNSt6__ndk112basic_stringIwNS_11char_traitsIwEENS_9allocatorIwEEEaSEw
0x0005fd7c,24,STT_FUNC,STB_GLOBAL,_ZNKSt6__ndk121__basic_string_commonILb1EE20__throw_out_of_rangeEv
0x0008b428,24,STT_OBJECT,STB_GLOBAL,_ZTISt16invalid_argument
0x00024700,2,STT_OBJECT,STB_GLOBAL,_ZTSh
0x00024744,4,STT_OBJECT,STB_GLOBAL,_ZTSPKm
0x00194348,8,STT_OBJECT,STB_GLOBAL,g_CrcUpdate
0x00060bcc,396,STT_FUNC,STB_GLOBAL,_ZNSt6__ndk16stoullERKNS_12basic_stringIwNS_11char_traitsIwEENS_9allocatorIwEEEEPmi
0x0008b3e8,24,STT_OBJECT,STB_GLOBAL,_ZTISt12domain_error
0x00024724,2,STT_OBJECT,STB_GLOBAL,_ZTSi
0x0002475f,4,STT_OBJECT,STB_GLOBAL,_ZTSPKn
0x0004fc60,64,STT_FUNC,STB_GLOBAL,kwai_process_vm_writev
0x00059c00,80,STT_FUNC,STB_GLOBAL,__android_log_is_loggable
0x0008b2d8,16,STT_OBJECT,STB_GLOBAL,_ZTISt9exception
0x0002472d,2,STT_OBJECT,STB_GLOBAL,_ZTSj
0x00024768,4,STT_OBJECT,STB_GLOBAL,_ZTSPKo
0x00038384,52,STT_FUNC,STB_WEAK,_ZNSt6__ndk112basic_stringIcNS_11char_traitsIcEENS_9allocatorIcEEEC2B8ne180000ILi0EEEPKc
0x0003d700,76,STT_FUNC,STB_GLOBAL,Buf_Create
0x0005a744,8,STT_FUNC,STB_GLOBAL,_ZNSt6__ndk119__shared_weak_countD0Ev
0x0007eb4c,8,STT_FUNC,STB_WEAK,_ZdaPvm
0x0008afd8,56,STT_OBJECT,STB_WEAK,_ZTVNSt6__ndk120__shared_ptr_emplaceIN4kwai6linker16MemoryElfWrapperENS_9allocatorIS3_EEEE
0x00052204,8,STT_FUNC,STB_WEAK,_ZNSt6__ndk112__hash_tableINS_17__hash_value_typeIjNS_4pairINS_17basic_string_viewIcNS_11char_traitsIcEEEES6_EEEENS_22__unordered_map_hasherIjS8_NS_4hashIjEENS_8equal_toIjEELb1EEENS_21__unordered_map_equalIjS8_SD_SB_Lb1EEENS_9allocatorIS8_EEE16__emplace_uniqueB8ne180000INS2_IjS7_EEEENS2_INS_15__hash_iteratorIPNS_11__hash_nodeIS8_PvEEEEbEEOT_
0x00055ab0,12,STT_FUNC,STB_GLOBAL,__android_log_call_aborter
0x0002459a,20,STT_OBJECT,STB_GLOBAL,_ZTSSt15underflow_error
0x00024736,2,STT_OBJECT,STB_GLOBAL,_ZTSl
0x0004c2a4,128,STT_FUNC,STB_GLOBAL,Crc64GenerateTable
0x000457ac,252,STT_FUNC,STB_GLOBAL,LzmaEnc_SetProps
0x000645ac,44,STT_FUNC,STB_GLOBAL,_ZNSt16invalid_argumentD0Ev
0x00064438,108,STT_FUNC,STB_GLOBAL,_ZNSt12domain_errorD2Ev
0x0002473f,2,STT_OBJECT,STB_GLOBAL,_ZTSm
0x0008b078,56,STT_OBJECT,STB_WEAK,_ZTVNSt6__ndk120__shared_ptr_emplaceIN4kwai6linker14FileElfWrapperENS_9allocatorIS3_EEEE
0x00043174,24,STT_FUNC,STB_GLOBAL,LzmaDec_Init
0x0005168c,128,STT_FUNC,STB_GLOBAL,_ZNK11EventTagMap4findEj
0x00054fcc,44,STT_FUNC,STB_GLOBAL,LogdClose
0x0005ea98,172,STT_FUNC,STB_WEAK,_ZNKSt6__ndk112basic_stringIwNS_11char_traitsIwEENS_9allocatorIwEEE12find_last_ofEPKwmm
0x0005ec6c,296,STT_FUNC,STB_WEAK,_ZNSt6__ndk112basic_stringIwNS_11char_traitsIwEENS_9allocatorIwEEE9push_backEw
0x00024717,4,STT_OBJECT,STB_GLOBAL,_ZTSPKs
0x0002475a,2,STT_OBJECT,STB_GLOBAL,_ZTSn
0x0005c3a4,112,STT_FUNC,STB_WEAK,_ZNKSt6__ndk112basic_stringIcNS_11char_traitsIcEENS_9allocatorIcEEE4findEcm
0x0008b4a8,24,STT_OBJECT,STB_GLOBAL,_ZTISt12out_of_range
0x000644dc,108,STT_FUNC,STB_GLOBAL,_ZNSt14overflow_errorD2Ev
0x00024720,4,STT_OBJECT,STB_GLOBAL,_ZTSPKt
0x00024763,2,STT_OBJECT,STB_GLOBAL,_ZTSo
0x00053900,104,STT_FUNC,STB_GLOBAL,android_log_write_int32
0x00064310,8,STT_FUNC,STB_GLOBAL,_ZNSt20bad_array_new_lengthD2Ev
0x00066228,24,STT_FUNC,STB_GLOBAL,_ZNSt8bad_castC1Ev
0x0003e604,88,STT_FUNC,STB_GLOBAL,File_Seek
0x0005170c,28,STT_FUNC,STB_WEAK,_ZN7android6RWLock9AutoRLockD2Ev
0x000246d5,4,STT_OBJECT,STB_GLOBAL,_ZTSPKv
0x0008c078,56,STT_OBJECT,STB_GLOBAL,_ZTVN10__cxxabiv117__pbase_type_infoE
0x000399a4,36,STT_FUNC,STB_WEAK,_ZN4kwai6linker16MemoryElfWrapperD0Ev
0x0003ac64,36,STT_FUNC,STB_WEAK,_ZNSt6__ndk120__shared_ptr_emplaceIN4kwai6linker14FileElfWrapperENS_9allocatorIS3_EEED0Ev
0x0005ad64,56,STT_FUNC,STB_GLOBAL,_ZNSt13runtime_errorC2ERKS_
0x0006020c,368,STT_FUNC,STB_GLOBAL,_ZNSt6__ndk16stoullERKNS_12basic_stringIcNS_11char_traitsIcEENS_9allocatorIcEEEEPmi
0x00062008,724,STT_FUNC,STB_GLOBAL,_ZNSt6__ndk110to_wstringEx
0x000246f3,4,STT_OBJECT,STB_GLOBAL,_ZTSPKw
0x00024803,37,STT_OBJECT,STB_GLOBAL,_ZTSN10__cxxabiv120__si_class_type_infoE
0x0003c270,448,STT_FUNC,STB_GLOBAL,SzArEx_Extract
0x0005d288,80,STT_FUNC,STB_WEAK,_ZNSt6__ndk112basic_stringIcNS_11char_traitsIcEENS_9allocatorIcEEE7replaceEmmRKS5_mm
0x0005fa7c,80,STT_FUNC,STB_WEAK,_ZNSt6__ndk112basic_stringIwNS_11char_traitsIwEENS_9allocatorIwEEE7replaceEmmRKS5_mm
0x000626bc,628,STT_FUNC,STB_GLOBAL,_ZNSt6__ndk110to_wstringEy
0x00066284,24,STT_FUNC,STB_GLOBAL,_ZNSt10bad_typeidC2Ev
0x00024712,2,STT_OBJECT,STB_GLOBAL,_ZTSs
0x0002474d,4,STT_OBJECT,STB_GLOBAL,_ZTSPKx
0x0004c3dc,96,STT_FUNC,STB_GLOBAL,Xz_ReadVarInt
0x00056928,160,STT_FUNC,STB_GLOBAL,android_log_addFilterString
0x0008b1c8,40,STT_OBJECT,STB_GLOBAL,_ZTVNSt6__ndk114__shared_countE
0x0002471b,2,STT_OBJECT,STB_GLOBAL,_ZTSt
0x00024756,4,STT_OBJECT,STB_GLOBAL,_ZTSPKy
0x0003f250,192,STT_FUNC,STB_GLOBAL,AesCtr_Code
0x00051fa4,8,STT_FUNC,STB_WEAK,_ZN7android6RWLockC2Ev
0x00053b14,140,STT_FUNC,STB_GLOBAL,android_log_write_list_end
0x0005c500,156,STT_FUNC,STB_WEAK,_ZNKSt6__ndk112basic_stringIcNS_11char_traitsIcEENS_9allocatorIcEEE12find_last_ofEPKcmm
0x0002476f,4,STT_OBJECT,STB_GLOBAL,_ZTSPDh
0x0003ae18,44,STT_FUNC,STB_WEAK,_ZN4kwai6linker14FileElfWrapper7IsValidEv
0x0003f798,4,STT_FUNC,STB_GLOBAL,AesCtr_Code_Intel
0x0004fe54,104,STT_FUNC,STB_GLOBAL,_ZN9prop_infoC2EPKcjS1_j
0x000246d0,2,STT_OBJECT,STB_GLOBAL,_ZTSv
0x000247b7,4,STT_OBJECT,STB_GLOBAL,_ZTSPDi
0x0003d7f4,172,STT_FUNC,STB_GLOBAL,CrcGenerateTable
0x0004565c,336,STT_FUNC,STB_GLOBAL,LzmaEnc_RestoreState
0x0005d2d8,436,STT_FUNC,STB_WEAK,_ZNSt6__ndk112basic_stringIcNS_11char_traitsIcEENS_9allocatorIcEEE6insertENS_11__wrap_iterIPKcEEc
0x000246ee,2,STT_OBJECT,STB_GLOBAL,_ZTSw
0x0003e7c8,108,STT_FUNC,STB_GLOBAL,SeqInStream_Read2
0x00040ce8,104,STT_FUNC,STB_GLOBAL,Hc3Zip_MatchFinder_GetMatches
0x00042e48,244,STT_FUNC,STB_GLOBAL,Lzma86_Decode
0x0004c9fc,28,STT_FUNC,STB_GLOBAL,XzUnpacker_Init
0x0004e518,52,STT_FUNC,STB_GLOBAL,XzEnc_SetProps
0x0008b1b0,24,STT_OBJECT,STB_GLOBAL,_ZTINSt6__ndk112bad_weak_ptrE
0x00060ebc,356,STT_FUNC,STB_GLOBAL,_ZNSt6__ndk14stodERKNS_12basic_stringIwNS_11char_traitsIwEENS_9allocatorIwEEEEPm
0x00024748,2,STT_OBJECT,STB_GLOBAL,_ZTSx
0x0005bdf8,8,STT_FUNC,STB_WEAK,_ZNSt6__ndk112basic_stringIcNS_11char_traitsIcEENS_9allocatorIcEEE6assignEPKcm
0x0005c7f0,396,STT_FUNC,STB_WEAK,_ZNSt6__ndk112basic_stringIcNS_11char_traitsIcEENS_9allocatorIcEEE6appendEmc
0x00060d58,356,STT_FUNC,STB_GLOBAL,_ZNSt6__ndk14stofERKNS_12basic_stringIwNS_11char_traitsIwEENS_9allocatorIwEEEEPm
0x0002470b,3,STT_OBJECT,STB_GLOBAL,_ZTSPa
0x00024751,2,STT_OBJECT,STB_GLOBAL,_ZTSy
0x00037cc4,216,STT_FUNC,STB_GLOBAL,_ZN4kwai12leak_monitor9HprofDumpC2Ev
0x00039024,20,STT_FUNC,STB_GLOBAL,_ZN4kwai6linker9ElfReader12IsValidRangeEl
0x00052f58,656,STT_FUNC,STB_WEAK,_ZNSt6__ndk112__hash_tableINS_17__hash_value_typeINS_17basic_string_viewIcNS_11char_traitsIcEEEEjEENS_22__unordered_map_hasherIS5_S6_NS_4hashIS5_EENS_8equal_toIS5_EELb1EEENS_21__unordered_map_equalIS5_S6_SB_S9_Lb1EEENS_9allocatorIS6_EEE25__emplace_unique_key_argsIS5_JNS_4pairIS5_jEEEEENSJ_INS_15__hash_iteratorIPNS_11__hash_nodeIS6_PvEEEEbEERKT_DpOT0_
0x0005589c,172,STT_FUNC,STB_GLOBAL,android_logger_list_read
0x00064038,20,STT_FUNC,STB_GLOBAL,_ZSt13get_terminatev
0x000661f4,8,STT_FUNC,STB_GLOBAL,_ZNSt9type_infoD2Ev
0x0008b628,56,STT_OBJECT,STB_GLOBAL,_ZTVN10__cxxabiv116__shim_type_infoE
0x000246e7,3,STT_OBJECT,STB_GLOBAL,_ZTSPb
0x000246dc,4,STT_OBJECT,STB_GLOBAL,_ZTSPDn
0x000246f9,3,STT_OBJECT,STB_GLOBAL,_ZTSPc
0x000462e0,28,STT_FUNC,STB_GLOBAL,LzmaEnc_PrepareForLzma2
0x00051e58,112,STT_FUNC,STB_WEAK,_ZN11EventTagMapD2Ev
0x00024783,3,STT_OBJECT,STB_GLOBAL,_ZTSPd
0x0005b938,68,STT_FUNC,STB_WEAK,_ZNKSt6__ndk112basic_stringIcNS_11char_traitsIcEENS_9allocatorIcEEE2atEm
0x0002478c,3,STT_OBJECT,STB_GLOBAL,_ZTSPe
0x0005ad9c,112,STT_FUNC,STB_GLOBAL,_ZNSt13runtime_erroraSERKS_
0x00024500,13,STT_OBJECT,STB_GLOBAL,_ZTSSt9bad_alloc
0x0002477a,3,STT_OBJECT,STB_GLOBAL,_ZTSPf
0x00041b20,76,STT_FUNC,STB_GLOBAL,Lzma2Dec_Allocate
0x00024795,3,STT_OBJECT,STB_GLOBAL,_ZTSPg
0x0003b5c0,3248,STT_FUNC,STB_GLOBAL,SzArEx_Open
0x00053658,56,STT_FUNC,STB_GLOBAL,create_android_logger
0x00024702,3,STT_OBJECT,STB_GLOBAL,_ZTSPh
0x000247ab,4,STT_OBJECT,STB_GLOBAL,_ZTSPDs
0x00053850,176,STT_FUNC,STB_GLOBAL,android_log_write_list_begin
0x0005c2dc,200,STT_FUNC,STB_WEAK,_ZNSt6__ndk112basic_stringIcNS_11char_traitsIcEENS_9allocatorIcEEEC2ERKS5_mmRKS4_
0x0005e95c,240,STT_FUNC,STB_WEAK,_ZNSt6__ndk112basic_stringIwNS_11char_traitsIwEENS_9allocatorIwEEE6__initEmw
0x00024726,3,STT_OBJECT,STB_GLOBAL,_ZTSPi
0x0008b0b0,24,STT_OBJECT,STB_WEAK,_ZTINSt6__ndk120__shared_ptr_emplaceIN4kwai6linker14FileElfWrapperENS_9allocatorIS3_EEEE
0x0005220c,616,STT_FUNC,STB_WEAK,_ZNSt6__ndk112__hash_tableINS_17__hash_value_typeIjNS_4pairINS_17basic_string_viewIcNS_11char_traitsIcEEEES6_EEEENS_22__unordered_map_hasherIjS8_NS_4hashIjEENS_8equal_toIjEELb1EEENS_21__unordered_map_equalIjS8_SD_SB_Lb1EEENS_9allocatorIS8_EEE25__emplace_unique_key_argsIjJNS2_IjS7_EEEEENS2_INS_15__hash_iteratorIPNS_11__hash_nodeIS8_PvEEEEbEERKT_DpOT0_
0x0002472f,3,STT_OBJECT,STB_GLOBAL,_ZTSPj
0x0002479f,4,STT_OBJECT,STB_GLOBAL,_ZTSPDu
0x00040bb0,104,STT_FUNC,STB_GLOBAL,Bt3Zip_MatchFinder_GetMatches
0x000556c0,24,STT_FUNC,STB_GLOBAL,android_log_id_to_name
0x0005d888,196,STT_FUNC,STB_WEAK,_ZNKSt6__ndk112basic_stringIwNS_11char_traitsIwEENS_9allocatorIwEEE5rfindEPKwmm
0x0005f61c,224,STT_FUNC,STB_WEAK,_ZNKSt6__ndk112basic_stringIwNS_11char_traitsIwEENS_9allocatorIwEEE4findEPKwmm
0x0003d5e8,12,STT_FUNC,STB_GLOBAL,DynBuf_Construct
0x0004dc48,1140,STT_FUNC,STB_GLOBAL,XzDecMt_Decode
0x000549b8,8,STT_FUNC,STB_GLOBAL,android_logger_get_log_readable_size
0x0005facc,252,STT_FUNC,STB_WEAK,_ZNSt6__ndk112basic_stringIwNS_11char_traitsIwEENS_9allocatorIwEEE6insertENS_11__wrap_iterIPKwEEw
0x00024738,3,STT_OBJECT,STB_GLOBAL,_ZTSPl
0x0008bfa8,80,STT_OBJECT,STB_GLOBAL,_ZTVN10__cxxabiv120__si_class_type_infoE
0x00059d2c,192,STT_FUNC,STB_GLOBAL,__android_log_security
0x0005a734,8,STT_FUNC,STB_GLOBAL,_ZNSt6__ndk114__shared_countD2Ev
0x0005c6c0,304,STT_FUNC,STB_WEAK,_ZNSt6__ndk112basic_stringIcNS_11char_traitsIcEENS_9allocatorIcEEE9push_backEc
0x00024741,3,STT_OBJECT,STB_GLOBAL,_ZTSPm
0x0008b0c8,40,STT_OBJECT,STB_WEAK,_ZTVN4kwai6linker14FileElfWrapperE
0x0003f7a8,4,STT_FUNC,STB_GLOBAL,MyFree
0x00053798,84,STT_FUNC,STB_GLOBAL,android_log_reset
0x0005dcc0,340,STT_FUNC,STB_WEAK,_ZNSt6__ndk112basic_stringIwNS_11char_traitsIwEENS_9allocatorIwEEE6insertEmmw
0x0002475c,3,STT_OBJECT,STB_GLOBAL,_ZTSPn
0x00038bc8,20,STT_FUNC,STB_GLOBAL,Java_com_kwai_koom_fastdump_ForkJvmHeapDumper_suspendAndFork
0x0003f490,32,STT_FUNC,STB_GLOBAL,AesCbc_Init
0x0003f79c,12,STT_FUNC,STB_GLOBAL,MyAlloc
0x0005a960,36,STT_FUNC,STB_GLOBAL,_ZNSt6__ndk18__sp_mut4lockEv
0x0008b328,24,STT_OBJECT,STB_GLOBAL,_ZTISt9bad_alloc
0x00094238,8,STT_OBJECT,STB_GLOBAL,__cxa_unexpected_handler
0x00024765,3,STT_OBJECT,STB_GLOBAL,_ZTSPo
0x00042664,76,STT_FUNC,STB_GLOBAL,Lzma2Enc_Destroy
0x00048850,8,STT_FUNC,STB_GLOBAL,LzmaEnc_IsWriteEndMark
0x0005cd80,164,STT_FUNC,STB_WEAK,_ZNKSt6__ndk112basic_stringIcNS_11char_traitsIcEENS_9allocatorIcEEE7compareEmmPKc
0x0005e8e8,116,STT_FUNC,STB_WEAK,_ZNKSt6__ndk112basic_stringIwNS_11char_traitsIwEENS_9allocatorIwEEE4findEwm
0x00064428,16,STT_FUNC,STB_GLOBAL,_ZNKSt20bad_array_new_length4whatEv
0x000644dc,108,STT_FUNC,STB_GLOBAL,_ZNSt11range_errorD1Ev
0x0008b108,16,STT_OBJECT,STB_GLOBAL,g_Alloc
0x00048798,184,STT_FUNC,STB_GLOBAL,LzmaEnc_WriteProperties
0x000244e7,25,STT_OBJECT,STB_GLOBAL,_ZTSSt20bad_array_new_length
