so_name,architecture,size_bytes,sha256,build_id,domain,functional_role,maturity_score,source_container
libandroidx.graphics.path.so,AArch64,10096,41e9a793c43a0f4fddb19e33f346bace464f30f888ba7b9eaf96294ea115bfb6,a7846ae06d6bf6cf63fa7c5e056b5de493c71567,P3_INFRASTRUCTURE,"Security, Telemetry, Framework or Runtime Glue",85,Picsart_30.7.8.apks::split_config.arm64_v8a.apk::lib/arm64-v8a/libandroidx.graphics.path.so
libapplovin-native-crash-reporter.so,AArch64,843152,235209c7846a1c4d22fe7401a6a9d110447b3c83a183c92a3d0e7052bed0ea3b,11a983100fbf0cfc89b2b05af1e6ee2e0f167980,P3_INFRASTRUCTURE,"Security, Telemetry, Framework or Runtime Glue",85,Picsart_30.7.8.apks::split_config.arm64_v8a.apk::lib/arm64-v8a/libapplovin-native-crash-reporter.so
libbucketfill.so,AArch64,6544,48fb250cd08e8278e3267b27115f330b46a35fafc9cd6f48c29af7b2226f1fcb,135690b6cc3cbef74166a1ecfe8d30c19a70e522,P0_CORE_GRAPHICS,"Brush, Smudge & Raster Editing Core",100,Picsart_30.7.8.apks::split_config.arm64_v8a.apk::lib/arm64-v8a/libbucketfill.so
libbugsnag-ndk.so,AArch64,1154848,9e5d838a6f610466ed9aca93588adb32f9a310e1627f11ccce95db05d663aa8c,a2c6181c083558c55bda33f72bfc63b51a802531,P3_INFRASTRUCTURE,"Security, Telemetry, Framework or Runtime Glue",85,Picsart_30.7.8.apks::split_config.arm64_v8a.apk::lib/arm64-v8a/libbugsnag-ndk.so
libbugsnag-plugin-android-anr.so,AArch64,13656,934a2a28c3b38ca15dfeea9d3c88a19e70d30a8491262e80c3397a163c4c09ea,9d5a93fb2075c6a5171232e08cb26908f9881cda,P3_INFRASTRUCTURE,"Security, Telemetry, Framework or Runtime Glue",85,Picsart_30.7.8.apks::split_config.arm64_v8a.apk::lib/arm64-v8a/libbugsnag-plugin-android-anr.so
libbugsnag-root-detection.so,AArch64,5016,a6b4f976cd2de3eaf8efe7d636344b8ba7cd4e67b9f235640af808fd92f4ad4f,28a134021d0c97c645a2064ad87d26a65a845dcc,P3_INFRASTRUCTURE,"Security, Telemetry, Framework or Runtime Glue",85,Picsart_30.7.8.apks::split_config.arm64_v8a.apk::lib/arm64-v8a/libbugsnag-root-detection.so
libgecore.so,AArch64,7512,00862b383363db39e39531d3ec9f97f4ff39988dbd859bbac5efc3932b1bc7f5,c940d7d5cac12750c107970c474a7c43cafa95ae,P3_UTILITY,General Native Utility Library,80,Picsart_30.7.8.apks::split_config.arm64_v8a.apk::lib/arm64-v8a/libgecore.so
libgifencoder.so,AArch64,231664,febf6e8b4bccb7d517793204c2116ea08cec0f5f9bff2de6f6d34909e16918eb,59949d9e820d9b6abd9834990285fc77ef53cd52,P2_MEDIA_CODEC,Audio/Video/Image Codec & Transcoder,90,Picsart_30.7.8.apks::split_config.arm64_v8a.apk::lib/arm64-v8a/libgifencoder.so
libgifimage.so,AArch64,318992,9f605249728da7091569772a38a4dde298ed48e1e73fed3da0e4b662ef38715c,025f3e3a78d6bbe9,P2_MEDIA_CODEC,Audio/Video/Image Codec & Transcoder,90,Picsart_30.7.8.apks::split_config.arm64_v8a.apk::lib/arm64-v8a/libgifimage.so
libimagepipeline.so,AArch64,8760,1b377992e4256fa9398ec057722f84a359c7d588e570c8a41f51d930c19ece7d,d0f121db897acfc4,P3_UTILITY,General Native Utility Library,80,Picsart_30.7.8.apks::split_config.arm64_v8a.apk::lib/arm64-v8a/libimagepipeline.so
libnative-filters.so,AArch64,23712,4294b57460e70a6351ce7ae2733a79c088c907dfa54673a657227ec5bb669594,04562bd3ada0842b,P0_CORE_GRAPHICS,"Color Grading, 3D LUT & Photographic Filtering",100,Picsart_30.7.8.apks::split_config.arm64_v8a.apk::lib/arm64-v8a/libnative-filters.so
libnative-imagetranscoder.so,AArch64,585376,2aed28298a25afd52ac670cf9682398c6c7ba42a57195c01efd565e7ddfe17ca,7eef0da60ca68bf3,P3_UTILITY,General Native Utility Library,80,Picsart_30.7.8.apks::split_config.arm64_v8a.apk::lib/arm64-v8a/libnative-imagetranscoder.so
libpilibs.so,AArch64,30483256,fface56d0566d11ccbb0fe03f61492a63e41e0c74eb291605970d846c338de6b,1f8718a0377a5f20e56e622e97fbcb288aa76c90,P0_CORE_GRAPHICS,"Brush, Smudge & Raster Editing Core",100,Picsart_30.7.8.apks::split_config.arm64_v8a.apk::lib/arm64-v8a/libpilibs.so
libpl_droidsonroids_gif.so,AArch64,42464,8749489e1ff6c5acdb3e1d8ce98aacfde1abb10f02f1078a91ff3938d60e6d0c,994ae55619a0964442d4e1cb072b8208dd0704b9,P2_MEDIA_CODEC,Audio/Video/Image Codec & Transcoder,90,Picsart_30.7.8.apks::split_config.arm64_v8a.apk::lib/arm64-v8a/libpl_droidsonroids_gif.so
libsigner.so,AArch64,1366632,55353b7539894b40c6a8997f0734486cd71bddf1b0f4a0810a22ae8e15ffd2bc,7219539551f5c1ba78dcaf6219ffd02f1c2a4856,P3_INFRASTRUCTURE,"Security, Telemetry, Framework or Runtime Glue",85,Picsart_30.7.8.apks::split_config.arm64_v8a.apk::lib/arm64-v8a/libsigner.so
libsmudgetool.so,AArch64,5536,2ef8e586c862e8b7d296441f943bb18f0290c660829972f979e8da3324f8a08d,ccde5dda04092cd4cb5e5ea4dfec73b51959d98d,P0_CORE_GRAPHICS,"Brush, Smudge & Raster Editing Core",100,Picsart_30.7.8.apks::split_config.arm64_v8a.apk::lib/arm64-v8a/libsmudgetool.so
libstatic-webp.so,AArch64,501856,f3e5f9ab4f93f2a0a057285a2de9c93ba0ab59c76c22874d0356493ce283c4c7,3211ea73b90d92a8,P2_MEDIA_CODEC,Audio/Video/Image Codec & Transcoder,90,Picsart_30.7.8.apks::split_config.arm64_v8a.apk::lib/arm64-v8a/libstatic-webp.so
