LIBRARY,FUNCTION_ID,RVA,VA_IF_RELEVANT,SIZE,SECTION,RECOVERED_NAME,ORIGINAL_SYMBOL_IF_ANY,EXPORT,JNI_DIRECT_EXPORT,REGISTER_NATIVES_TARGET,CALLER_COUNT,CALLEE_COUNT,CALLERS,CALLEES,IMPORTED_APIS,STRING_XREFS,GLOBAL_XREFS,VTABLE_OR_CLASS,FUNCTION_SHA256,DECOMPILE_STATUS,SEMANTIC_LABEL,CONFIDENCE,NOTES
libManis.so,libManis_fn_0039ce10,0x0039ce10,0x0039ce10,1672,.text,ManisPackCompiledModel,ManisPackCompiledModel,True,False,False,0,32,,0x00957a20;0x00957a10;0x00957d30;0x00957a10;0x00957a20,0x00957a20;0x00957a10;0x00957d30;0x00957a10;0x00957a20,'e given parameters to a valid function signature.';'e given parameters to a valid function signature.',,,32843171431728D953BA544B14B94F0968F587405ABC3BD92C05FC67414C7E2F,DECOMPILED,NEURAL_INFERENCE_ENGINE,FACT,
libManis.so,libManis_fn_008d04cc,0x008d04cc,0x008d04cc,20,.text,_ZN5manis8ExecutorC2Ev,_ZN5manis8ExecutorC2Ev,True,False,False,0,0,,,,,,,B5A87860FAB85D6DEDFEA5DE6DE51291118D857FABFA6D62BE3D7036075821C9,DECOMPILED,NEURAL_INFERENCE_ENGINE,FACT,
libManis.so,libManis_fn_008d04e0,0x008d04e0,0x008d04e0,4,.text,_ZN5manis8ExecutorD2Ev,_ZN5manis8ExecutorD2Ev,True,False,False,0,0,,,,,,,110F46B5B35C069160560C6AD6786F647DD44E8760A52A46FC22DBBCD7630B91,DECOMPILED,NEURAL_INFERENCE_ENGINE,FACT,
libManis.so,libManis_fn_008d04e4,0x008d04e4,0x008d04e4,4,.text,_ZN5manis8ExecutorD0Ev,_ZN5manis8ExecutorD0Ev,True,False,False,0,0,,,,,,,A780185A19F25B3E6769923A2AA48D6F84EB01B39AAB7C7099323C19DF95C1DE,DECOMPILED,NEURAL_INFERENCE_ENGINE,FACT,
libManis.so,libManis_fn_008d04e8,0x008d04e8,0x008d04e8,5624,.text,_ZN5manis8Executor14CreateExecutorEPNS_3NetEPNS_13ExtendOptionsE,_ZN5manis8Executor14CreateExecutorEPNS_3NetEPNS_13ExtendOptionsE,True,False,False,0,17,,0x00957840;0x00957840;0x00957870;0x00957a10;0x008d1af4,0x00957a10;0x00957a10;0x009579f0;0x009579f0;0x009578f0,'Mizar';'Mizar',,,E3F1CD6B05537B2B41BD1E2B84BC8AA1F2ABC72317385FE94CADE709316F7AE9,DECOMPILED,NEURAL_INFERENCE_ENGINE,FACT,
libManis.so,libManis_fn_008d1ae0,0x008d1ae0,0x008d1ae0,20,.text,_ZN5manis8Executor15ReleaseExecutorEPS0_,_ZN5manis8Executor15ReleaseExecutorEPS0_,True,False,False,0,0,,,,,,,1F32248C643EB24F1357C02126BB7B159D61ED737B5FD3CD9E19D7F1B13C4B02,DECOMPILED,NEURAL_INFERENCE_ENGINE,FACT,
libManis.so,libManis_fn_008d4ed8,0x008d4ed8,0x008d4ed8,12,.text,_ZN5manis12ManisVersionEv,_ZN5manis12ManisVersionEv,True,False,False,0,0,,,,,,,D814C7A7ECF22E8130CE057C6FC33AD2D8566288A7E0686D34F48174363A7DF4,DECOMPILED,NEURAL_INFERENCE_ENGINE,FACT,
libManis.so,libManis_fn_008d4ee4,0x008d4ee4,0x008d4ee4,1368,.text,_ZN5manis18ManisXpuApiVersionEv,_ZN5manis18ManisXpuApiVersionEv,True,False,False,0,22,,0x008dd0d4;0x00957a10;0x0033e200;0x008dd0d4;0x00957a10,0x00957a10;0x00957a10;0x00957a10;0x00957a10;0x00957a10,' parameters to a valid function signature.';'e given parameters to a valid function signature.';' given parameters to a valid function signature.',,,1596123D205661BCD79E12651EFDA8B742BF1407E46464F19F1668D9494E0501,DECOMPILED,NEURAL_INFERENCE_ENGINE,FACT,
libManis.so,libManis_fn_008d543c,0x008d543c,0x008d543c,56,.text,_ZN5manis13ExtendOptionsC1Ev,_ZN5manis13ExtendOptionsC1Ev,True,False,False,0,1,,0x00957a10,0x00957a10,,,,2B2B1FC85CFBF5719936ED03A2D1E698F1DCC48B92C0019E7D847A1E7523B6DE,DECOMPILED,NEURAL_INFERENCE_ENGINE,FACT,
libManis.so,libManis_fn_008d5474,0x008d5474,0x008d5474,60,.text,_ZN5manis13ExtendOptionsD1Ev,_ZN5manis13ExtendOptionsD1Ev,True,False,False,0,2,,0x008dc228;0x00957a20,0x00957a20,,,,637C8BBBD1A9BE08DF8E7992E086E5472F834642EEE64B65F8BE048C9AD3ED33,DECOMPILED,NEURAL_INFERENCE_ENGINE,FACT,
libManis.so,libManis_fn_008d54b0,0x008d54b0,0x008d54b0,220,.text,_ZN5manis13ExtendOptions3AddENS_14ExtendOptionIDEi,_ZN5manis13ExtendOptions3AddENS_14ExtendOptionIDEi,True,False,False,0,2,,0x00957a10;0x0033e200,0x00957a10,,,,5DE7F86DD26CD15F82419B09A4D4464570E6E1378B9157B7F62336559A588AA0,DECOMPILED,NEURAL_INFERENCE_ENGINE,FACT,
libManis.so,libManis_fn_008d558c,0x008d558c,0x008d558c,260,.text,_ZN5manis13ExtendOptions3AddENS_14ExtendOptionIDEf,_ZN5manis13ExtendOptions3AddENS_14ExtendOptionIDEf,True,False,False,0,3,,0x00957a10;0x0033e200;0x00957910,0x00957a10;0x00957910,,,,0D2E259AFD3B2FDC000343119BFD113C90E750B84B7EC83D168088AF8AFB3A4B,DECOMPILED,NEURAL_INFERENCE_ENGINE,FACT,
libManis.so,libManis_fn_008d5690,0x008d5690,0x008d5690,216,.text,_ZN5manis13ExtendOptions3AddENS_14ExtendOptionIDEPKv,_ZN5manis13ExtendOptions3AddENS_14ExtendOptionIDEPKv,True,False,False,0,2,,0x00957a10;0x0033e200,0x00957a10,,,,BBB743CDBE40795C005D45D3A0C0B6F557DD6C1DDC472689C8C0BD663701AAE5,DECOMPILED,NEURAL_INFERENCE_ENGINE,FACT,
libManis.so,libManis_fn_008d5768,0x008d5768,0x008d5768,8,.text,_ZN5manis13ExtendOptions3GetEv,_ZN5manis13ExtendOptions3GetEv,True,False,False,0,0,,,,,,,4197AD96213C98161E13FBFD6185A724B5570BA296D316558CBD5CC5C1842369,DECOMPILED,NEURAL_INFERENCE_ENGINE,FACT,
libManis.so,libManis_fn_008d5770,0x008d5770,0x008d5770,84,.text,_ZN5manis3Net9CreateNetEPNS_13ExtendOptionsE,_ZN5manis3Net9CreateNetEPNS_13ExtendOptionsE,True,False,False,0,3,,0x00957a10;0x008e3ec8;0x008e83ec,0x00957a10,,,,D02E53C39EE90417003CF48FD3FC56BF2ABD6C49450E3ABDDE914B3D022DA766,DECOMPILED,NEURAL_INFERENCE_ENGINE,FACT,
libManis.so,libManis_fn_008d57c4,0x008d57c4,0x008d57c4,20,.text,_ZN5manis3Net10ReleaseNetEPS0_,_ZN5manis3Net10ReleaseNetEPS0_,True,False,False,0,0,,,,,,,1F32248C643EB24F1357C02126BB7B159D61ED737B5FD3CD9E19D7F1B13C4B02,DECOMPILED,NEURAL_INFERENCE_ENGINE,FACT,
libManis.so,libManis_fn_008d57d8,0x008d57d8,0x008d57d8,20,.text,_ZN5manis3NetC2Ev,_ZN5manis3NetC2Ev,True,False,False,0,0,,,,,,,275F757E03A8C97EA29651FD940792017BEDCD9D79BDFAD856293445D1A3D6F8,DECOMPILED,NEURAL_INFERENCE_ENGINE,FACT,
libManis.so,libManis_fn_008d57ec,0x008d57ec,0x008d57ec,4,.text,_ZN5manis3NetD1Ev,_ZN5manis3NetD1Ev,True,False,False,0,0,,,,,,,110F46B5B35C069160560C6AD6786F647DD44E8760A52A46FC22DBBCD7630B91,DECOMPILED,NEURAL_INFERENCE_ENGINE,FACT,
libManis.so,libManis_fn_008d57f0,0x008d57f0,0x008d57f0,4,.text,_ZN5manis3NetD0Ev,_ZN5manis3NetD0Ev,True,False,False,0,0,,,,,,,A780185A19F25B3E6769923A2AA48D6F84EB01B39AAB7C7099323C19DF95C1DE,DECOMPILED,NEURAL_INFERENCE_ENGINE,FACT,
libManis.so,libManis_fn_008d57f4,0x008d57f4,0x008d57f4,1356,.text,_ZN5manis9IsSupportEPNS_13ExtendOptionsE,_ZN5manis9IsSupportEPNS_13ExtendOptionsE,True,False,False,0,17,,0x008cf6cc;0x00957a10;0x0033acfc;0x00957a20;0x008d5d40,0x00957a10;0x00957a20;0x00957d30;0x00957a20;0x00957a20,'Requested backend is not included in this build';'d backend is not included in this build';'equested backend is not included in this build',,,0C62EBB6C37D3BE8F4867DF506F23560390DC2003C1E8BDF115CB8A064B2EA95,DECOMPILED,NEURAL_INFERENCE_ENGINE,FACT,
libManis.so,libManis_fn_008d6040,0x008d6040,0x008d6040,280,.text,_ZN5manis9IsSupportENS_10DeviceTypeE,_ZN5manis9IsSupportENS_10DeviceTypeE,True,False,False,0,6,,0x00958a30;0x00957a10;0x0033e200;0x00958a10;0x00958a40,0x00958a30;0x00957a10;0x00958a10;0x00958a40;0x00957910,,,,33011437977C5D532ED29F9A953779248F3D2F8CEFFCBD21EE692EC4DD3403D7,DECOMPILED,NEURAL_INFERENCE_ENGINE,FACT,
libManis.so,libManis_fn_008d6158,0x008d6158,0x008d6158,456,.text,_ZN5manis9IsSupportENS_10DeviceTypeENS_8DataTypeE,_ZN5manis9IsSupportENS_10DeviceTypeENS_8DataTypeE,True,False,False,0,8,,0x00958a30;0x00957a10;0x0033e200;0x00957a10;0x0033e200,0x00958a30;0x00957a10;0x00957a10;0x00958a10;0x00958a40,,,,353B259EAFA106ADFC4A41B0532306A647E7AC147C7AC465BFED97FD4A566DFC,DECOMPILED,NEURAL_INFERENCE_ENGINE,FACT,
libManis.so,libManis_fn_008d6320,0x008d6320,0x008d6320,792,.text,_ZN5manis9IsSupportENS_10DeviceTypeENS_14QnnBackendTypeEPKcS3_,_ZN5manis9IsSupportENS_10DeviceTypeENS_14QnnBackendTypeEPKcS3_,True,False,False,0,12,,0x00958a30;0x00957a10;0x0033e200;0x00957a10;0x0033e200,0x00958a30;0x00957a10;0x00957a10;0x00957a10;0x00957a10,,,,89A7467BDC240F8DC9852860C136DFB301FBA00AD00F79EEC67E5C6AF101D4DE,DECOMPILED,NEURAL_INFERENCE_ENGINE,FACT,
libManis.so,libManis_fn_008d6638,0x008d6638,0x008d6638,568,.text,_ZN5manis9IsSupportENS_10DeviceTypeEPKc,_ZN5manis9IsSupportENS_10DeviceTypeEPKc,True,False,False,0,9,,0x00958a30;0x00957a10;0x0033e200;0x00957a10;0x00957a10,0x00958a30;0x00957a10;0x00957a10;0x00957a10;0x00958a10,,,,FAB56903ED74D05C4F4D5E0761002C3F8AF57F89203DA938D4995178FCFB9494,DECOMPILED,NEURAL_INFERENCE_ENGINE,FACT,
libManis.so,libManis_fn_008d6870,0x008d6870,0x008d6870,140,.text,_ZN5manis22IsSupportARMv82DotprodEv,_ZN5manis22IsSupportARMv82DotprodEv,True,False,False,0,4,,0x0032f644;0x00957870;0x009579f0;0x00957910,0x009579f0;0x00957910,,,,F367C926401359083EC5C82C45A8A18C784C0312986E7C059EEFB94D873CD754,DECOMPILED,NEURAL_INFERENCE_ENGINE,FACT,
libManis.so,libManis_fn_008d68fc,0x008d68fc,0x008d68fc,292,.text,_ZN5manis13GetDeviceInfoERi,_ZN5manis13GetDeviceInfoERi,True,False,False,0,7,,0x00957a00;0x00958080;0x00957970;0x00957f90;0x009578d0,0x00957a00;0x00958080;0x00957970;0x00957f90;0x009578d0,,,,6D4B4ADFE7A66C359BBD4CA2154231383851F981CBFB5B75CB3A7DCEC79361D2,DECOMPILED,NEURAL_INFERENCE_ENGINE,FACT,
libManis.so,libManis_fn_008d6a20,0x008d6a20,0x008d6a20,2548,.text,_ZN5manis15CheckModelValidEPKhj,_ZN5manis15CheckModelValidEPKhj,True,False,False,0,27,,0x003e1e70;0x003e1e70;0x00361bb8;0x0033af24;0x00363a04,0x00957d30;0x00957a20;0x009578f0;0x00957a20;0x00957900,'Mizar';'Mizar',,,68EB21F30C047E2B82B02B2368763DD6A7F51C0A4F1EDB867FB27826D1AD1413,DECOMPILED,NEURAL_INFERENCE_ENGINE,FACT,
libManis.so,libManis_fn_008d7414,0x008d7414,0x008d7414,8,.text,_ZN5manis14ParseModelInfoEPKhjPcj,_ZN5manis14ParseModelInfoEPKhjPcj,True,False,False,0,0,,,,,,,2B59DB05426E0F313D72B30F3398C65721DE2562A59DC46CEEBA224F98D0B876,DECOMPILED,NEURAL_INFERENCE_ENGINE,FACT,
libManis.so,libManis_fn_008d741c,0x008d741c,0x008d741c,8,.text,_ZN5manis13EmitModelInfoEPKhjPPhPjPKcS6_S6_,_ZN5manis13EmitModelInfoEPKhjPPhPjPKcS6_S6_,True,False,False,0,0,,,,,,,2B59DB05426E0F313D72B30F3398C65721DE2562A59DC46CEEBA224F98D0B876,DECOMPILED,NEURAL_INFERENCE_ENGINE,FACT,
libManis.so,libManis_fn_008d7424,0x008d7424,0x008d7424,8,.text,_ZN5manis13CreateMemPoolEPNS_13ExtendOptionsE,_ZN5manis13CreateMemPoolEPNS_13ExtendOptionsE,True,False,False,0,0,,,,,,,ED86E0B2911B6A4E9EDFA1A48E9544BA115299466A1992E2370619D8CE8E29FC,DECOMPILED,NEURAL_INFERENCE_ENGINE,FACT,
libManis.so,libManis_fn_008d742c,0x008d742c,0x008d742c,304,.text,_ZN5manis13SetMemoryModeENS_10MemoryModeE,_ZN5manis13SetMemoryModeENS_10MemoryModeE,True,False,False,0,10,,0x0035c1a8;0x008d755c;0x00957a20;0x00957870;0x009579f0,0x00957a20;0x009579f0;0x00957f90;0x009578d0;0x00957fa0,'memory_mode',,,972A902C9A5D589F2045DEDE4814742BD64E18930E545BDD041DD79F6257D212,DECOMPILED,NEURAL_INFERENCE_ENGINE,FACT,
libManis.so,libManis_fn_008d784c,0x008d784c,0x008d784c,308,.text,_ZN5manis13SetMemoryModeENS_10MemoryModeENS_10DeviceTypeE,_ZN5manis13SetMemoryModeENS_10MemoryModeENS_10DeviceTypeE,True,False,False,0,10,,0x0035c1a8;0x008d755c;0x00957a20;0x00957870;0x009579f0,0x00957a20;0x009579f0;0x00957f90;0x009578d0;0x00957fa0,'memory_mode',,,8FBA5FDFFB5BCDE90CD51AB68CD9A6B31ADDB21D47D43652F4D0427D40ADF691,DECOMPILED,NEURAL_INFERENCE_ENGINE,FACT,
libManis.so,libManis_fn_008d7980,0x008d7980,0x008d7980,2216,.text,_ZN5manis16SetGlobalOptionsEPNS_13ExtendOptionsE,_ZN5manis16SetGlobalOptionsEPNS_13ExtendOptionsE,True,False,False,0,24,,0x008e8868;0x008e8868;0x009578f0;0x009578f0;0x00957900,0x009578f0;0x009578f0;0x00957900;0x009579f0;0x00957910,'Mizar';'Mizar',,,2365F6F0670D82E614A9CC258F1DBE184B81962DE98D613581788E1B9B53F112,DECOMPILED,NEURAL_INFERENCE_ENGINE,FACT,
libManis.so,libManis_fn_008d84d8,0x008d84d8,0x008d84d8,472,.text,_ZN5manis14SetEnvVariableEPKc,_ZN5manis14SetEnvVariableEPKc,True,False,False,0,8,,0x00958a30;0x00957a10;0x0033e200;0x00957a10;0x0033e200,0x00958a30;0x00957a10;0x00957a10;0x00958a70;0x00958a40,,,,4E597A948BA437FBE6FD4308636BCD0A6A6F24647E0775CABCDD198F2E0C9533,DECOMPILED,NEURAL_INFERENCE_ENGINE,FACT,
libManis.so,libManis_fn_008d86b0,0x008d86b0,0x008d86b0,4,.text,_ZN5manis14SetLogCallBackEPFviPKcS1_E,_ZN5manis14SetLogCallBackEPFviPKcS1_E,True,False,False,0,0,,,,,,,7D04F227857C84411708F0B14EB5C9727E2C0FB873B1E4D81F890A38DCC0499B,DECOMPILED,NEURAL_INFERENCE_ENGINE,FACT,
libManis.so,libManis_fn_008d86b4,0x008d86b4,0x008d86b4,1116,.text,_ZN5manis17SetGlobalCacheDirEPKcb,_ZN5manis17SetGlobalCacheDirEPKcb,True,False,False,0,3,,0x009578f0;0x00957900;0x00957910,0x009578f0;0x00957900;0x00957910,'Mizar',,,BCCBE4E60CCCDC48E25C15CF8618C50DD1A93FEA6B55F9545E99D18773B70E07,DECOMPILED,NEURAL_INFERENCE_ENGINE,FACT,
libManis.so,libManis_fn_008d8b10,0x008d8b10,0x008d8b10,1172,.text,_ZN5manis13IsModelCachedEPKcNS_10DeviceTypeENS_8DataTypeENS_10LayoutTypeE,_ZN5manis13IsModelCachedEPKcNS_10DeviceTypeENS_8DataTypeENS_10LayoutTypeE,True,False,False,0,7,,0x003e1e70;0x00349234;0x00958a90;0x009578f0;0x00957900,0x00958a90;0x009578f0;0x00957900;0x00957910,'Mizar',,,0BD4A549863252370AC648C26450E5ECCB6356F2DE41B34D401768B16F5A5116,DECOMPILED,NEURAL_INFERENCE_ENGINE,FACT,
libManis.so,libManis_fn_008d8fa4,0x008d8fa4,0x008d8fa4,2476,.text,_ZN5manis13IsModelCachedEPKhjNS_10DeviceTypeENS_8DataTypeENS_10LayoutTypeE,_ZN5manis13IsModelCachedEPKhjNS_10DeviceTypeENS_8DataTypeENS_10LayoutTypeE,True,False,False,0,37,,0x00958a30;0x00957a10;0x0033e200;0x00957a10;0x0033e200,0x00958a30;0x00957a10;0x00957a10;0x00957a10;0x00957a10,'Mizar',,,A7AA98D9DECA4220D3920C6C390E8E4475174E9274E88CB7CACAF2C4210EC0BE,DECOMPILED,NEURAL_INFERENCE_ENGINE,FACT,
libManis.so,libManis_fn_008d9950,0x008d9950,0x008d9950,1172,.text,_ZN5manis10CacheModelEPKcNS_10DeviceTypeENS_8DataTypeENS_10LayoutTypeE,_ZN5manis10CacheModelEPKcNS_10DeviceTypeENS_8DataTypeENS_10LayoutTypeE,True,False,False,0,7,,0x003e1e70;0x00349234;0x00958aa0;0x009578f0;0x00957900,0x00958aa0;0x009578f0;0x00957900;0x00957910,'Mizar',,,7A368D1D83892EDAB9371597FFABF9FFC967547D910E477433EA45D010E9E88B,DECOMPILED,NEURAL_INFERENCE_ENGINE,FACT,
libManis.so,libManis_fn_008d9de4,0x008d9de4,0x008d9de4,3332,.text,_ZN5manis10CacheModelEPKhjNS_10DeviceTypeENS_8DataTypeENS_10LayoutTypeE,_ZN5manis10CacheModelEPKhjNS_10DeviceTypeENS_8DataTypeENS_10LayoutTypeE,True,False,False,0,37,,0x00958a30;0x00957a10;0x0033e200;0x00957a10;0x0033e200,0x00958a30;0x00957a10;0x00957a10;0x00957a10;0x00957a10,'Mizar';'Mizar',,,9E18BFF179A03C7302EE2B5FD2A4BB5431492BEC078F309EE0352093CE6BAE78,DECOMPILED,NEURAL_INFERENCE_ENGINE,FACT,
libManis.so,libManis_fn_008daae8,0x008daae8,0x008daae8,64,.text,_ZN5manis12CustomConfigC2Ev,_ZN5manis12CustomConfigC2Ev,True,False,False,0,1,,0x00957a10,0x00957a10,,,,B22AF4EAD948C9B301583F617C58D916F591496F3F3DB89CCF9F6B9289F1F3AF,DECOMPILED,NEURAL_INFERENCE_ENGINE,FACT,
libManis.so,libManis_fn_008dab28,0x008dab28,0x008dab28,180,.text,_ZN5manis12CustomConfigD1Ev,_ZN5manis12CustomConfigD1Ev,True,False,False,0,6,,0x00957a20;0x008dc41c;0x00957a20;0x00957a20;0x00957a20,0x00957a20;0x00957a20;0x00957a20;0x00957a20;0x00957910,,,,D278218AEB08F98AD94AC9C9C0BAA4EF8E5EEBA62D9FBC93138030A599182FBC,DECOMPILED,NEURAL_INFERENCE_ENGINE,FACT,
libManis.so,libManis_fn_008dabdc,0x008dabdc,0x008dabdc,292,.text,_ZN5manis12CustomConfig3AddENS_22CustomConfigApplyScopeENSt6__ndk112basic_stringIcNS2_11char_traitsIcEENS2_9allocatorIcEEEENS2_4pairINS_18CustomConfigMethodES8_EE,_ZN5manis12CustomConfig3AddENS_22CustomConfigApplyScopeENSt6__ndk112basic_stringIcNS2_11char_traitsIcEENS2_9allocatorIcEEEENS2_4pairINS_18CustomConfigMethodES8_EE,True,False,False,0,6,,0x00338e1c;0x00338e1c;0x008dad00;0x00957a20;0x00957a20,0x00957a20;0x00957a20;0x00957910,,,,018202D597F24FA098239B773146B7A824577E072358E7FF1746D7BFF3C59037,DECOMPILED,NEURAL_INFERENCE_ENGINE,FACT,
libManis.so,libManis_fn_008db0c4,0x008db0c4,0x008db0c4,220,.text,_ZN5manis12CustomConfig3AddENS_22CustomConfigApplyScopeEjNSt6__ndk14pairINS_18CustomConfigMethodENS2_12basic_stringIcNS2_11char_traitsIcEENS2_9allocatorIcEEEEEE,_ZN5manis12CustomConfig3AddENS_22CustomConfigApplyScopeEjNSt6__ndk14pairINS_18CustomConfigMethodENS2_12basic_stringIcNS2_11char_traitsIcEENS2_9allocatorIcEEEEEE,True,False,False,0,5,,0x008db1a0;0x00338e1c;0x008db1a0;0x00957a20;0x00957910,0x00957a20;0x00957910,,,,7949C019A01EB914E367F5095F0EE4FB1AA9F235FA9C10D3F37C420CDB278BBF,DECOMPILED,NEURAL_INFERENCE_ENGINE,FACT,
libManis.so,libManis_fn_008db4f8,0x008db4f8,0x008db4f8,8,.text,_ZN5manis12CustomConfig9SerializeEv,_ZN5manis12CustomConfig9SerializeEv,True,False,False,0,0,,,,,,,C13B6F6BA7C98883A791FBF248F35995B7A031691190600E77E5EB0E5671EE95,DECOMPILED,NEURAL_INFERENCE_ENGINE,FACT,
libManis.so,libManis_fn_008db500,0x008db500,0x008db500,2428,.text,_ZN5manis12CustomConfig4Impl9SerializeEv,_ZN5manis12CustomConfig4Impl9SerializeEv,True,False,False,0,31,,0x00957a10;0x00957a10;0x00957b00;0x00355cc8;0x00351984,0x00957a10;0x00957a10;0x00957b00;0x00957b70;0x00958ac0,'Scope';'OpName';'OpType',,,FC892EFF5DED622DE2ED6F0AF0D310F30B6322707D7D1197794215FF3B5D4D57,DECOMPILED,NEURAL_INFERENCE_ENGINE,FACT,
libManis.so,libManis_fn_008dbe7c,0x008dbe7c,0x008dbe7c,4,.text,ManisIsSupport,ManisIsSupport,True,False,False,0,0,,,,,,,26654F180F370E81CBB452EBF6C336B66FE536A606D4638F1B416C427E737B0B,DECOMPILED,NEURAL_INFERENCE_ENGINE,FACT,
libManis.so,libManis_fn_008dbe80,0x008dbe80,0x008dbe80,4,.text,ManisGetDeviceInfo,ManisGetDeviceInfo,True,False,False,0,0,,,,,,,DC388FA09EF4EA437466EC9F8E492F2198C5D3A83E72536073AF9707F066B516,DECOMPILED,NEURAL_INFERENCE_ENGINE,FACT,
libManis.so,libManis_fn_008dbe84,0x008dbe84,0x008dbe84,4,.text,ManisXpuApiVersion,ManisXpuApiVersion,True,False,False,0,0,,,,,,,C08BBC3EA7D1FB2F6BF37068EC0C8BBA8E21D282B30EB51EB60C10BFEC25BA73,DECOMPILED,NEURAL_INFERENCE_ENGINE,FACT,
libManis.so,libManis_fn_008dbe88,0x008dbe88,0x008dbe88,28,.text,SetEnvVariable,SetEnvVariable,True,False,False,0,0,,,,,,,95BCC860D66903DC457D9E0DA132467DA5AC09A8600252D76C34044B1A08A362,DECOMPILED,UTILITY_FUNCTION,FACT,
libManis.so,libManis_fn_008dbea4,0x008dbea4,0x008dbea4,892,.text,SetGlobalCacheDir,SetGlobalCacheDir,True,False,False,0,20,,0x00957b50;0x00957a10;0x00958a40;0x00958a30;0x00957a10,0x00957b50;0x00957a10;0x00958a40;0x00958a30;0x00957a10,'manis';'load',,,9E2A4F7FAF469CB9E8301BCFB570BBFC000B43AF220706DD82A7525A96F5BFEC,DECOMPILED,UTILITY_FUNCTION,FACT,
libManis.so,libManis_fn_008dc220,0x008dc220,0x008dc220,4,.text,IsModelCached,IsModelCached,True,False,False,0,0,,,,,,,7184A4CDB42034418F0BADC55602E8E114729DFEC6E37C8E0958B28105DAC1E2,DECOMPILED,NEURAL_INFERENCE_ENGINE,FACT,
libManis.so,libManis_fn_008dc224,0x008dc224,0x008dc224,4,.text,CacheModel,CacheModel,True,False,False,0,0,,,,,,,6F8B94DAFDD6730BE8B7BE9E9D99FA8389E024C914944EE3F712FAB60FBE1DA4,DECOMPILED,NEURAL_INFERENCE_ENGINE,FACT,
libManis.so,libManis_fn_008eac50,0x008eac50,0x008eac50,316,.text,_ZN5manis6TensorC1ERKNS_10DeviceTypeERKNS_10LayoutTypeERKNS_8DataTypeE,_ZN5manis6TensorC1ERKNS_10DeviceTypeERKNS_10LayoutTypeERKNS_8DataTypeE,True,False,False,0,9,,0x00957a10;0x003f8780;0x00957a20;0x00957870;0x009579f0,0x00957a10;0x00957a20;0x009579f0;0x009579f0;0x00957a20,,,,6682EC0579593CF6CA2281D91A0A40BAECC342FF2754615E87C2BD212CEE004F,DECOMPILED,NEURAL_INFERENCE_ENGINE,FACT,
libManis.so,libManis_fn_008ead8c,0x008ead8c,0x008ead8c,24,.text,_ZN5manis6TensorD1Ev,_ZN5manis6TensorD1Ev,True,False,False,0,0,,,,,,,1445A736913D87DFFB2C0E27D147365FAE88A6D749EF4D393186321A6E82B1F9,DECOMPILED,NEURAL_INFERENCE_ENGINE,FACT,
libManis.so,libManis_fn_008eada4,0x008eada4,0x008eada4,68,.text,_ZN5manis6TensorC1ERKS0_,_ZN5manis6TensorC1ERKS0_,True,False,False,0,2,,0x00957a10;0x003f8650,0x00957a10,,,,6FB88A18F07E7B3B2F2447C7E1E53388DB94DE4F6ECF38745C71F268874A0894,DECOMPILED,NEURAL_INFERENCE_ENGINE,FACT,
libManis.so,libManis_fn_008eade8,0x008eade8,0x008eade8,44,.text,_ZN5manis6TensoraSERKS0_,_ZN5manis6TensoraSERKS0_,True,False,False,0,1,,0x006c45b8,,,,,B2CD6BC3F1FC77A4049D3093EDB43CF89B98D9DC2BBFF488E5C92D2D4D4F04CF,DECOMPILED,NEURAL_INFERENCE_ENGINE,FACT,
libManis.so,libManis_fn_008eae14,0x008eae14,0x008eae14,120,.text,_ZN5manis6Tensor8CopyFromERKS0_,_ZN5manis6Tensor8CopyFromERKS0_,True,False,False,0,2,,0x003ebccc;0x00958af0,0x00958af0,,,,BB6C55DA49F4B41C4AC2AB2D9FFE8C99E5A34AE07EE1A65F758FFF8CF4461576,DECOMPILED,NEURAL_INFERENCE_ENGINE,FACT,
libManis.so,libManis_fn_008eae8c,0x008eae8c,0x008eae8c,2428,.text,_ZN5manis6Tensor12CopyFromDataEPKv,_ZN5manis6Tensor12CopyFromDataEPKv,True,False,False,0,13,,0x003f8a50;0x00957a20;0x00958b00;0x00958b00;0x003f91c0,0x00957a20;0x00958b00;0x00958b00;0x00957970;0x009578f0,'Mizar';'Mizar',,,5BEE3933330AA2CBC815C89CD2FF075D1D04DDEF7021E269B3422D65CE9C554A,DECOMPILED,NEURAL_INFERENCE_ENGINE,FACT,
libManis.so,libManis_fn_008eb808,0x008eb808,0x008eb808,36,.text,_ZNK5manis6Tensor4DataEv,_ZNK5manis6Tensor4DataEv,True,False,False,0,0,,,,,,,06FC4545E4AA02670F73583A4433ADC8FB0C8EEFF4E42D0F8EF554E87BC8539B,DECOMPILED,NEURAL_INFERENCE_ENGINE,FACT,
libManis.so,libManis_fn_008eb82c,0x008eb82c,0x008eb82c,8,.text,_ZNK5manis6Tensor13GetDeviceTypeEv,_ZNK5manis6Tensor13GetDeviceTypeEv,True,False,False,0,0,,,,,,,5103BA3DE080C52A046485F800433848701FAA49AB8F60241A80987CA249D7AC,DECOMPILED,NEURAL_INFERENCE_ENGINE,FACT,
libManis.so,libManis_fn_008eb834,0x008eb834,0x008eb834,16,.text,_ZNK5manis6Tensor13GetLayoutTypeEv,_ZNK5manis6Tensor13GetLayoutTypeEv,True,False,False,0,0,,,,,,,398CC5E674A4794121CB912B367DC5CBE0EF8F74F173B89550B3A092668E900B,DECOMPILED,NEURAL_INFERENCE_ENGINE,FACT,
libManis.so,libManis_fn_008eb844,0x008eb844,0x008eb844,16,.text,_ZNK5manis6Tensor11GetDataTypeEv,_ZNK5manis6Tensor11GetDataTypeEv,True,False,False,0,0,,,,,,,EDA0F9D4933D3CA6623160683F9448B1940B7C9506CA3E5F0360729AB6A6DE9B,DECOMPILED,NEURAL_INFERENCE_ENGINE,FACT,
libManis.so,libManis_fn_008eb854,0x008eb854,0x008eb854,20,.text,_ZN5manis6Tensor7SetTypeENS_13TensorMemTypeE,_ZN5manis6Tensor7SetTypeENS_13TensorMemTypeE,True,False,False,0,0,,,,,,,1916087E57A00B20FC32269DB348C185B6F31FE0D7557F1E3071232F642E7BC6,DECOMPILED,NEURAL_INFERENCE_ENGINE,FACT,
libManis.so,libManis_fn_008eb868,0x008eb868,0x008eb868,16,.text,_ZNK5manis6Tensor7GetTypeEv,_ZNK5manis6Tensor7GetTypeEv,True,False,False,0,0,,,,,,,5226BFB867199879E209C4193A2AB374FEB5C4D046686629BB50415B1746E997,DECOMPILED,NEURAL_INFERENCE_ENGINE,FACT,
libManis.so,libManis_fn_008eb878,0x008eb878,0x008eb878,44,.text,_ZN5manis6Tensor6SetDimEjj,_ZN5manis6Tensor6SetDimEjj,True,False,False,0,1,,0x003f8b6c,,,,,6C45636075883D06B876EEB89148500B44B25C3A5E5D04BB81F74FDCED6FE7D1,DECOMPILED,NEURAL_INFERENCE_ENGINE,FACT,
libManis.so,libManis_fn_008eb8a4,0x008eb8a4,0x008eb8a4,264,.text,_ZN5manis6Tensor6SetDimEjPj,_ZN5manis6Tensor6SetDimEjPj,True,False,False,0,5,,0x00957a10;0x00957cb0;0x003f8bb0;0x003f8bb0;0x00957a20,0x00957a10;0x00957cb0;0x00957a20,,,,6346817B89BBF6AEEC701E5235155896B1238AEDD3D585D4DCA226649C05215C,DECOMPILED,NEURAL_INFERENCE_ENGINE,FACT,
libManis.so,libManis_fn_008eb9ac,0x008eb9ac,0x008eb9ac,44,.text,_ZN5manis6Tensor6AddDimEj,_ZN5manis6Tensor6AddDimEj,True,False,False,0,1,,0x003f8cd8,,,,,15719B9B4A15FA99FFDA24A1B9FCB6E4330A5A191992CA91272BD286E315B6E5,DECOMPILED,NEURAL_INFERENCE_ENGINE,FACT,
libManis.so,libManis_fn_008eb9d8,0x008eb9d8,0x008eb9d8,24,.text,_ZNK5manis6Tensor6GetDimEj,_ZNK5manis6Tensor6GetDimEj,True,False,False,0,1,,0x003f8e7c,,,,,CB81AC18940BA4DA378855A8B819CA9181EEF2A6BFF9C922BC60EBD5CF30C29C,DECOMPILED,NEURAL_INFERENCE_ENGINE,FACT,
libManis.so,libManis_fn_008eb9f0,0x008eb9f0,0x008eb9f0,136,.text,_ZNK5manis6Tensor11GetDimArrayEPj,_ZNK5manis6Tensor11GetDimArrayEPj,True,False,False,0,0,,,,,,,A62E9729F1771ED265665CDCCE1388C8A13FAE342329CD4210B87133F5A7A79A,DECOMPILED,NEURAL_INFERENCE_ENGINE,FACT,
libManis.so,libManis_fn_008eba78,0x008eba78,0x008eba78,24,.text,_ZNK5manis6Tensor9GetDimNumEv,_ZNK5manis6Tensor9GetDimNumEv,True,False,False,0,0,,,,,,,2DFAF5EA705B59208E68830A7BEDCDEEE7677097B94DD37CDB6C964B80FD39A7,DECOMPILED,NEURAL_INFERENCE_ENGINE,FACT,
libManis.so,libManis_fn_008eba90,0x008eba90,0x008eba90,36,.text,_ZNK5manis6Tensor11GetDimCountEii,_ZNK5manis6Tensor11GetDimCountEii,True,False,False,0,0,,,,,,,3C143EA9E8587E69E34F81CEEDE3BFBE010418931A0E369540081637BD7C81F5,DECOMPILED,NEURAL_INFERENCE_ENGINE,FACT,
libManis.so,libManis_fn_008ebab4,0x008ebab4,0x008ebab4,8,.text,_ZNK5manis6Tensor8GetBytesEv,_ZNK5manis6Tensor8GetBytesEv,True,False,False,0,0,,,,,,,3EBFB605A0C037C171A62768D2120C6599EE9DDC2FA2018C9641ED52B2BE1DBE,DECOMPILED,NEURAL_INFERENCE_ENGINE,FACT,
libManis.so,libManis_fn_008ebabc,0x008ebabc,0x008ebabc,8,.text,_ZNK5manis6Tensor11GetElemsizeEv,_ZNK5manis6Tensor11GetElemsizeEv,True,False,False,0,0,,,,,,,2CA285ADBA26855420385DAC36F2700DF887B96426DBB54521E57F393EFBB60C,DECOMPILED,NEURAL_INFERENCE_ENGINE,FACT,
libManis.so,libManis_fn_008ebac4,0x008ebac4,0x008ebac4,100,.text,_ZN5manis6Tensor17ReferenceFromDataEPKv,_ZN5manis6Tensor17ReferenceFromDataEPKv,True,False,False,0,3,,0x003f9564;0x00957a20;0x00957910,0x00957a20;0x00957910,,,,09426F5A21F7E8962350F6AE7BB6397FF35BA8729ADC874102AF7B3E45578575,DECOMPILED,NEURAL_INFERENCE_ENGINE,FACT,
libManis.so,libManis_fn_008ebb28,0x008ebb28,0x008ebb28,264,.text,_ZN5manis6Tensor11MutableDataEv,_ZN5manis6Tensor11MutableDataEv,True,False,False,0,9,,0x00957a10;0x003e1ef8;0x00957a10;0x00957840;0x00957870,0x00957a10;0x00957a10;0x009579f0;0x009579f0,,,,F72E1585C435D7F827C0A360AA40C6795164E3EEC2FE1E3518C9AECC63D053BD,DECOMPILED,NEURAL_INFERENCE_ENGINE,FACT,
libManis.so,libManis_fn_008ebc30,0x008ebc30,0x008ebc30,8,.text,_ZN5manis6Tensor8FromFileEPKc,_ZN5manis6Tensor8FromFileEPKc,True,False,False,0,0,,,,,,,29A4DD508885718C2BC4D643683937AE392C2EA25738A7D4D276AFA266878DFE,DECOMPILED,NEURAL_INFERENCE_ENGINE,FACT,
libManis.so,libManis_fn_008ebc38,0x008ebc38,0x008ebc38,8,.text,_ZN5manis6Tensor6ToFileEPKc,_ZN5manis6Tensor6ToFileEPKc,True,False,False,0,0,,,,,,,A00315C233FA6E2200E6ADFF119F902D459642696BD21EC0747419E95CDCC047,DECOMPILED,NEURAL_INFERENCE_ENGINE,FACT,
libManis.so,libManis_fn_008ebc40,0x008ebc40,0x008ebc40,8,.text,_ZN5manis6Tensor3GetEv,_ZN5manis6Tensor3GetEv,True,False,False,0,0,,,,,,,4197AD96213C98161E13FBFD6185A724B5570BA296D316558CBD5CC5C1842369,DECOMPILED,NEURAL_INFERENCE_ENGINE,FACT,
libManis.so,libManis_fn_008ebc48,0x008ebc48,0x008ebc48,24,.text,_ZN5manis9NCHW2NHWCEPKfPfiiii,_ZN5manis9NCHW2NHWCEPKfPfiiii,True,False,False,0,0,,,,,,,BFFD2AE5C93109BE34993532169516ABC5DED660796D741EE7BD352851939D07,DECOMPILED,NEURAL_INFERENCE_ENGINE,FACT,
libManis.so,libManis_fn_008ebc60,0x008ebc60,0x008ebc60,24,.text,_ZN5manis9NHWC2NCHWEPKfPfiiii,_ZN5manis9NHWC2NCHWEPKfPfiiii,True,False,False,0,0,,,,,,,9CE326498F1748FD6D7FC48DD6991D37A524638EE0434DEEB520071784A25750,DECOMPILED,NEURAL_INFERENCE_ENGINE,FACT,
libManis.so,libManis_fn_008ebc78,0x008ebc78,0x008ebc78,24,.text,_ZN5manis12NHWCToNCHWC4EPKfPfmm,_ZN5manis12NHWCToNCHWC4EPKfPfmm,True,False,False,0,0,,,,,,,2284873896C9559C43D7927D5DB916749C83D161FC2CAEE7BB3A01080374F3BF,DECOMPILED,NEURAL_INFERENCE_ENGINE,FACT,
libManis.so,libManis_fn_008ebc90,0x008ebc90,0x008ebc90,24,.text,_ZN5manis12NCHWC4ToNHWCEPKfPfmm,_ZN5manis12NCHWC4ToNHWCEPKfPfmm,True,False,False,0,0,,,,,,,8E1498DE9B921B332464F8E69957897AB3A60B8D26DAEAF81AD19010F9A7EBAC,DECOMPILED,NEURAL_INFERENCE_ENGINE,FACT,
libManis.so,libManis_fn_008ebca8,0x008ebca8,0x008ebca8,24,.text,_ZN5manis12NCHWToNCHWC4EPKfPfmm,_ZN5manis12NCHWToNCHWC4EPKfPfmm,True,False,False,0,0,,,,,,,5A3F228B557E635D57336389790A03FDED139B88B34D2CF452AC3D5A036EDA0A,DECOMPILED,NEURAL_INFERENCE_ENGINE,FACT,
libManis.so,libManis_fn_008ebcc0,0x008ebcc0,0x008ebcc0,24,.text,_ZN5manis12NCHWC4ToNCHWEPKfPfmm,_ZN5manis12NCHWC4ToNCHWEPKfPfmm,True,False,False,0,0,,,,,,,4CBA09D0B678C1389355C003FDEF578C61B994CA8B834E42F32ED68611CBAAF7,DECOMPILED,NEURAL_INFERENCE_ENGINE,FACT,
libManis.so,libManis_fn_008ebcd8,0x008ebcd8,0x008ebcd8,24,.text,_ZN5manis16NCHWC4ToNCHWINT8EPKaPamm,_ZN5manis16NCHWC4ToNCHWINT8EPKaPamm,True,False,False,0,0,,,,,,,B603056EBFAD8F84AB3670F8E059C616B1BEFD4C6A62D5F7A5A82B9C4C1385A5,DECOMPILED,NEURAL_INFERENCE_ENGINE,FACT,
libManis.so,libManis_fn_008ebcf0,0x008ebcf0,0x008ebcf0,1920,.text,_ZN5manis9NCHW2NHWCERKNS_6TensorE,_ZN5manis9NCHW2NHWCERKNS_6TensorE,True,False,False,0,28,,0x00958b30;0x00958b20;0x00958b40;0x00958c30;0x00958bc0,0x00958b30;0x00958b20;0x00958b40;0x00958c30;0x00958bc0,'Mizar',,,F57132BEDDCBD72A6AC32743FE09E9ED30A6E930CADFAF67408C514580EFDFA1,DECOMPILED,NEURAL_INFERENCE_ENGINE,FACT,
libManis.so,libManis_fn_008ec470,0x008ec470,0x008ec470,1912,.text,_ZN5manis9NHWC2NCHWERKNS_6TensorE,_ZN5manis9NHWC2NCHWERKNS_6TensorE,True,False,False,0,28,,0x00958b30;0x00958b20;0x00958b40;0x00958c30;0x00958bc0,0x00958b30;0x00958b20;0x00958b40;0x00958c30;0x00958bc0,'Mizar',,,C1BFCE46A2FEADB41FEFCADDA962FFA98BB3896323D9D1B1B74F1D8E20D0869F,DECOMPILED,NEURAL_INFERENCE_ENGINE,FACT,
libManis.so,libManis_fn_008ecbe8,0x008ecbe8,0x008ecbe8,1940,.text,_ZN5manis12NCHWToNCHWC4ERKNS_6TensorE,_ZN5manis12NCHWToNCHWC4ERKNS_6TensorE,True,False,False,0,28,,0x00958b30;0x00958b20;0x00958b40;0x00958c30;0x00958bc0,0x00958b30;0x00958b20;0x00958b40;0x00958c30;0x00958bc0,'Mizar',,,F6989C744D163A42AF2C533A0372EEA03054687F60F1421ED47A061CBE7046E0,DECOMPILED,NEURAL_INFERENCE_ENGINE,FACT,
libManis.so,libManis_fn_008ed37c,0x008ed37c,0x008ed37c,1976,.text,_ZN5manis12NCHWC4ToNCHWERKNS_6TensorE,_ZN5manis12NCHWC4ToNCHWERKNS_6TensorE,True,False,False,0,31,,0x00958b30;0x00958b20;0x00958b40;0x00958c30;0x00958bc0,0x00958b30;0x00958b20;0x00958b40;0x00958c30;0x00958bc0,'Mizar',,,97AA337149C7BF43BD604E83ACD3BD5D67CACD1A1B725E285D9A4B2B7C566587,DECOMPILED,NEURAL_INFERENCE_ENGINE,FACT,
libManis.so,libManis_fn_008edb34,0x008edb34,0x008edb34,176,.text,_ZN5manis12FromTexturesEiiPf,_ZN5manis12FromTexturesEiiPf,True,False,False,0,4,,0x00958c30;0x00958b50;0x00958c00;0x00957910,0x00958c30;0x00958b50;0x00958c00;0x00957910,,,,3004FDC842063FA3E8FF33F971663306D4FE4DA3D3D5A8E535E3431B9448AFE1,DECOMPILED,NEURAL_INFERENCE_ENGINE,FACT,
libManis.so,libManis_fn_008edbe4,0x008edbe4,0x008edbe4,196,.text,_ZN5manis12FromTexturesEiiifPf,_ZN5manis12FromTexturesEiiifPf,True,False,False,0,4,,0x00958c30;0x00958b50;0x00958c00;0x00957910,0x00958c30;0x00958b50;0x00958c00;0x00957910,,,,070FF120F85DF74BFC21C0926AD51CB178311E377296454438933AFB0A82904D,DECOMPILED,NEURAL_INFERENCE_ENGINE,FACT,
libManis.so,libManis_fn_008edca8,0x008edca8,0x008edca8,180,.text,_ZN5manis12FromTexturesEiiPfb,_ZN5manis12FromTexturesEiiPfb,True,False,False,0,4,,0x00958c30;0x00958b50;0x00958c00;0x00957910,0x00958c30;0x00958b50;0x00958c00;0x00957910,,,,7B557E785A2397238F47192202B3F1DA9C0CF271165EABC5A62D4AD67BB13A92,DECOMPILED,NEURAL_INFERENCE_ENGINE,FACT,
libManis.so,libManis_fn_008edd5c,0x008edd5c,0x008edd5c,208,.text,_ZN5manis12FromTexturesEiiifPfb,_ZN5manis12FromTexturesEiiifPfb,True,False,False,0,4,,0x00958c30;0x00958b50;0x00958c00;0x00957910,0x00958c30;0x00958b50;0x00958c00;0x00957910,,,,662B03379DE71265D654937E05C70BF7ECDF33C2D3E4E4031EAFDCAAC92442B8,DECOMPILED,NEURAL_INFERENCE_ENGINE,FACT,
libManis.so,libManis_fn_008ede2c,0x008ede2c,0x008ede2c,112,.text,_ZN5manis10ToTexturesERKNS_6TensorERiS3_PPf,_ZN5manis10ToTexturesERKNS_6TensorERiS3_PPf,True,False,False,0,2,,0x00958b10;0x00958b60,0x00958b10;0x00958b60,,,,3C27B1F6161BE1FE5110B9BE449DE518B4549E83044FADDECD4337F46F74F83B,DECOMPILED,NEURAL_INFERENCE_ENGINE,FACT,
libManis.so,libManis_fn_008ede9c,0x008ede9c,0x008ede9c,144,.text,_ZN5manis10ToTexturesERKNS_6TensorERiS3_S3_RfPPf,_ZN5manis10ToTexturesERKNS_6TensorERiS3_S3_RfPPf,True,False,False,0,2,,0x00958b10;0x00958b60,0x00958b10;0x00958b60,,,,E644A7043D47167FF6640A26DEBF2F365D4AD041D245BEBA9E1560FA681410E7,DECOMPILED,NEURAL_INFERENCE_ENGINE,FACT,
libManis.so,libManis_fn_008edf2c,0x008edf2c,0x008edf2c,340,.text,_ZN5manis12CreateTensorENS_13PixelConvTypeEPKhjjjPKfS4_S4_,_ZN5manis12CreateTensorENS_13PixelConvTypeEPKhjjjPKfS4_S4_,True,False,False,0,4,,0x00958c30;0x00958b50;0x00958b00;0x00957910,0x00958c30;0x00958b50;0x00958b00;0x00957910,,,,CD6EAE3C4817DC122B869F6712E6BDAF4F06520148FC9E969FBD9F41EC51098B,DECOMPILED,NEURAL_INFERENCE_ENGINE,FACT,
libManis.so,libManis_fn_008ee080,0x008ee080,0x008ee080,2136,.text,_ZN5manis11DotMultiplyERKNS_6TensorES2_,_ZN5manis11DotMultiplyERKNS_6TensorES2_,True,False,False,0,31,,0x00958b20;0x00958b30;0x00958b40;0x00958c30;0x00958b20,0x00958b20;0x00958b30;0x00958b40;0x00958c30;0x00958b20,'Mizar',,,E720716198D909C2C719B0E6AADEACF0055D43022F11C40DDF862242DB84F61B,DECOMPILED,NEURAL_INFERENCE_ENGINE,FACT,
libManis.so,libManis_fn_008ee8d8,0x008ee8d8,0x008ee8d8,292,.text,_ZN5manis4nchw24substract_mean_normalizeEPfiiiPKfS3_,_ZN5manis4nchw24substract_mean_normalizeEPfiiiPKfS3_,True,False,False,0,5,,0x00957a00;0x003da5dc;0x0033df44;0x00957a20;0x00957910,0x00957a00;0x00957a20;0x00957910,'SubstractMeanNormalize',,,6314AA4C30C5E51780B6AD027E750C947BB8C4256ADFBCCBFB83F886C1F7576D,DECOMPILED,NEURAL_INFERENCE_ENGINE,FACT,
libManis.so,libManis_fn_008ee9fc,0x008ee9fc,0x008ee9fc,1804,.text,_ZN5manis4nchw22SubstractMeanNormalizeERNS_6TensorEPKfS4_,_ZN5manis4nchw22SubstractMeanNormalizeERNS_6TensorEPKfS4_,True,False,False,0,15,,0x00958b60;0x00958b10;0x00958bc0;0x00958b40;0x00958bb0,0x00958b60;0x00958b10;0x00958bc0;0x00958b40;0x00958bb0,'SubstractMeanNormalize';'Mizar',,,A0386BE8D977455AC83C091915BC9FB26C327ADF7BC920C3802ECFC17A77E5E5,DECOMPILED,NEURAL_INFERENCE_ENGINE,FACT,
libManis.so,libManis_fn_008ef108,0x008ef108,0x008ef108,5480,.text,_ZN5manis4nchw22SubstractMeanNormalizeERNS_6TensorEPKhS4_,_ZN5manis4nchw22SubstractMeanNormalizeERNS_6TensorEPKhS4_,True,False,False,0,14,,0x00958b60;0x00958bc0;0x00958b40;0x00958bb0;0x00958b00,0x00958b60;0x00958bc0;0x00958b40;0x00958bb0;0x00958b00,'Mizar';'Mizar',,,F4673A6C9012361A327F7E1A2E682EA3E6B172A852F95420E839A30E84949E5E,DECOMPILED,NEURAL_INFERENCE_ENGINE,FACT,
libManis.so,libManis_fn_008f0670,0x008f0670,0x008f0670,272,.text,_ZN5manis4nchw12from_rgb2bgrEPfPKhii,_ZN5manis4nchw12from_rgb2bgrEPfPKhii,True,False,False,0,5,,0x00957a00;0x003da5dc;0x0033df44;0x00957a20;0x00957910,0x00957a00;0x00957a20;0x00957910,'from_rgb2bgr',,,F6FE0D4E05944BB5874F17471E7CCA5C1F8BE2C62445743871C9D90752C5C7A8,DECOMPILED,NEURAL_INFERENCE_ENGINE,FACT,
libManis.so,libManis_fn_008f0780,0x008f0780,0x008f0780,268,.text,_ZN5manis4nchw13from_gray2rgbEPfPKhii,_ZN5manis4nchw13from_gray2rgbEPfPKhii,True,False,False,0,5,,0x00957a00;0x003da5dc;0x0033df44;0x00957a20;0x00957910,0x00957a00;0x00957a20;0x00957910,'from_gray2rgb',,,51BB0C27A3D14D55C6DC17AF4CFFBD1ED452E8FE1451BB40D7E4A24418ECBEEA,DECOMPILED,NEURAL_INFERENCE_ENGINE,FACT,
libManis.so,libManis_fn_008f088c,0x008f088c,0x008f088c,268,.text,_ZN5manis4nchw13from_rgba2rgbEPfPKhii,_ZN5manis4nchw13from_rgba2rgbEPfPKhii,True,False,False,0,5,,0x00957a00;0x003da5dc;0x0033df44;0x00957a20;0x00957910,0x00957a00;0x00957a20;0x00957910,'from_rgba2rgb',,,0957E1FCEF3D4FFD1F7EA12153062B1DBBEFA66B16B03179DD0001E161264C27,DECOMPILED,NEURAL_INFERENCE_ENGINE,FACT,
libManis.so,libManis_fn_008f0998,0x008f0998,0x008f0998,268,.text,_ZN5manis4nchw13from_rgba2bgrEPfPKhii,_ZN5manis4nchw13from_rgba2bgrEPfPKhii,True,False,False,0,5,,0x00957a00;0x003da5dc;0x0033df44;0x00957a20;0x00957910,0x00957a00;0x00957a20;0x00957910,'from_rgba2bgr',,,398877800E94D708680C5A5B0A2270334A70CFF7EAAD28E67E1DC573EFB1D91D,DECOMPILED,NEURAL_INFERENCE_ENGINE,FACT,
libManis.so,libManis_fn_008f0aa4,0x008f0aa4,0x008f0aa4,264,.text,_ZN5manis4nchw8from_rgbEPfPKhii,_ZN5manis4nchw8from_rgbEPfPKhii,True,False,False,0,5,,0x00957a00;0x003da5dc;0x0033df44;0x00957a20;0x00957910,0x00957a00;0x00957a20;0x00957910,,,,6873184A1315EE15CB8C9818EEA097104E478EDDAFF6ED975B5F5C354D5ADE48,DECOMPILED,NEURAL_INFERENCE_ENGINE,FACT,
libManis.so,libManis_fn_008f0bac,0x008f0bac,0x008f0bac,264,.text,_ZN5manis4nchw9from_grayEPfPKhii,_ZN5manis4nchw9from_grayEPfPKhii,True,False,False,0,5,,0x00957a00;0x003da5dc;0x0033df44;0x00957a20;0x00957910,0x00957a00;0x00957a20;0x00957910,'from_gray',,,DAC4C86B44B2E626D60043953BEFF5B1C9DE7B2540E12B0BD0D637C660610A7A,DECOMPILED,NEURAL_INFERENCE_ENGINE,FACT,
libManis.so,libManis_fn_008f0cb4,0x008f0cb4,0x008f0cb4,264,.text,_ZN5manis4nchw9from_rgbaEPfPKhii,_ZN5manis4nchw9from_rgbaEPfPKhii,True,False,False,0,5,,0x00957a00;0x003da5dc;0x0033df44;0x00957a20;0x00957910,0x00957a00;0x00957a20;0x00957910,'from_rgba',,,7209FC3A7C4451781766E4B57B0A6EF14E61088186F8BF92A5B19A1E366EBFA7,DECOMPILED,NEURAL_INFERENCE_ENGINE,FACT,
libManis.so,libManis_fn_008f0dbc,0x008f0dbc,0x008f0dbc,268,.text,_ZN5manis4nchw13from_rgb2grayEPfPKhii,_ZN5manis4nchw13from_rgb2grayEPfPKhii,True,False,False,0,5,,0x00957a00;0x003da5dc;0x0033df44;0x00957a20;0x00957910,0x00957a00;0x00957a20;0x00957910,'from_rgb2gray',,,CDC16656CE311AD409EB4DEF29C8B6FDA71CC90423FDA631B2B2E5CF32A59F7F,DECOMPILED,NEURAL_INFERENCE_ENGINE,FACT,
libManis.so,libManis_fn_008f0ec8,0x008f0ec8,0x008f0ec8,268,.text,_ZN5manis4nchw13from_bgr2grayEPfPKhii,_ZN5manis4nchw13from_bgr2grayEPfPKhii,True,False,False,0,5,,0x00957a00;0x003da5dc;0x0033df44;0x00957a20;0x00957910,0x00957a00;0x00957a20;0x00957910,'from_bgr2gray',,,C44E3BB2EA837A00FF08F27204B419175DCD7B03FEF2B5FCFEE9412B7EB89466,DECOMPILED,NEURAL_INFERENCE_ENGINE,FACT,
libManis.so,libManis_fn_008f0fd4,0x008f0fd4,0x008f0fd4,268,.text,_ZN5manis4nchw14from_rgba2grayEPfPKhii,_ZN5manis4nchw14from_rgba2grayEPfPKhii,True,False,False,0,5,,0x00957a00;0x003da5dc;0x0033df44;0x00957a20;0x00957910,0x00957a00;0x00957a20;0x00957910,'from_rgba2gray',,,D62AE9E4D93BDCD9F3C36CFBA90AC6E6DCD5E471632FA3ADFD8256D2389B9A03,DECOMPILED,NEURAL_INFERENCE_ENGINE,FACT,
libManis.so,libManis_fn_008f10e0,0x008f10e0,0x008f10e0,268,.text,_ZN5manis4nchw14from_rgba2bgraEPfPKhii,_ZN5manis4nchw14from_rgba2bgraEPfPKhii,True,False,False,0,5,,0x00957a00;0x003da5dc;0x0033df44;0x00957a20;0x00957910,0x00957a00;0x00957a20;0x00957910,'from_rgba2bgra',,,B28EB4C5062A6B189CE4C39895A2E24F11FA28E908B30040E80F6545339EEA92,DECOMPILED,NEURAL_INFERENCE_ENGINE,FACT,
libManis.so,libManis_fn_008f5980,0x008f5980,0x008f5980,832,.text,_ZN5manis4nchw10FromPixelsENS_13PixelConvTypeEPKhjjNS_8DataTypeE,_ZN5manis4nchw10FromPixelsENS_13PixelConvTypeEPKhjjNS_8DataTypeE,True,False,False,0,2,,0x00958c30;0x00957910,0x00958c30;0x00957910,,,,BB700C1BA66D6710BE0311B3520A03A65D900D4A60623ED692F85266264D8FB6,DECOMPILED,NEURAL_INFERENCE_ENGINE,FACT,
libManis.so,libManis_fn_008f5cc0,0x008f5cc0,0x008f5cc0,1968,.text,_ZN5manis4nchw16FromPixelsResizeENS_13PixelConvTypeEPKhjjjjjNS_8DataTypeE,_ZN5manis4nchw16FromPixelsResizeENS_13PixelConvTypeEPKhjjjjjNS_8DataTypeE,True,False,False,0,11,,0x009578e0;0x00957a00;0x003da5dc;0x0033df44;0x00957a20,0x009578e0;0x00957a00;0x00957a20;0x00958ce0;0x00957920,'ResizeBilinear';'Mizar',,,4B569A153EF713DA5552F2117AADB44980AA5B310F1B353F0ABC1BAD3B9FCCDB,DECOMPILED,NEURAL_INFERENCE_ENGINE,FACT,
libManis.so,libManis_fn_008f6470,0x008f6470,0x008f6470,1980,.text,_ZN5manis4nchw16FromPixelsResizeENS_13PixelConvTypeEPKhjjjjNS_8DataTypeE,_ZN5manis4nchw16FromPixelsResizeENS_13PixelConvTypeEPKhjjjjNS_8DataTypeE,True,False,False,0,11,,0x009578e0;0x00957a00;0x003da5dc;0x0033df44;0x00957a20,0x009578e0;0x00957a00;0x00957a20;0x00958ce0;0x00957920,'ResizeBilinear';'Mizar',,,EE82A71DC063ABDE749631DECB90F237618AFA1A95BCC626A5B51F0DB90CAE29,DECOMPILED,NEURAL_INFERENCE_ENGINE,FACT,
libManis.so,libManis_fn_008f6c2c,0x008f6c2c,0x008f6c2c,316,.text,_ZN5manis4nchw13warp_rgba2bgrEPfPKhiiiiiPKf,_ZN5manis4nchw13warp_rgba2bgrEPfPKhiiiiiPKf,True,False,False,0,5,,0x00957a00;0x003da5dc;0x0033df44;0x00957a20;0x00957910,0x00957a00;0x00957a20;0x00957910,'warp_rgba2bgr',,,9A0152AFC64AE56C4AAD3FBA69B4F170A7FF864CC51C51D1C77BE090A1D45F31,DECOMPILED,NEURAL_INFERENCE_ENGINE,FACT,
libManis.so,libManis_fn_008f6d68,0x008f6d68,0x008f6d68,316,.text,_ZN5manis4nchw13warp_bgra2bgrEPfPKhiiiiiPKf,_ZN5manis4nchw13warp_bgra2bgrEPfPKhiiiiiPKf,True,False,False,0,5,,0x00957a00;0x003da5dc;0x0033df44;0x00957a20;0x00957910,0x00957a00;0x00957a20;0x00957910,'warp_bgra2bgr',,,4BC85A4CB1007A30E7DF243BDE06C540BFC65864A236B8A6474AC8787ED1D67C,DECOMPILED,NEURAL_INFERENCE_ENGINE,FACT,
libManis.so,libManis_fn_008f6ea4,0x008f6ea4,0x008f6ea4,316,.text,_ZN5manis4nchw18warp_rgba2bgr_flipEPfPKhiiiiiPKf,_ZN5manis4nchw18warp_rgba2bgr_flipEPfPKhiiiiiPKf,True,False,False,0,5,,0x00957a00;0x003da5dc;0x0033df44;0x00957a20;0x00957910,0x00957a00;0x00957a20;0x00957910,'warp_rgba2bgr_flip',,,BA6324553A46ED0702FBCBBFDA46C10C6E4DE3DBC4E3C5DE55D07770108B264A,DECOMPILED,NEURAL_INFERENCE_ENGINE,FACT,
libManis.so,libManis_fn_008f6fe0,0x008f6fe0,0x008f6fe0,316,.text,_ZN5manis4nchw18warp_bgra2bgr_flipEPfPKhiiiiiPKf,_ZN5manis4nchw18warp_bgra2bgr_flipEPfPKhiiiiiPKf,True,False,False,0,5,,0x00957a00;0x003da5dc;0x0033df44;0x00957a20;0x00957910,0x00957a00;0x00957a20;0x00957910,'warp_bgra2bgr_flip',,,52DA7A54EFC2289DFD641A6CA97A7C43C6D2E2ADD349078B7904E4CA5991B015,DECOMPILED,NEURAL_INFERENCE_ENGINE,FACT,
libManis.so,libManis_fn_008f8bc4,0x008f8bc4,0x008f8bc4,444,.text,_ZN5manis4nchw20FromPixelsWarpResizeENS_13PixelConvTypeEPKhjjijjPKf,_ZN5manis4nchw20FromPixelsWarpResizeENS_13PixelConvTypeEPKhjjijjPKf,True,False,False,0,8,,0x00958c30;0x008f77c4;0x008f8518;0x00958c50;0x00958c40,0x00958c30;0x00958c50;0x00958c40;0x00957910,,,,79ACD5837DA58F70A50EC455B06024174196485EEB94B51FB791E3C6961140F5,DECOMPILED,NEURAL_INFERENCE_ENGINE,FACT,
libManis.so,libManis_fn_008f8d80,0x008f8d80,0x008f8d80,1964,.text,_ZN5manis4nchw13ConcatChannelERKNS_6TensorES3_,_ZN5manis4nchw13ConcatChannelERKNS_6TensorES3_,True,False,False,0,30,,0x00958b20;0x00958b30;0x00958b40;0x00958c30;0x00958b20,0x00958b20;0x00958b30;0x00958b40;0x00958c30;0x00958b20,'Mizar',,,33195BEAE93FD8E9856F7BD0EE33D4D1177707FF36F9B001CC532E51C8FBB3BA,DECOMPILED,NEURAL_INFERENCE_ENGINE,FACT,
libManis.so,libManis_fn_008f952c,0x008f952c,0x008f952c,1688,.text,_ZN5manis4nchw10GetChannelERKNS_6TensorEj,_ZN5manis4nchw10GetChannelERKNS_6TensorEj,True,False,False,0,21,,0x00958b20;0x00958b30;0x00958b40;0x00958c30;0x00958b20,0x00958b20;0x00958b30;0x00958b40;0x00958c30;0x00958b20,'Mizar',,,632EF88D865CB8A55E39D54CEA018FF49626867C7953FBAF100C2ABAE90DFCE3,DECOMPILED,NEURAL_INFERENCE_ENGINE,FACT,
libManis.so,libManis_fn_008fa554,0x008fa554,0x008fa554,16,.text,_ZN11manisEngine6Logger5StateC1Ev,_ZN11manisEngine6Logger5StateC1Ev,True,False,False,0,0,,,,,,,F42489D441997EE86A25F133502A5089591281CD038098145E59C70D80B40417,DECOMPILED,NEURAL_INFERENCE_ENGINE,FACT,
libManis.so,libManis_fn_008fa564,0x008fa564,0x008fa564,4,.text,_ZN11manisEngine6LoggerC2Ev,_ZN11manisEngine6LoggerC2Ev,True,False,False,0,0,,,,,,,110F46B5B35C069160560C6AD6786F647DD44E8760A52A46FC22DBBCD7630B91,DECOMPILED,NEURAL_INFERENCE_ENGINE,FACT,
libManis.so,libManis_fn_008fa568,0x008fa568,0x008fa568,4,.text,_ZN11manisEngine6LoggerD2Ev,_ZN11manisEngine6LoggerD2Ev,True,False,False,0,0,,,,,,,110F46B5B35C069160560C6AD6786F647DD44E8760A52A46FC22DBBCD7630B91,DECOMPILED,NEURAL_INFERENCE_ENGINE,FACT,
libManis.so,libManis_fn_008fa56c,0x008fa56c,0x008fa56c,884,.text,_ZN11manisEngine6Logger3logENS0_5LevelEPKcz,_ZN11manisEngine6Logger3logENS0_5LevelEPKcz,True,False,False,0,9,,0x00957cb0;0x00957ca0;0x00957a10;0x00957cb0;0x00957a20,0x00957cb0;0x00957ca0;0x00957a10;0x00957cb0;0x00957a20,,,,D0F17D625644092FD169ACD184E31B7945BFC048B9CA35A0E862D912C5BC4D8A,DECOMPILED,NEURAL_INFERENCE_ENGINE,FACT,
libManis.so,libManis_fn_008fa8e0,0x008fa8e0,0x008fa8e0,28,.text,_ZN11manisEngine6Logger9isEnabledENS0_5LevelE,_ZN11manisEngine6Logger9isEnabledENS0_5LevelE,True,False,False,0,0,,,,,,,4C1FE8E76D9F13C787D59C6359521620789747DD29CDAC8E4D125248C99C8852,DECOMPILED,NEURAL_INFERENCE_ENGINE,FACT,
libManis.so,libManis_fn_008fa8fc,0x008fa8fc,0x008fa8fc,28,.text,_ZN11manisEngine6Logger10setEnabledENS0_5LevelEb,_ZN11manisEngine6Logger10setEnabledENS0_5LevelEb,True,False,False,0,0,,,,,,,1874026B5A95D9F188D125CE900D688E2A599A378A83FF48697E1DD7FCC3D53D,DECOMPILED,NEURAL_INFERENCE_ENGINE,FACT,
libManis.so,libManis_fn_008fa918,0x008fa918,0x008fa918,28,.text,_ZN11manisEngine6Logger3setENS0_5LevelEPFvS1_PKcE,_ZN11manisEngine6Logger3setENS0_5LevelEPFvS1_PKcE,True,False,False,0,0,,,,,,,DBF58DF74F046A0A256086333BBE8E19EB059C0CF5F5FD53FECDE58DAF43C1E5,DECOMPILED,NEURAL_INFERENCE_ENGINE,FACT,
libManis.so,libManis_fn_008fa934,0x008fa934,0x008fa934,28,.text,_ZN11manisEngine6Logger3setENS0_5LevelEPKc,_ZN11manisEngine6Logger3setENS0_5LevelEPKc,True,False,False,0,0,,,,,,,3B182230656F0FEF2C7F39731AD99ED925DBFF3CEB88F6044EF2ADC3D8880F41,DECOMPILED,NEURAL_INFERENCE_ENGINE,FACT,
libManis.so,libManis_fn_008fa950,0x008fa950,0x008fa950,28,.text,_ZN11manisEngine3RefC2Ev,_ZN11manisEngine3RefC2Ev,True,False,False,0,0,,,,,,,91F0C5D33A912B1FF42DB54D2F7969F27051BD764D8C04C0BD4DC0336B27D33C,DECOMPILED,NEURAL_INFERENCE_ENGINE,FACT,
libManis.so,libManis_fn_008fa96c,0x008fa96c,0x008fa96c,28,.text,_ZN11manisEngine3RefC1ERKS0_,_ZN11manisEngine3RefC1ERKS0_,True,False,False,0,0,,,,,,,91F0C5D33A912B1FF42DB54D2F7969F27051BD764D8C04C0BD4DC0336B27D33C,DECOMPILED,NEURAL_INFERENCE_ENGINE,FACT,
libManis.so,libManis_fn_008fa988,0x008fa988,0x008fa988,4,.text,_ZN11manisEngine3RefD1Ev,_ZN11manisEngine3RefD1Ev,True,False,False,0,0,,,,,,,110F46B5B35C069160560C6AD6786F647DD44E8760A52A46FC22DBBCD7630B91,DECOMPILED,NEURAL_INFERENCE_ENGINE,FACT,
libManis.so,libManis_fn_008fa98c,0x008fa98c,0x008fa98c,36,.text,_ZN11manisEngine3RefD0Ev,_ZN11manisEngine3RefD0Ev,True,False,False,0,1,,0x00958de0,0x00958de0,,,,AFA6CC95A437B54F66518A51D2BCA4BC911EF3908F329433CDBA468EFACC0C33,DECOMPILED,NEURAL_INFERENCE_ENGINE,FACT,
libManis.so,libManis_fn_008fa9b0,0x008fa9b0,0x008fa9b0,16,.text,_ZN11manisEngine3Ref6addRefEv,_ZN11manisEngine3Ref6addRefEv,True,False,False,0,0,,,,,,,B3289EEA1F5FAC6110473F382E2659FDCF6854F2468AA0BA467EA25E378A3BD6,DECOMPILED,NEURAL_INFERENCE_ENGINE,FACT,
libManis.so,libManis_fn_008fa9c0,0x008fa9c0,0x008fa9c0,32,.text,_ZN11manisEngine3Ref7releaseEv,_ZN11manisEngine3Ref7releaseEv,True,False,False,0,0,,,,,,,7FAF279870D590C454E20BDF37553859468B0CAB9BD811D149C524EF47EB05D2,DECOMPILED,NEURAL_INFERENCE_ENGINE,FACT,
libManis.so,libManis_fn_008fa9e0,0x008fa9e0,0x008fa9e0,8,.text,_ZNK11manisEngine3Ref11getRefCountEv,_ZNK11manisEngine3Ref11getRefCountEv,True,False,False,0,0,,,,,,,2F3B6F6686FD51E88030785BD4646403CB57AC71A5CBF077E500A85BDF0AFAB3,DECOMPILED,NEURAL_INFERENCE_ENGINE,FACT,
libManis.so,libManis_fn_008fa9e8,0x008fa9e8,0x008fa9e8,72,.text,_ZN11manisEngine6ScriptC1EPNS_16ScriptControllerE,_ZN11manisEngine6ScriptC1EPNS_16ScriptControllerE,True,False,False,0,1,,0x00958dc0,0x00958dc0,,,,9C902B4615DA610DB679C6C2B93A1F670A3012F2B3E2846203C77B732D6E86FA,DECOMPILED,NEURAL_INFERENCE_ENGINE,FACT,
libManis.so,libManis_fn_008faa30,0x008faa30,0x008faa30,68,.text,_ZN11manisEngine6ScriptD2Ev,_ZN11manisEngine6ScriptD2Ev,True,False,False,0,1,,0x00957a20,0x00957a20,,,,57585B0637888D0850A077ABFB8EA7F274336F512FB7F9F319A29E571AA5D40F,DECOMPILED,NEURAL_INFERENCE_ENGINE,FACT,
libManis.so,libManis_fn_008faa74,0x008faa74,0x008faa74,36,.text,_ZN11manisEngine6ScriptD0Ev,_ZN11manisEngine6ScriptD0Ev,True,False,False,0,1,,0x00958e20,0x00958e20,,,,99525815C6165316D8B8F9B1E4D0EA5239F2E12121C57AA57DE162CF47517651,DECOMPILED,NEURAL_INFERENCE_ENGINE,FACT,
libManis.so,libManis_fn_008faa98,0x008faa98,0x008faa98,24,.text,_ZNK11manisEngine6Script7getPathEv,_ZNK11manisEngine6Script7getPathEv,True,False,False,0,0,,,,,,,C871B33BD0B433F27D9926270B5E4D72BE648B1FF1749311EC5EBAB09B574F42,DECOMPILED,NEURAL_INFERENCE_ENGINE,FACT,
libManis.so,libManis_fn_008faab0,0x008faab0,0x008faab0,8,.text,_ZNK11manisEngine6Script8getScopeEv,_ZNK11manisEngine6Script8getScopeEv,True,False,False,0,0,,,,,,,0471B33AB0983B843889248D4E9BD2F02E4D575679DC5668CC0EF6EA9DD367B5,DECOMPILED,NEURAL_INFERENCE_ENGINE,FACT,
libManis.so,libManis_fn_008faab8,0x008faab8,0x008faab8,184,.text,_ZN11manisEngine6Script6reloadEv,_ZN11manisEngine6Script6reloadEv,True,False,False,0,5,,0x00958e60;0x008f9f6c;0x00958e70;0x00957920;0x00957910,0x00958e60;0x00958e70;0x00957920;0x00957910,,,,52CEF7DE0CBD39A04E65ABA95BDF5D3649BAFA660B845F2550E0A5BABE449D85,DECOMPILED,NEURAL_INFERENCE_ENGINE,FACT,
libManis.so,libManis_fn_008fab70,0x008fab70,0x008fab70,60,.text,_ZN11manisEngine16ScriptControllerC2Ev,_ZN11manisEngine16ScriptControllerC2Ev,True,False,False,0,1,,0x00957a10,0x00957a10,,,,1F2E9A800600892381E09A4249C3593F91114A12C2D318C0AA8038822F8DAD20,DECOMPILED,NEURAL_INFERENCE_ENGINE,FACT,
libManis.so,libManis_fn_008fabac,0x008fabac,0x008fabac,244,.text,_ZN11manisEngine16ScriptControllerD2Ev,_ZN11manisEngine16ScriptControllerD2Ev,True,False,False,0,5,,0x00913f38;0x0092e82c;0x00957a20;0x00901d50;0x00958e00,0x00957a20;0x00958e00,,,,3154233076F8D555B158D2799D8A76CAB7F09A232958B5008F16D3FCDD666EC4,DECOMPILED,NEURAL_INFERENCE_ENGINE,FACT,
libManis.so,libManis_fn_008faca0,0x008faca0,0x008faca0,72,.text,_ZN11manisEngine16ScriptController8finalizeEv,_ZN11manisEngine16ScriptController8finalizeEv,True,False,False,0,2,,0x00913f38;0x0092e82c,,,,,752C54DBFB37983FDC49D6FF0DDA1E1EC454DD898591BD315B119A1D26E1B255,DECOMPILED,NEURAL_INFERENCE_ENGINE,FACT,
libManis.so,libManis_fn_008face8,0x008face8,0x008face8,88,.text,_ZN11manisEngine16ScriptController10toUserDataEv,_ZN11manisEngine16ScriptController10toUserDataEv,True,False,False,0,2,,0x009113b8;0x009120dc,,,,,6B883457CABD8F90EAD6B1A3622E7D3B42B79B4731885D3FE362C555C9A6A4B0,DECOMPILED,NEURAL_INFERENCE_ENGINE,FACT,
libManis.so,libManis_fn_008fad40,0x008fad40,0x008fad40,12,.text,_ZN11manisEngine16ScriptController6getTopEv,_ZN11manisEngine16ScriptController6getTopEv,True,False,False,0,0,,,,,,,73D2BFCFEFEA7E694A19C42916E424F079CA3384C39E066180E6A30A5A4BA967,DECOMPILED,NEURAL_INFERENCE_ENGINE,FACT,
libManis.so,libManis_fn_008fad4c,0x008fad4c,0x008fad4c,12,.text,_ZN11manisEngine16ScriptController6setTopEi,_ZN11manisEngine16ScriptController6setTopEi,True,False,False,0,0,,,,,,,26BB8CB6A504E813B2BE8CB34DF85FD60E115E62A98013BA1B8CC2D1CEEE5EC7,DECOMPILED,NEURAL_INFERENCE_ENGINE,FACT,
libManis.so,libManis_fn_008fad58,0x008fad58,0x008fad58,252,.text,_ZN11manisEngine16ScriptController10loadScriptEPKcNS_6Script5ScopeEb,_ZN11manisEngine16ScriptController10loadScriptEPKcNS_6Script5ScopeEb,True,False,False,0,8,,0x008f9d28;0x008f9f6c;0x00958ea0;0x00957920;0x00958d30,0x00958ea0;0x00957920;0x00958d30;0x00958d30;0x00958d30,'%s -- ';'loadScript';'Failed to load script: %s. File does not exist.',,,5393B68CE261E4DB7DDE2E4369CA7D49468A2DFCB56101724961F098FA4387FC,DECOMPILED,NEURAL_INFERENCE_ENGINE,FACT,
libManis.so,libManis_fn_008fae54,0x008fae54,0x008fae54,1012,.text,_ZN11manisEngine16ScriptController10loadScriptEPKcS2_iNS_6Script5ScopeEb,_ZN11manisEngine16ScriptController10loadScriptEPKcS2_iNS_6Script5ScopeEb,True,False,False,0,20,,0x00957a10;0x00958e80;0x00957b70;0x00957a20;0x00901ed0,0x00957a10;0x00958e80;0x00957b70;0x00957a20;0x00957a10,,,,80F63A320324A64BC11C12208417708603B45637354179B3D8B6D6582923CA33,DECOMPILED,NEURAL_INFERENCE_ENGINE,FACT,
libManis.so,libManis_fn_008fb248,0x008fb248,0x008fb248,544,.text,_ZN11manisEngine16ScriptController10loadScriptEPNS_6ScriptEPKci,_ZN11manisEngine16ScriptController10loadScriptEPNS_6ScriptEPKci,True,False,False,0,19,,0x009165e4;0x00912eb0;0x00916068;0x00912cb8;0x00912eb0,0x00958d30;0x00958d30;0x00958d30;0x00958d30;0x00958d30,'=[ManisDebugInfo]';'__index';'_THIS',,,C4B6BC8942329EF595F08339BC20A2786E9C373EE6B5CF827F4D961E6072E715,DECOMPILED,NEURAL_INFERENCE_ENGINE,FACT,
libManis.so,libManis_fn_008fb468,0x008fb468,0x008fb468,372,.text,_ZN11manisEngine16ScriptController12unloadScriptEPNS_6ScriptE,_ZN11manisEngine16ScriptController12unloadScriptEPNS_6ScriptE,True,False,False,0,7,,0x00916150;0x00901db0;0x00957940;0x00958e00;0x003d4204,0x00957940;0x00958e00;0x00957a20;0x00957a20,,,,3ACA425E1278378DBC8DAF6A0D3CDA4452FF930023BB0A9EA5C62C73B22BE66F,DECOMPILED,NEURAL_INFERENCE_ENGINE,FACT,
libManis.so,libManis_fn_008fb5dc,0x008fb5dc,0x008fb5dc,112,.text,_ZN11manisEngine16ScriptController15executeFunctionIvEEbPKcPT_,_ZN11manisEngine16ScriptController15executeFunctionIvEEbPKcPT_,True,False,False,0,3,,0x00910f24;0x00958eb0;0x00910f40,0x00958eb0,,,,B92E0D2010E93E27F6C5838526B8A7F69503F61BFC98CCD49034D6BD2D0BA36D,DECOMPILED,NEURAL_INFERENCE_ENGINE,FACT,
libManis.so,libManis_fn_008fb64c,0x008fb64c,0x008fb64c,116,.text,_ZN11manisEngine16ScriptController15executeFunctionIvEEbPNS_6ScriptEPKcPT_,_ZN11manisEngine16ScriptController15executeFunctionIvEEbPNS_6ScriptEPKcPT_,True,False,False,0,3,,0x00910f24;0x00958eb0;0x00910f40,0x00958eb0,,,,45C505CC98003E9D6B886DE68C37DB3AB0DFF3F910404FE65E99323F890A1978,DECOMPILED,NEURAL_INFERENCE_ENGINE,FACT,
libManis.so,libManis_fn_008fb6c0,0x008fb6c0,0x008fb6c0,168,.text,_ZN11manisEngine16ScriptController15executeFunctionIbEEbPKcPT_,_ZN11manisEngine16ScriptController15executeFunctionIbEEbPKcPT_,True,False,False,0,5,,0x00910f24;0x00958eb0;0x009113b8;0x0090280c;0x00910f40,0x00958eb0,,,,A2238A42D79CE66A56B05A8DE7298E6C2D6F495CBA16133134AE615253F414A9,DECOMPILED,NEURAL_INFERENCE_ENGINE,FACT,
libManis.so,libManis_fn_008fb768,0x008fb768,0x008fb768,2456,.text,_ZN11manisEngine16ScriptController21executeFunctionHelperEiPKcS2_PSt9__va_listPNS_6ScriptE,_ZN11manisEngine16ScriptController21executeFunctionHelperEiPKcS2_PSt9__va_listPNS_6ScriptE,True,False,False,0,53,,0x009004b4;0x0091238c;0x00914da4;0x0091236c;0x00957b70,0x00957b70;0x00957b70;0x00957a10;0x00957940;0x00957b40,'Too many arguments.';'Too many arguments.';'Too many arguments.',,,658A7BAA8B764511820AECE353DB32E9C9ABC0B53818EA6D9454FB4670C83303,DECOMPILED,NEURAL_INFERENCE_ENGINE,FACT,
libManis.so,libManis_fn_008fc100,0x008fc100,0x008fc100,164,.text,_ZN11manisEngine16ScriptController15executeFunctionIcEEbPKcPT_,_ZN11manisEngine16ScriptController15executeFunctionIcEEbPKcPT_,True,False,False,0,5,,0x00910f24;0x00958eb0;0x009113b8;0x00915a3c;0x00910f40,0x00958eb0,,,,57CF543E660C57ACFB421EABD0B7630E3D2928D750DB0EF9B201E92E567CA80D,DECOMPILED,NEURAL_INFERENCE_ENGINE,FACT,
libManis.so,libManis_fn_008fc1a4,0x008fc1a4,0x008fc1a4,164,.text,_ZN11manisEngine16ScriptController15executeFunctionIsEEbPKcPT_,_ZN11manisEngine16ScriptController15executeFunctionIsEEbPKcPT_,True,False,False,0,5,,0x00910f24;0x00958eb0;0x009113b8;0x00915a3c;0x00910f40,0x00958eb0,,,,511689EEA324B6F6F52E6E34126903FCEF762C02A7496AF084BB63506DBB26B6,DECOMPILED,NEURAL_INFERENCE_ENGINE,FACT,
libManis.so,libManis_fn_008fc248,0x008fc248,0x008fc248,164,.text,_ZN11manisEngine16ScriptController15executeFunctionIiEEbPKcPT_,_ZN11manisEngine16ScriptController15executeFunctionIiEEbPKcPT_,True,False,False,0,5,,0x00910f24;0x00958eb0;0x009113b8;0x00915a3c;0x00910f40,0x00958eb0,,,,DBEF050CB9FB4EB587E8F98A2F93A95B6173E1E2C7FDF303868116BDB880951F,DECOMPILED,NEURAL_INFERENCE_ENGINE,FACT,
libManis.so,libManis_fn_008fc2ec,0x008fc2ec,0x008fc2ec,164,.text,_ZN11manisEngine16ScriptController15executeFunctionIlEEbPKcPT_,_ZN11manisEngine16ScriptController15executeFunctionIlEEbPKcPT_,True,False,False,0,5,,0x00910f24;0x00958eb0;0x009113b8;0x00915a3c;0x00910f40,0x00958eb0,,,,A84545F82C88324A4DCF627A13A5A0687B285070BE464AB29F73B063B6D999A2,DECOMPILED,NEURAL_INFERENCE_ENGINE,FACT,
libManis.so,libManis_fn_008fc390,0x008fc390,0x008fc390,164,.text,_ZN11manisEngine16ScriptController15executeFunctionIhEEbPKcPT_,_ZN11manisEngine16ScriptController15executeFunctionIhEEbPKcPT_,True,False,False,0,5,,0x00910f24;0x00958eb0;0x009113b8;0x00915a3c;0x00910f40,0x00958eb0,,,,CEB0D45CD2B023416A4B1FAAFBB4EA9EC0F6E1F02B567CC7D5C2B95E063E4185,DECOMPILED,NEURAL_INFERENCE_ENGINE,FACT,
libManis.so,libManis_fn_008fc434,0x008fc434,0x008fc434,164,.text,_ZN11manisEngine16ScriptController15executeFunctionItEEbPKcPT_,_ZN11manisEngine16ScriptController15executeFunctionItEEbPKcPT_,True,False,False,0,5,,0x00910f24;0x00958eb0;0x009113b8;0x00915a3c;0x00910f40,0x00958eb0,,,,F70C18D4196AB059B68F7614DD4A84B8B3EDC2538154A67CED5C094C6A6C02AE,DECOMPILED,NEURAL_INFERENCE_ENGINE,FACT,
libManis.so,libManis_fn_008fc4d8,0x008fc4d8,0x008fc4d8,164,.text,_ZN11manisEngine16ScriptController15executeFunctionIjEEbPKcPT_,_ZN11manisEngine16ScriptController15executeFunctionIjEEbPKcPT_,True,False,False,0,5,,0x00910f24;0x00958eb0;0x009113b8;0x00915a3c;0x00910f40,0x00958eb0,,,,CEA1813BC163EF50CC6E74F7081E1B143996ED69A928B6884B9C4951EB66525A,DECOMPILED,NEURAL_INFERENCE_ENGINE,FACT,
libManis.so,libManis_fn_008fc57c,0x008fc57c,0x008fc57c,164,.text,_ZN11manisEngine16ScriptController15executeFunctionImEEbPKcPT_,_ZN11manisEngine16ScriptController15executeFunctionImEEbPKcPT_,True,False,False,0,5,,0x00910f24;0x00958eb0;0x009113b8;0x00915a3c;0x00910f40,0x00958eb0,,,,7B844435F0B838CE4F8A53FC47F5E5244056D2D965F06ED13B2C8721771F68C4,DECOMPILED,NEURAL_INFERENCE_ENGINE,FACT,
libManis.so,libManis_fn_008fc620,0x008fc620,0x008fc620,168,.text,_ZN11manisEngine16ScriptController15executeFunctionIfEEbPKcPT_,_ZN11manisEngine16ScriptController15executeFunctionIfEEbPKcPT_,True,False,False,0,5,,0x00910f24;0x00958eb0;0x009113b8;0x0091590c;0x00910f40,0x00958eb0,,,,F30D38E8BD458080326BF864EE9274AA660F92439B4D4F36436482C60A49826C,DECOMPILED,NEURAL_INFERENCE_ENGINE,FACT,
libManis.so,libManis_fn_008fc6c8,0x008fc6c8,0x008fc6c8,164,.text,_ZN11manisEngine16ScriptController15executeFunctionIdEEbPKcPT_,_ZN11manisEngine16ScriptController15executeFunctionIdEEbPKcPT_,True,False,False,0,5,,0x00910f24;0x00958eb0;0x009113b8;0x0091590c;0x00910f40,0x00958eb0,,,,2D91BEF4A0E75EA6A7AB2E325CF0F016359173F9C4272E629A06F1478C3777DC,DECOMPILED,NEURAL_INFERENCE_ENGINE,FACT,
libManis.so,libManis_fn_008fc76c,0x008fc76c,0x008fc76c,380,.text,_ZN11manisEngine16ScriptController15executeFunctionINSt6__ndk112basic_stringIcNS2_11char_traitsIcEENS2_9allocatorIcEEEEEEbPKcPT_,_ZN11manisEngine16ScriptController15executeFunctionINSt6__ndk112basic_stringIcNS2_11char_traitsIcEENS2_9allocatorIcEEEEEEbPKcPT_,True,False,False,0,11,,0x00910f24;0x00958eb0;0x009113b8;0x00915800;0x00957b70,0x00958eb0;0x00957b70;0x00957a20;0x00957a10;0x00957940,,,,FD2B554F0B59F1D308AEE986137913D0977998CCFB1D9925C423B2E0888BE5EC,DECOMPILED,NEURAL_INFERENCE_ENGINE,FACT,
libManis.so,libManis_fn_008fc8e8,0x008fc8e8,0x008fc8e8,180,.text,_ZN11manisEngine16ScriptController15executeFunctionIbEEbPNS_6ScriptEPKcPT_,_ZN11manisEngine16ScriptController15executeFunctionIbEEbPNS_6ScriptEPKcPT_,True,False,False,0,5,,0x00910f24;0x00958eb0;0x009113b8;0x0090280c;0x00910f40,0x00958eb0,,,,9411C41F7D1A48F83738D4E25F770356439A6DFE2EFA5FD189A334CF2DD1F765,DECOMPILED,NEURAL_INFERENCE_ENGINE,FACT,
libManis.so,libManis_fn_008fc99c,0x008fc99c,0x008fc99c,176,.text,_ZN11manisEngine16ScriptController15executeFunctionIcEEbPNS_6ScriptEPKcPT_,_ZN11manisEngine16ScriptController15executeFunctionIcEEbPNS_6ScriptEPKcPT_,True,False,False,0,5,,0x00910f24;0x00958eb0;0x009113b8;0x00915a3c;0x00910f40,0x00958eb0,,,,EC4ADB07E1630D878C477C2AEE2AD7F0F632D4611FA99FB7D1AE3794CE1FC78B,DECOMPILED,NEURAL_INFERENCE_ENGINE,FACT,
libManis.so,libManis_fn_008fca4c,0x008fca4c,0x008fca4c,176,.text,_ZN11manisEngine16ScriptController15executeFunctionIsEEbPNS_6ScriptEPKcPT_,_ZN11manisEngine16ScriptController15executeFunctionIsEEbPNS_6ScriptEPKcPT_,True,False,False,0,5,,0x00910f24;0x00958eb0;0x009113b8;0x00915a3c;0x00910f40,0x00958eb0,,,,34F1C656307EF2DDCBDA10F917CE475362C1999C616E593A004E79EA1DEDC328,DECOMPILED,NEURAL_INFERENCE_ENGINE,FACT,
libManis.so,libManis_fn_008fcafc,0x008fcafc,0x008fcafc,176,.text,_ZN11manisEngine16ScriptController15executeFunctionIiEEbPNS_6ScriptEPKcPT_,_ZN11manisEngine16ScriptController15executeFunctionIiEEbPNS_6ScriptEPKcPT_,True,False,False,0,5,,0x00910f24;0x00958eb0;0x009113b8;0x00915a3c;0x00910f40,0x00958eb0,,,,5F03C1DA6B9E4DB27A979065082CFA41135A02ED9AE334160A5FBE1BA605A8A7,DECOMPILED,NEURAL_INFERENCE_ENGINE,FACT,
libManis.so,libManis_fn_008fcbac,0x008fcbac,0x008fcbac,176,.text,_ZN11manisEngine16ScriptController15executeFunctionIlEEbPNS_6ScriptEPKcPT_,_ZN11manisEngine16ScriptController15executeFunctionIlEEbPNS_6ScriptEPKcPT_,True,False,False,0,5,,0x00910f24;0x00958eb0;0x009113b8;0x00915a3c;0x00910f40,0x00958eb0,,,,A80B7A7D8775B15F0F4380CF9C9A38EFC166E6BE9924D9205118BB0B4C76DFD4,DECOMPILED,NEURAL_INFERENCE_ENGINE,FACT,
libManis.so,libManis_fn_008fcc5c,0x008fcc5c,0x008fcc5c,176,.text,_ZN11manisEngine16ScriptController15executeFunctionIhEEbPNS_6ScriptEPKcPT_,_ZN11manisEngine16ScriptController15executeFunctionIhEEbPNS_6ScriptEPKcPT_,True,False,False,0,5,,0x00910f24;0x00958eb0;0x009113b8;0x00915a3c;0x00910f40,0x00958eb0,,,,C3A1DD02353B0A5293FF1A65BD0DDA700A7D71C140E819406824D44C64D19A9B,DECOMPILED,NEURAL_INFERENCE_ENGINE,FACT,
libManis.so,libManis_fn_008fcd0c,0x008fcd0c,0x008fcd0c,176,.text,_ZN11manisEngine16ScriptController15executeFunctionItEEbPNS_6ScriptEPKcPT_,_ZN11manisEngine16ScriptController15executeFunctionItEEbPNS_6ScriptEPKcPT_,True,False,False,0,5,,0x00910f24;0x00958eb0;0x009113b8;0x00915a3c;0x00910f40,0x00958eb0,,,,2BE394EEC33C10D248058EEFE5B8D689BE1CD0D2F98B01FE414505C7C665F1C5,DECOMPILED,NEURAL_INFERENCE_ENGINE,FACT,
libManis.so,libManis_fn_008fcdbc,0x008fcdbc,0x008fcdbc,176,.text,_ZN11manisEngine16ScriptController15executeFunctionIjEEbPNS_6ScriptEPKcPT_,_ZN11manisEngine16ScriptController15executeFunctionIjEEbPNS_6ScriptEPKcPT_,True,False,False,0,5,,0x00910f24;0x00958eb0;0x009113b8;0x00915a3c;0x00910f40,0x00958eb0,,,,84083850682E25B657183413D99BFB0B8C73440CA0B2B906AF1C903761C42AA0,DECOMPILED,NEURAL_INFERENCE_ENGINE,FACT,
libManis.so,libManis_fn_008fce6c,0x008fce6c,0x008fce6c,176,.text,_ZN11manisEngine16ScriptController15executeFunctionImEEbPNS_6ScriptEPKcPT_,_ZN11manisEngine16ScriptController15executeFunctionImEEbPNS_6ScriptEPKcPT_,True,False,False,0,5,,0x00910f24;0x00958eb0;0x009113b8;0x00915a3c;0x00910f40,0x00958eb0,,,,C25BDB5FB313DA2FD6535773A5F6EAD4C6DA13BB4D90615914F6CBDF9E00CC5F,DECOMPILED,NEURAL_INFERENCE_ENGINE,FACT,
libManis.so,libManis_fn_008fcf1c,0x008fcf1c,0x008fcf1c,180,.text,_ZN11manisEngine16ScriptController15executeFunctionIfEEbPNS_6ScriptEPKcPT_,_ZN11manisEngine16ScriptController15executeFunctionIfEEbPNS_6ScriptEPKcPT_,True,False,False,0,5,,0x00910f24;0x00958eb0;0x009113b8;0x0091590c;0x00910f40,0x00958eb0,,,,9876F6C00D38F6BA09C67CAE132F72C4B516DBCD4FF53F78C27B30CC0757AA8A,DECOMPILED,NEURAL_INFERENCE_ENGINE,FACT,
libManis.so,libManis_fn_008fcfd0,0x008fcfd0,0x008fcfd0,176,.text,_ZN11manisEngine16ScriptController15executeFunctionIdEEbPNS_6ScriptEPKcPT_,_ZN11manisEngine16ScriptController15executeFunctionIdEEbPNS_6ScriptEPKcPT_,True,False,False,0,5,,0x00910f24;0x00958eb0;0x009113b8;0x0091590c;0x00910f40,0x00958eb0,,,,76ED4D094F3FD1DAEECA7AA7E160D563C878778090150DE0D809BA5193080825,DECOMPILED,NEURAL_INFERENCE_ENGINE,FACT,
libManis.so,libManis_fn_008fd080,0x008fd080,0x008fd080,384,.text,_ZN11manisEngine16ScriptController15executeFunctionINSt6__ndk112basic_stringIcNS2_11char_traitsIcEENS2_9allocatorIcEEEEEEbPNS_6ScriptEPKcPT_,_ZN11manisEngine16ScriptController15executeFunctionINSt6__ndk112basic_stringIcNS2_11char_traitsIcEENS2_9allocatorIcEEEEEEbPNS_6ScriptEPKcPT_,True,False,False,0,11,,0x00910f24;0x00958eb0;0x009113b8;0x00915800;0x00957b70,0x00958eb0;0x00957b70;0x00957a20;0x00957a10;0x00957940,,,,9C9B855146DFAEC6EAAAC30F933BF11B25189950681DDD45D23A1706B6E220D4,DECOMPILED,NEURAL_INFERENCE_ENGINE,FACT,
libManis.so,libManis_fn_008fd200,0x008fd200,0x008fd200,224,.text,_ZN11manisEngine16ScriptController15executeFunctionIvEEbPKcS3_PT_z,_ZN11manisEngine16ScriptController15executeFunctionIvEEbPKcS3_PT_z,True,False,False,0,4,,0x00910f24;0x00958eb0;0x00910f40;0x00957910,0x00958eb0;0x00957910,,,,EED549D67A792218F4A6373A0C361A32DDA2F5F256A013F2F188DBE530D1C186,DECOMPILED,NEURAL_INFERENCE_ENGINE,FACT,
libManis.so,libManis_fn_008fd2e0,0x008fd2e0,0x008fd2e0,288,.text,_ZN11manisEngine16ScriptController15executeFunctionIbEEbPKcS3_PT_z,_ZN11manisEngine16ScriptController15executeFunctionIbEEbPKcS3_PT_z,True,False,False,0,6,,0x00910f24;0x00958eb0;0x009113b8;0x0090280c;0x00910f40,0x00958eb0;0x00957910,,,,6F075AF379C2BCA321427300764F60DCA7DFA2B096A40066A9AA3304CE80E92E,DECOMPILED,NEURAL_INFERENCE_ENGINE,FACT,
libManis.so,libManis_fn_008fd400,0x008fd400,0x008fd400,284,.text,_ZN11manisEngine16ScriptController15executeFunctionIcEEbPKcS3_PT_z,_ZN11manisEngine16ScriptController15executeFunctionIcEEbPKcS3_PT_z,True,False,False,0,6,,0x00910f24;0x00958eb0;0x009113b8;0x00915a3c;0x00910f40,0x00958eb0;0x00957910,,,,AE277D506AF09293BC113C316E72852237E2A943AED0156E23FA4615205E0A79,DECOMPILED,NEURAL_INFERENCE_ENGINE,FACT,
libManis.so,libManis_fn_008fd51c,0x008fd51c,0x008fd51c,284,.text,_ZN11manisEngine16ScriptController15executeFunctionIsEEbPKcS3_PT_z,_ZN11manisEngine16ScriptController15executeFunctionIsEEbPKcS3_PT_z,True,False,False,0,6,,0x00910f24;0x00958eb0;0x009113b8;0x00915a3c;0x00910f40,0x00958eb0;0x00957910,,,,A17AA6EFC83956EA02540961B9E1DEE35617E0060206E45EC445C750C7A9E60D,DECOMPILED,NEURAL_INFERENCE_ENGINE,FACT,
libManis.so,libManis_fn_008fd638,0x008fd638,0x008fd638,284,.text,_ZN11manisEngine16ScriptController15executeFunctionIiEEbPKcS3_PT_z,_ZN11manisEngine16ScriptController15executeFunctionIiEEbPKcS3_PT_z,True,False,False,0,6,,0x00910f24;0x00958eb0;0x009113b8;0x00915a3c;0x00910f40,0x00958eb0;0x00957910,,,,437A96613A08651B90CF136A354ED25DC9511934849F91732B0B7F4B365A70ED,DECOMPILED,NEURAL_INFERENCE_ENGINE,FACT,
libManis.so,libManis_fn_008fd754,0x008fd754,0x008fd754,284,.text,_ZN11manisEngine16ScriptController15executeFunctionIlEEbPKcS3_PT_z,_ZN11manisEngine16ScriptController15executeFunctionIlEEbPKcS3_PT_z,True,False,False,0,6,,0x00910f24;0x00958eb0;0x009113b8;0x00915a3c;0x00910f40,0x00958eb0;0x00957910,,,,5130DFE17885991CDC461B15815BC5D46081A3415EE87B4353E97855A988BBD8,DECOMPILED,NEURAL_INFERENCE_ENGINE,FACT,
libManis.so,libManis_fn_008fd870,0x008fd870,0x008fd870,284,.text,_ZN11manisEngine16ScriptController15executeFunctionIhEEbPKcS3_PT_z,_ZN11manisEngine16ScriptController15executeFunctionIhEEbPKcS3_PT_z,True,False,False,0,6,,0x00910f24;0x00958eb0;0x009113b8;0x00915a3c;0x00910f40,0x00958eb0;0x00957910,,,,683F60C7B55E8D4D7E128AA16646B1C26AF357A198ACFB02A4B6BF72AFDAE654,DECOMPILED,NEURAL_INFERENCE_ENGINE,FACT,
libManis.so,libManis_fn_008fd98c,0x008fd98c,0x008fd98c,284,.text,_ZN11manisEngine16ScriptController15executeFunctionItEEbPKcS3_PT_z,_ZN11manisEngine16ScriptController15executeFunctionItEEbPKcS3_PT_z,True,False,False,0,6,,0x00910f24;0x00958eb0;0x009113b8;0x00915a3c;0x00910f40,0x00958eb0;0x00957910,,,,05C5FFC76EC8360EA1319283AEE54F3B7906153C33F7231D6695D2133D2BF4C0,DECOMPILED,NEURAL_INFERENCE_ENGINE,FACT,
libManis.so,libManis_fn_008fdaa8,0x008fdaa8,0x008fdaa8,284,.text,_ZN11manisEngine16ScriptController15executeFunctionIjEEbPKcS3_PT_z,_ZN11manisEngine16ScriptController15executeFunctionIjEEbPKcS3_PT_z,True,False,False,0,6,,0x00910f24;0x00958eb0;0x009113b8;0x00915a3c;0x00910f40,0x00958eb0;0x00957910,,,,A5D3810AEC6931CB071724E028C6BD8B0C2D036BCF3C7741A73890A6A6EF768B,DECOMPILED,NEURAL_INFERENCE_ENGINE,FACT,
libManis.so,libManis_fn_008fdbc4,0x008fdbc4,0x008fdbc4,284,.text,_ZN11manisEngine16ScriptController15executeFunctionImEEbPKcS3_PT_z,_ZN11manisEngine16ScriptController15executeFunctionImEEbPKcS3_PT_z,True,False,False,0,6,,0x00910f24;0x00958eb0;0x009113b8;0x00915a3c;0x00910f40,0x00958eb0;0x00957910,,,,014DB77B5B93E43E4734D00E2A29133E9880CAAEF1D61A7F073C6398278E1D5E,DECOMPILED,NEURAL_INFERENCE_ENGINE,FACT,
libManis.so,libManis_fn_008fdce0,0x008fdce0,0x008fdce0,288,.text,_ZN11manisEngine16ScriptController15executeFunctionIfEEbPKcS3_PT_z,_ZN11manisEngine16ScriptController15executeFunctionIfEEbPKcS3_PT_z,True,False,False,0,6,,0x00910f24;0x00958eb0;0x009113b8;0x0091590c;0x00910f40,0x00958eb0;0x00957910,,,,45E91E673196A1E24E773EB90D146D4D5FB0FB8A208F895DEDF497EED4EF13F1,DECOMPILED,NEURAL_INFERENCE_ENGINE,FACT,
libManis.so,libManis_fn_008fde00,0x008fde00,0x008fde00,284,.text,_ZN11manisEngine16ScriptController15executeFunctionIdEEbPKcS3_PT_z,_ZN11manisEngine16ScriptController15executeFunctionIdEEbPKcS3_PT_z,True,False,False,0,6,,0x00910f24;0x00958eb0;0x009113b8;0x0091590c;0x00910f40,0x00958eb0;0x00957910,,,,8C1EAB07FD299957F56FD3749A9A31A44472490F3FB146E80572C7690399B045,DECOMPILED,NEURAL_INFERENCE_ENGINE,FACT,
libManis.so,libManis_fn_008fdf1c,0x008fdf1c,0x008fdf1c,444,.text,_ZN11manisEngine16ScriptController15executeFunctionINSt6__ndk112basic_stringIcNS2_11char_traitsIcEENS2_9allocatorIcEEEEEEbPKcSA_PT_z,_ZN11manisEngine16ScriptController15executeFunctionINSt6__ndk112basic_stringIcNS2_11char_traitsIcEENS2_9allocatorIcEEEEEEbPKcSA_PT_z,True,False,False,0,11,,0x00910f24;0x00958eb0;0x009113b8;0x00915800;0x00957b70,0x00958eb0;0x00957b70;0x00957a20;0x00957a10;0x00957940,,,,7CD0BFCD409BFE9A2CD97D928B0BA81AF331369B45DB43A21C2A5B4358FEF975,DECOMPILED,NEURAL_INFERENCE_ENGINE,FACT,
libManis.so,libManis_fn_008fe0d8,0x008fe0d8,0x008fe0d8,228,.text,_ZN11manisEngine16ScriptController15executeFunctionIvEEbPNS_6ScriptEPKcS5_PT_z,_ZN11manisEngine16ScriptController15executeFunctionIvEEbPNS_6ScriptEPKcS5_PT_z,True,False,False,0,4,,0x00910f24;0x00958eb0;0x00910f40;0x00957910,0x00958eb0;0x00957910,,,,9F4065669AE1B1F8789B9B565F70F45E40E22E8EE7A35C3196EF969283B45F67,DECOMPILED,NEURAL_INFERENCE_ENGINE,FACT,
libManis.so,libManis_fn_008fe1bc,0x008fe1bc,0x008fe1bc,292,.text,_ZN11manisEngine16ScriptController15executeFunctionIbEEbPNS_6ScriptEPKcS5_PT_z,_ZN11manisEngine16ScriptController15executeFunctionIbEEbPNS_6ScriptEPKcS5_PT_z,True,False,False,0,6,,0x00910f24;0x00958eb0;0x009113b8;0x0090280c;0x00910f40,0x00958eb0;0x00957910,,,,B532F4DDA0A54E505E76AE231DA14660E112EDF0CC98E6D366D15D9A51D6004C,DECOMPILED,NEURAL_INFERENCE_ENGINE,FACT,
libManis.so,libManis_fn_008fe2e0,0x008fe2e0,0x008fe2e0,288,.text,_ZN11manisEngine16ScriptController15executeFunctionIcEEbPNS_6ScriptEPKcS5_PT_z,_ZN11manisEngine16ScriptController15executeFunctionIcEEbPNS_6ScriptEPKcS5_PT_z,True,False,False,0,6,,0x00910f24;0x00958eb0;0x009113b8;0x00915a3c;0x00910f40,0x00958eb0;0x00957910,,,,0AF671A17D377C4831A439C15C238F20F3BFF9C9D6733AE52B78478612B48847,DECOMPILED,NEURAL_INFERENCE_ENGINE,FACT,
libManis.so,libManis_fn_008fe400,0x008fe400,0x008fe400,288,.text,_ZN11manisEngine16ScriptController15executeFunctionIsEEbPNS_6ScriptEPKcS5_PT_z,_ZN11manisEngine16ScriptController15executeFunctionIsEEbPNS_6ScriptEPKcS5_PT_z,True,False,False,0,6,,0x00910f24;0x00958eb0;0x009113b8;0x00915a3c;0x00910f40,0x00958eb0;0x00957910,,,,326139533DBFFA58A3448EA77AFEF93FFE5E8DB7DFE4FC20D2686249C4C302F0,DECOMPILED,NEURAL_INFERENCE_ENGINE,FACT,
libManis.so,libManis_fn_008fe520,0x008fe520,0x008fe520,288,.text,_ZN11manisEngine16ScriptController15executeFunctionIiEEbPNS_6ScriptEPKcS5_PT_z,_ZN11manisEngine16ScriptController15executeFunctionIiEEbPNS_6ScriptEPKcS5_PT_z,True,False,False,0,6,,0x00910f24;0x00958eb0;0x009113b8;0x00915a3c;0x00910f40,0x00958eb0;0x00957910,,,,5D388683EFC421FE8B633EDB5D3F1E6B16E07AAFA651C29C0005289439283FBF,DECOMPILED,NEURAL_INFERENCE_ENGINE,FACT,
libManis.so,libManis_fn_008fe640,0x008fe640,0x008fe640,288,.text,_ZN11manisEngine16ScriptController15executeFunctionIlEEbPNS_6ScriptEPKcS5_PT_z,_ZN11manisEngine16ScriptController15executeFunctionIlEEbPNS_6ScriptEPKcS5_PT_z,True,False,False,0,6,,0x00910f24;0x00958eb0;0x009113b8;0x00915a3c;0x00910f40,0x00958eb0;0x00957910,,,,0C94334AF1023E1ADFD233693CECD15C15A9E93C9BB870AFDB1BEED484D208F7,DECOMPILED,NEURAL_INFERENCE_ENGINE,FACT,
libManis.so,libManis_fn_008fe760,0x008fe760,0x008fe760,288,.text,_ZN11manisEngine16ScriptController15executeFunctionIhEEbPNS_6ScriptEPKcS5_PT_z,_ZN11manisEngine16ScriptController15executeFunctionIhEEbPNS_6ScriptEPKcS5_PT_z,True,False,False,0,6,,0x00910f24;0x00958eb0;0x009113b8;0x00915a3c;0x00910f40,0x00958eb0;0x00957910,,,,AB0F05BAF7BE1C2B74574BFB4F5806333B86643E22D6B66830A8C8430C2F70A5,DECOMPILED,NEURAL_INFERENCE_ENGINE,FACT,
libManis.so,libManis_fn_008fe880,0x008fe880,0x008fe880,288,.text,_ZN11manisEngine16ScriptController15executeFunctionItEEbPNS_6ScriptEPKcS5_PT_z,_ZN11manisEngine16ScriptController15executeFunctionItEEbPNS_6ScriptEPKcS5_PT_z,True,False,False,0,6,,0x00910f24;0x00958eb0;0x009113b8;0x00915a3c;0x00910f40,0x00958eb0;0x00957910,,,,49EA27CA95B96BFB625144538DE0284A565E31DD8830B40F67455CDBBEB98D0F,DECOMPILED,NEURAL_INFERENCE_ENGINE,FACT,
libManis.so,libManis_fn_008fe9a0,0x008fe9a0,0x008fe9a0,288,.text,_ZN11manisEngine16ScriptController15executeFunctionIjEEbPNS_6ScriptEPKcS5_PT_z,_ZN11manisEngine16ScriptController15executeFunctionIjEEbPNS_6ScriptEPKcS5_PT_z,True,False,False,0,6,,0x00910f24;0x00958eb0;0x009113b8;0x00915a3c;0x00910f40,0x00958eb0;0x00957910,,,,64EB80681ED249D8F74B8392933F781E0B9D2E1C2AD8D7742F13607153922B9E,DECOMPILED,NEURAL_INFERENCE_ENGINE,FACT,
libManis.so,libManis_fn_008feac0,0x008feac0,0x008feac0,288,.text,_ZN11manisEngine16ScriptController15executeFunctionImEEbPNS_6ScriptEPKcS5_PT_z,_ZN11manisEngine16ScriptController15executeFunctionImEEbPNS_6ScriptEPKcS5_PT_z,True,False,False,0,6,,0x00910f24;0x00958eb0;0x009113b8;0x00915a3c;0x00910f40,0x00958eb0;0x00957910,,,,DD0E8F471D3FAC293A83296EEF14223C2441B2687770B3C87C563EB4317B561E,DECOMPILED,NEURAL_INFERENCE_ENGINE,FACT,
libManis.so,libManis_fn_008febe0,0x008febe0,0x008febe0,292,.text,_ZN11manisEngine16ScriptController15executeFunctionIfEEbPNS_6ScriptEPKcS5_PT_z,_ZN11manisEngine16ScriptController15executeFunctionIfEEbPNS_6ScriptEPKcS5_PT_z,True,False,False,0,6,,0x00910f24;0x00958eb0;0x009113b8;0x0091590c;0x00910f40,0x00958eb0;0x00957910,,,,494A8F0582DEDB6FE9E9B1C52B26CA5E93E1A3F304294F7DA09206326E7182A7,DECOMPILED,NEURAL_INFERENCE_ENGINE,FACT,
libManis.so,libManis_fn_008fed04,0x008fed04,0x008fed04,288,.text,_ZN11manisEngine16ScriptController15executeFunctionIdEEbPNS_6ScriptEPKcS5_PT_z,_ZN11manisEngine16ScriptController15executeFunctionIdEEbPNS_6ScriptEPKcS5_PT_z,True,False,False,0,6,,0x00910f24;0x00958eb0;0x009113b8;0x0091590c;0x00910f40,0x00958eb0;0x00957910,,,,19A3FC177953E1CCADD035586B5EF60B9D6D70077AD1AC6B1359101D4D52B95A,DECOMPILED,NEURAL_INFERENCE_ENGINE,FACT,
libManis.so,libManis_fn_008fee24,0x008fee24,0x008fee24,448,.text,_ZN11manisEngine16ScriptController15executeFunctionINSt6__ndk112basic_stringIcNS2_11char_traitsIcEENS2_9allocatorIcEEEEEEbPNS_6ScriptEPKcSC_PT_z,_ZN11manisEngine16ScriptController15executeFunctionINSt6__ndk112basic_stringIcNS2_11char_traitsIcEENS2_9allocatorIcEEEEEEbPNS_6ScriptEPKcSC_PT_z,True,False,False,0,11,,0x00910f24;0x00958eb0;0x009113b8;0x00915800;0x00957b70,0x00958eb0;0x00957b70;0x00957a20;0x00957a10;0x00957940,,,,FA1C9B6FAEF23C5379274C9402454EBD258E635FAB999057234CE48F3B98BA5A,DECOMPILED,NEURAL_INFERENCE_ENGINE,FACT,
libManis.so,libManis_fn_008fefe4,0x008fefe4,0x008fefe4,128,.text,_ZN11manisEngine16ScriptController15executeFunctionIvEEbPKcS3_PT_PSt9__va_list,_ZN11manisEngine16ScriptController15executeFunctionIvEEbPKcS3_PT_PSt9__va_list,True,False,False,0,3,,0x00910f24;0x00958eb0;0x00910f40,0x00958eb0,,,,05AADE56D3AC8E42664BA862034D1BCEE22121633ED923D3228DDAA4A24C4EED,DECOMPILED,NEURAL_INFERENCE_ENGINE,FACT,
libManis.so,libManis_fn_008ff064,0x008ff064,0x008ff064,184,.text,_ZN11manisEngine16ScriptController15executeFunctionIbEEbPKcS3_PT_PSt9__va_list,_ZN11manisEngine16ScriptController15executeFunctionIbEEbPKcS3_PT_PSt9__va_list,True,False,False,0,5,,0x00910f24;0x00958eb0;0x009113b8;0x0090280c;0x00910f40,0x00958eb0,,,,102BADA63340916EF4A3DA6836A496F2B44CF48C409A13838A938A76990B864F,DECOMPILED,NEURAL_INFERENCE_ENGINE,FACT,
libManis.so,libManis_fn_008ff11c,0x008ff11c,0x008ff11c,180,.text,_ZN11manisEngine16ScriptController15executeFunctionIcEEbPKcS3_PT_PSt9__va_list,_ZN11manisEngine16ScriptController15executeFunctionIcEEbPKcS3_PT_PSt9__va_list,True,False,False,0,5,,0x00910f24;0x00958eb0;0x009113b8;0x00915a3c;0x00910f40,0x00958eb0,,,,45E53CF5CA80A3F26BB4040E135B627F6DB2DDE4FF47EC3BAB41145DC398D132,DECOMPILED,NEURAL_INFERENCE_ENGINE,FACT,
libManis.so,libManis_fn_008ff1d0,0x008ff1d0,0x008ff1d0,180,.text,_ZN11manisEngine16ScriptController15executeFunctionIsEEbPKcS3_PT_PSt9__va_list,_ZN11manisEngine16ScriptController15executeFunctionIsEEbPKcS3_PT_PSt9__va_list,True,False,False,0,5,,0x00910f24;0x00958eb0;0x009113b8;0x00915a3c;0x00910f40,0x00958eb0,,,,174166CF8328F6AA985A06361525875931FF0E584FEBF596B17C0CDE33C0F604,DECOMPILED,NEURAL_INFERENCE_ENGINE,FACT,
libManis.so,libManis_fn_008ff284,0x008ff284,0x008ff284,180,.text,_ZN11manisEngine16ScriptController15executeFunctionIiEEbPKcS3_PT_PSt9__va_list,_ZN11manisEngine16ScriptController15executeFunctionIiEEbPKcS3_PT_PSt9__va_list,True,False,False,0,5,,0x00910f24;0x00958eb0;0x009113b8;0x00915a3c;0x00910f40,0x00958eb0,,,,9EB850FBEC79859CB91D193E08F78C039FD30D47B70B613896FAAE386E89C96A,DECOMPILED,NEURAL_INFERENCE_ENGINE,FACT,
libManis.so,libManis_fn_008ff338,0x008ff338,0x008ff338,180,.text,_ZN11manisEngine16ScriptController15executeFunctionIlEEbPKcS3_PT_PSt9__va_list,_ZN11manisEngine16ScriptController15executeFunctionIlEEbPKcS3_PT_PSt9__va_list,True,False,False,0,5,,0x00910f24;0x00958eb0;0x009113b8;0x00915a3c;0x00910f40,0x00958eb0,,,,055E8B282DDCD13BF1BEFA3995993EE00E05AB6E501DA97BE4F9432B9DA66EF7,DECOMPILED,NEURAL_INFERENCE_ENGINE,FACT,
libManis.so,libManis_fn_008ff3ec,0x008ff3ec,0x008ff3ec,180,.text,_ZN11manisEngine16ScriptController15executeFunctionIhEEbPKcS3_PT_PSt9__va_list,_ZN11manisEngine16ScriptController15executeFunctionIhEEbPKcS3_PT_PSt9__va_list,True,False,False,0,5,,0x00910f24;0x00958eb0;0x009113b8;0x00915a3c;0x00910f40,0x00958eb0,,,,7C17DC38E754CCAFC0E76804D828A06912DF3591AAF3A5CE374FE12995AEA422,DECOMPILED,NEURAL_INFERENCE_ENGINE,FACT,
libManis.so,libManis_fn_008ff4a0,0x008ff4a0,0x008ff4a0,180,.text,_ZN11manisEngine16ScriptController15executeFunctionItEEbPKcS3_PT_PSt9__va_list,_ZN11manisEngine16ScriptController15executeFunctionItEEbPKcS3_PT_PSt9__va_list,True,False,False,0,5,,0x00910f24;0x00958eb0;0x009113b8;0x00915a3c;0x00910f40,0x00958eb0,,,,5E9884A45E3F73FE4E8780A2F22F1C2D194427C33E439ADB8BCDD4D182885B95,DECOMPILED,NEURAL_INFERENCE_ENGINE,FACT,
libManis.so,libManis_fn_008ff554,0x008ff554,0x008ff554,180,.text,_ZN11manisEngine16ScriptController15executeFunctionIjEEbPKcS3_PT_PSt9__va_list,_ZN11manisEngine16ScriptController15executeFunctionIjEEbPKcS3_PT_PSt9__va_list,True,False,False,0,5,,0x00910f24;0x00958eb0;0x009113b8;0x00915a3c;0x00910f40,0x00958eb0,,,,890C7DFB3D62F8487021C7322C86D5B8AE5A46D5C4F320F27C5A03171B55A9BD,DECOMPILED,NEURAL_INFERENCE_ENGINE,FACT,
libManis.so,libManis_fn_008ff608,0x008ff608,0x008ff608,180,.text,_ZN11manisEngine16ScriptController15executeFunctionImEEbPKcS3_PT_PSt9__va_list,_ZN11manisEngine16ScriptController15executeFunctionImEEbPKcS3_PT_PSt9__va_list,True,False,False,0,5,,0x00910f24;0x00958eb0;0x009113b8;0x00915a3c;0x00910f40,0x00958eb0,,,,1EF63BE8E44213485B5151BA85DAD03D34D12334C2E149C45C7503E7E4D30DCF,DECOMPILED,NEURAL_INFERENCE_ENGINE,FACT,
libManis.so,libManis_fn_008ff6bc,0x008ff6bc,0x008ff6bc,184,.text,_ZN11manisEngine16ScriptController15executeFunctionIfEEbPKcS3_PT_PSt9__va_list,_ZN11manisEngine16ScriptController15executeFunctionIfEEbPKcS3_PT_PSt9__va_list,True,False,False,0,5,,0x00910f24;0x00958eb0;0x009113b8;0x0091590c;0x00910f40,0x00958eb0,,,,CAE68638194B5574AD5B0660D2FC76FC7AFC860F824B44F1DD9E0CE4CAA40E54,DECOMPILED,NEURAL_INFERENCE_ENGINE,FACT,
libManis.so,libManis_fn_008ff774,0x008ff774,0x008ff774,180,.text,_ZN11manisEngine16ScriptController15executeFunctionIdEEbPKcS3_PT_PSt9__va_list,_ZN11manisEngine16ScriptController15executeFunctionIdEEbPKcS3_PT_PSt9__va_list,True,False,False,0,5,,0x00910f24;0x00958eb0;0x009113b8;0x0091590c;0x00910f40,0x00958eb0,,,,4F052D203E6F392E6AD60C349C1640E8EAF71BE182D6AC5E70D2D8D08F051F6E,DECOMPILED,NEURAL_INFERENCE_ENGINE,FACT,
libManis.so,libManis_fn_008ff828,0x008ff828,0x008ff828,388,.text,_ZN11manisEngine16ScriptController15executeFunctionINSt6__ndk112basic_stringIcNS2_11char_traitsIcEENS2_9allocatorIcEEEEEEbPKcSA_PT_PSt9__va_list,_ZN11manisEngine16ScriptController15executeFunctionINSt6__ndk112basic_stringIcNS2_11char_traitsIcEENS2_9allocatorIcEEEEEEbPKcSA_PT_PSt9__va_list,True,False,False,0,11,,0x00910f24;0x00958eb0;0x009113b8;0x00915800;0x00957b70,0x00958eb0;0x00957b70;0x00957a20;0x00957a10;0x00957940,,,,8D2B895EB346CE3F2930E0C920EB54BC7073194D3C0FAFD7C62662E720CBDE87,DECOMPILED,NEURAL_INFERENCE_ENGINE,FACT,
libManis.so,libManis_fn_008ff9ac,0x008ff9ac,0x008ff9ac,132,.text,_ZN11manisEngine16ScriptController15executeFunctionIvEEbPNS_6ScriptEPKcS5_PT_PSt9__va_list,_ZN11manisEngine16ScriptController15executeFunctionIvEEbPNS_6ScriptEPKcS5_PT_PSt9__va_list,True,False,False,0,3,,0x00910f24;0x00958eb0;0x00910f40,0x00958eb0,,,,449B26FDBA88CCED0013904E58183CFEE148710AC56A07DF2506AB51F2992718,DECOMPILED,NEURAL_INFERENCE_ENGINE,FACT,
libManis.so,libManis_fn_008ffa30,0x008ffa30,0x008ffa30,196,.text,_ZN11manisEngine16ScriptController15executeFunctionIbEEbPNS_6ScriptEPKcS5_PT_PSt9__va_list,_ZN11manisEngine16ScriptController15executeFunctionIbEEbPNS_6ScriptEPKcS5_PT_PSt9__va_list,True,False,False,0,5,,0x00910f24;0x00958eb0;0x009113b8;0x0090280c;0x00910f40,0x00958eb0,,,,B1D94F87D1710C0BB83EAC4BF8B54D6508CFD49AD90DEB02197191A666BA2586,DECOMPILED,NEURAL_INFERENCE_ENGINE,FACT,
libManis.so,libManis_fn_008ffaf4,0x008ffaf4,0x008ffaf4,192,.text,_ZN11manisEngine16ScriptController15executeFunctionIcEEbPNS_6ScriptEPKcS5_PT_PSt9__va_list,_ZN11manisEngine16ScriptController15executeFunctionIcEEbPNS_6ScriptEPKcS5_PT_PSt9__va_list,True,False,False,0,5,,0x00910f24;0x00958eb0;0x009113b8;0x00915a3c;0x00910f40,0x00958eb0,,,,955FAC5F8A4AE775F17F0052553AA1811992B2C6576C4D7FD2C37B0C31FA1B0D,DECOMPILED,NEURAL_INFERENCE_ENGINE,FACT,
libManis.so,libManis_fn_008ffbb4,0x008ffbb4,0x008ffbb4,192,.text,_ZN11manisEngine16ScriptController15executeFunctionIsEEbPNS_6ScriptEPKcS5_PT_PSt9__va_list,_ZN11manisEngine16ScriptController15executeFunctionIsEEbPNS_6ScriptEPKcS5_PT_PSt9__va_list,True,False,False,0,5,,0x00910f24;0x00958eb0;0x009113b8;0x00915a3c;0x00910f40,0x00958eb0,,,,3D7AF7611B812A975F4DACD0B3F01F479065E73F7D9BD723B5088293933D8351,DECOMPILED,NEURAL_INFERENCE_ENGINE,FACT,
libManis.so,libManis_fn_008ffc74,0x008ffc74,0x008ffc74,192,.text,_ZN11manisEngine16ScriptController15executeFunctionIiEEbPNS_6ScriptEPKcS5_PT_PSt9__va_list,_ZN11manisEngine16ScriptController15executeFunctionIiEEbPNS_6ScriptEPKcS5_PT_PSt9__va_list,True,False,False,0,5,,0x00910f24;0x00958eb0;0x009113b8;0x00915a3c;0x00910f40,0x00958eb0,,,,CBAF62C0B86CB194C443C65999003D5848C3E0A038CDB69C131D93DBE7CCC6BA,DECOMPILED,NEURAL_INFERENCE_ENGINE,FACT,
libManis.so,libManis_fn_008ffd34,0x008ffd34,0x008ffd34,192,.text,_ZN11manisEngine16ScriptController15executeFunctionIlEEbPNS_6ScriptEPKcS5_PT_PSt9__va_list,_ZN11manisEngine16ScriptController15executeFunctionIlEEbPNS_6ScriptEPKcS5_PT_PSt9__va_list,True,False,False,0,5,,0x00910f24;0x00958eb0;0x009113b8;0x00915a3c;0x00910f40,0x00958eb0,,,,7E4175E2176B983A8EC7775629F7AAE492276A02000972CB021E9FEA913A6DD1,DECOMPILED,NEURAL_INFERENCE_ENGINE,FACT,
libManis.so,libManis_fn_008ffdf4,0x008ffdf4,0x008ffdf4,192,.text,_ZN11manisEngine16ScriptController15executeFunctionIhEEbPNS_6ScriptEPKcS5_PT_PSt9__va_list,_ZN11manisEngine16ScriptController15executeFunctionIhEEbPNS_6ScriptEPKcS5_PT_PSt9__va_list,True,False,False,0,5,,0x00910f24;0x00958eb0;0x009113b8;0x00915a3c;0x00910f40,0x00958eb0,,,,8F3E82CDF942C7ED9AA722CEDD51E8BCEC6CA7A9DC8C2F5C01E7ABCDEA4EE289,DECOMPILED,NEURAL_INFERENCE_ENGINE,FACT,
libManis.so,libManis_fn_008ffeb4,0x008ffeb4,0x008ffeb4,192,.text,_ZN11manisEngine16ScriptController15executeFunctionItEEbPNS_6ScriptEPKcS5_PT_PSt9__va_list,_ZN11manisEngine16ScriptController15executeFunctionItEEbPNS_6ScriptEPKcS5_PT_PSt9__va_list,True,False,False,0,5,,0x00910f24;0x00958eb0;0x009113b8;0x00915a3c;0x00910f40,0x00958eb0,,,,6853B4C0EB192BE3F4D7AE98BEB5CB8D3699EC7AB4B71D0CEC8022617CA3A665,DECOMPILED,NEURAL_INFERENCE_ENGINE,FACT,
libManis.so,libManis_fn_008fff74,0x008fff74,0x008fff74,192,.text,_ZN11manisEngine16ScriptController15executeFunctionIjEEbPNS_6ScriptEPKcS5_PT_PSt9__va_list,_ZN11manisEngine16ScriptController15executeFunctionIjEEbPNS_6ScriptEPKcS5_PT_PSt9__va_list,True,False,False,0,5,,0x00910f24;0x00958eb0;0x009113b8;0x00915a3c;0x00910f40,0x00958eb0,,,,33032BAF6DB81BB3FC847BC8B24D4A28D4B48836DE8E996C30AD793DEC5F9E70,DECOMPILED,NEURAL_INFERENCE_ENGINE,FACT,
libManis.so,libManis_fn_00900034,0x00900034,0x00900034,192,.text,_ZN11manisEngine16ScriptController15executeFunctionImEEbPNS_6ScriptEPKcS5_PT_PSt9__va_list,_ZN11manisEngine16ScriptController15executeFunctionImEEbPNS_6ScriptEPKcS5_PT_PSt9__va_list,True,False,False,0,5,,0x00910f24;0x00958eb0;0x009113b8;0x00915a3c;0x00910f40,0x00958eb0,,,,FA4C87C9AE165172235CD1EEEADADFEF7D164338B8A939900B27DBAD19F36F2C,DECOMPILED,NEURAL_INFERENCE_ENGINE,FACT,
libManis.so,libManis_fn_009000f4,0x009000f4,0x009000f4,196,.text,_ZN11manisEngine16ScriptController15executeFunctionIfEEbPNS_6ScriptEPKcS5_PT_PSt9__va_list,_ZN11manisEngine16ScriptController15executeFunctionIfEEbPNS_6ScriptEPKcS5_PT_PSt9__va_list,True,False,False,0,5,,0x00910f24;0x00958eb0;0x009113b8;0x0091590c;0x00910f40,0x00958eb0,,,,144A3FEE841D3B9D0DCFDF0BE34698765DF26A2EFF17430BB04474F93AC6701A,DECOMPILED,NEURAL_INFERENCE_ENGINE,FACT,
libManis.so,libManis_fn_009001b8,0x009001b8,0x009001b8,192,.text,_ZN11manisEngine16ScriptController15executeFunctionIdEEbPNS_6ScriptEPKcS5_PT_PSt9__va_list,_ZN11manisEngine16ScriptController15executeFunctionIdEEbPNS_6ScriptEPKcS5_PT_PSt9__va_list,True,False,False,0,5,,0x00910f24;0x00958eb0;0x009113b8;0x0091590c;0x00910f40,0x00958eb0,,,,CFDFFCAC26A044D138823BCD3D0B3AE116D95C5D2406247A1F530E9BB9E775D1,DECOMPILED,NEURAL_INFERENCE_ENGINE,FACT,
libManis.so,libManis_fn_00900278,0x00900278,0x00900278,392,.text,_ZN11manisEngine16ScriptController15executeFunctionINSt6__ndk112basic_stringIcNS2_11char_traitsIcEENS2_9allocatorIcEEEEEEbPNS_6ScriptEPKcSC_PT_PSt9__va_list,_ZN11manisEngine16ScriptController15executeFunctionINSt6__ndk112basic_stringIcNS2_11char_traitsIcEENS2_9allocatorIcEEEEEEbPNS_6ScriptEPKcSC_PT_PSt9__va_list,True,False,False,0,11,,0x00910f24;0x00958eb0;0x009113b8;0x00915800;0x00957b70,0x00958eb0;0x00957b70;0x00957a20;0x00957a10;0x00957940,,,,AFCF294BD15F4BEC284CE4273B3DDD5B84B703CDECBBDB3A26E9895D4806913F,DECOMPILED,NEURAL_INFERENCE_ENGINE,FACT,
libManis.so,libManis_fn_00900400,0x00900400,0x00900400,180,.text,_ZN11manisEngine16ScriptController7getBoolEPKcbPNS_6ScriptE,_ZN11manisEngine16ScriptController7getBoolEPKcbPNS_6ScriptE,True,False,False,0,5,,0x00910f24;0x009004b4;0x009113b8;0x0090280c;0x00910f40,,,,,93850286C157D8A296A07C71725AE2EC8D60F5CF915BF230D16FCDA12D119761,DECOMPILED,NEURAL_INFERENCE_ENGINE,FACT,
libManis.so,libManis_fn_009006e4,0x009006e4,0x009006e4,176,.text,_ZN11manisEngine16ScriptController7getCharEPKccPNS_6ScriptE,_ZN11manisEngine16ScriptController7getCharEPKccPNS_6ScriptE,True,False,False,0,5,,0x00910f24;0x009004b4;0x00911654;0x00915a3c;0x00910f40,,,,,FE0DE4929306BA347D3099DA6797EC44B01D3405F4B538EAB693955F4AE34B9D,DECOMPILED,NEURAL_INFERENCE_ENGINE,FACT,
libManis.so,libManis_fn_00900794,0x00900794,0x00900794,176,.text,_ZN11manisEngine16ScriptController8getShortEPKcsPNS_6ScriptE,_ZN11manisEngine16ScriptController8getShortEPKcsPNS_6ScriptE,True,False,False,0,5,,0x00910f24;0x009004b4;0x00911654;0x00915a3c;0x00910f40,,,,,9E5346574467BE6352E15A361EE3F2CD25C5A2C39E058C4B4F20B480B8101E0E,DECOMPILED,NEURAL_INFERENCE_ENGINE,FACT,
libManis.so,libManis_fn_00900844,0x00900844,0x00900844,176,.text,_ZN11manisEngine16ScriptController6getIntEPKciPNS_6ScriptE,_ZN11manisEngine16ScriptController6getIntEPKciPNS_6ScriptE,True,False,False,0,5,,0x00910f24;0x009004b4;0x00911654;0x00915a3c;0x00910f40,,,,,F6EEA3CA6D206E220B74C237274983B32B98A0041D135EF73FA1F2E8F491B6AD,DECOMPILED,NEURAL_INFERENCE_ENGINE,FACT,
libManis.so,libManis_fn_009008f4,0x009008f4,0x009008f4,176,.text,_ZN11manisEngine16ScriptController7getLongEPKclPNS_6ScriptE,_ZN11manisEngine16ScriptController7getLongEPKclPNS_6ScriptE,True,False,False,0,5,,0x00910f24;0x009004b4;0x00911654;0x00915a3c;0x00910f40,,,,,2B12C6586E2FC0373CD5EC51146116212EA48F5E6B17725403CAAFA7FF1924A5,DECOMPILED,NEURAL_INFERENCE_ENGINE,FACT,
libManis.so,libManis_fn_009009a4,0x009009a4,0x009009a4,176,.text,_ZN11manisEngine16ScriptController15getUnsignedCharEPKchPNS_6ScriptE,_ZN11manisEngine16ScriptController15getUnsignedCharEPKchPNS_6ScriptE,True,False,False,0,5,,0x00910f24;0x009004b4;0x00911654;0x00915a3c;0x00910f40,,,,,5FE6D3C6B8556497630F8A021CFCA256FB4AD4FB531EE601F493458DE468826B,DECOMPILED,NEURAL_INFERENCE_ENGINE,FACT,
libManis.so,libManis_fn_00900a54,0x00900a54,0x00900a54,176,.text,_ZN11manisEngine16ScriptController16getUnsignedShortEPKctPNS_6ScriptE,_ZN11manisEngine16ScriptController16getUnsignedShortEPKctPNS_6ScriptE,True,False,False,0,5,,0x00910f24;0x009004b4;0x00911654;0x00915a3c;0x00910f40,,,,,CDDB09A3B73A8843D5573250FF462C3C95CA541947BFA7BD16BF7E4A8C64B30C,DECOMPILED,NEURAL_INFERENCE_ENGINE,FACT,
libManis.so,libManis_fn_00900b04,0x00900b04,0x00900b04,176,.text,_ZN11manisEngine16ScriptController14getUnsignedIntEPKcjPNS_6ScriptE,_ZN11manisEngine16ScriptController14getUnsignedIntEPKcjPNS_6ScriptE,True,False,False,0,5,,0x00910f24;0x009004b4;0x00911654;0x00915a3c;0x00910f40,,,,,C85A9F13B4210B4FB460CEB4AC3501BB4057B5C36A1A182C61F8F5035EDEC966,DECOMPILED,NEURAL_INFERENCE_ENGINE,FACT,
libManis.so,libManis_fn_00900bb4,0x00900bb4,0x00900bb4,176,.text,_ZN11manisEngine16ScriptController15getUnsignedLongEPKcmPNS_6ScriptE,_ZN11manisEngine16ScriptController15getUnsignedLongEPKcmPNS_6ScriptE,True,False,False,0,5,,0x00910f24;0x009004b4;0x00911654;0x00915a3c;0x00910f40,,,,,A90059B6C54A15EA5C94D6C992B684CF71C7DA55513C84A0221025CD31EE8CB0,DECOMPILED,NEURAL_INFERENCE_ENGINE,FACT,
libManis.so,libManis_fn_00900c64,0x00900c64,0x00900c64,176,.text,_ZN11manisEngine16ScriptController8getFloatEPKcfPNS_6ScriptE,_ZN11manisEngine16ScriptController8getFloatEPKcfPNS_6ScriptE,True,False,False,0,5,,0x00910f24;0x009004b4;0x00911654;0x0091590c;0x00910f40,,,,,19FCB393FCA6EC497422C69A02C57F1566695D573F5BF1AA190B0DF75F2ABEC4,DECOMPILED,NEURAL_INFERENCE_ENGINE,FACT,
libManis.so,libManis_fn_00900d14,0x00900d14,0x00900d14,176,.text,_ZN11manisEngine16ScriptController9getDoubleEPKcdPNS_6ScriptE,_ZN11manisEngine16ScriptController9getDoubleEPKcdPNS_6ScriptE,True,False,False,0,5,,0x00910f24;0x009004b4;0x00911654;0x0091590c;0x00910f40,,,,,28F5D8A67E69C49F93F387E930D8A6B168A19E7A8534961B6247CE1856653F45,DECOMPILED,NEURAL_INFERENCE_ENGINE,FACT,
libManis.so,libManis_fn_00900dc4,0x00900dc4,0x00900dc4,184,.text,_ZN11manisEngine16ScriptController9getStringEPKcPNS_6ScriptE,_ZN11manisEngine16ScriptController9getStringEPKcPNS_6ScriptE,True,False,False,0,5,,0x00910f24;0x009004b4;0x00911744;0x00915800;0x00910f40,,,,,8DCE3FFB5CB0CDA39A6F7CF30DB13676BAEDB9180C1E65A89B4D1AD44883BF6C,DECOMPILED,NEURAL_INFERENCE_ENGINE,FACT,
libManis.so,libManis_fn_00900e7c,0x00900e7c,0x00900e7c,200,.text,_ZN11manisEngine16ScriptController16getObjectPointerEPKcS2_PNS_6ScriptE,_ZN11manisEngine16ScriptController16getObjectPointerEPKcS2_PNS_6ScriptE,True,False,False,0,6,,0x00910f24;0x009004b4;0x009113b8;0x009120dc;0x00902a70,,,,,FB374295290765F815E1675A895E73DC8F041362BF7707D8A815A451B6069984,DECOMPILED,NEURAL_INFERENCE_ENGINE,FACT,
libManis.so,libManis_fn_00900f44,0x00900f44,0x00900f44,84,.text,_ZN11manisEngine16ScriptController25getObjectPointerFromStackEPKc,_ZN11manisEngine16ScriptController25getObjectPointerFromStackEPKc,True,False,False,0,1,,0x009113b8,,,,,C889115F005193388204055A7CEDB60F806285B8C2248D1F6A41E5B24E0D3712,DECOMPILED,NEURAL_INFERENCE_ENGINE,FACT,
libManis.so,libManis_fn_00900f98,0x00900f98,0x00900f98,152,.text,_ZN11manisEngine16ScriptController7setBoolEPKcbPNS_6ScriptE,_ZN11manisEngine16ScriptController7setBoolEPKcbPNS_6ScriptE,True,False,False,0,3,,0x00912cb8;0x009126b8;0x009126b8,,,,,97B085AD36822DAD69065B4ECDB86CAC66EE19ADD4DACA9226078BC95F45FE0E,DECOMPILED,NEURAL_INFERENCE_ENGINE,FACT,
libManis.so,libManis_fn_00901030,0x00901030,0x00901030,152,.text,_ZN11manisEngine16ScriptController7setCharEPKccPNS_6ScriptE,_ZN11manisEngine16ScriptController7setCharEPKccPNS_6ScriptE,True,False,False,0,3,,0x00912cb8;0x0091238c;0x0091238c,,,,,24D3B2BEDA31A1281EE7CB1B40EBE7CEC966A3AB9BBF155BDF23D2FCF916B70D,DECOMPILED,NEURAL_INFERENCE_ENGINE,FACT,
libManis.so,libManis_fn_009010c8,0x009010c8,0x009010c8,152,.text,_ZN11manisEngine16ScriptController8setShortEPKcsPNS_6ScriptE,_ZN11manisEngine16ScriptController8setShortEPKcsPNS_6ScriptE,True,False,False,0,3,,0x00912cb8;0x0091238c;0x0091238c,,,,,0E1BB9417ACE9C03DA4352858603F6D9E47C6E93E70BFD5AF5D98BA5885EAA0C,DECOMPILED,NEURAL_INFERENCE_ENGINE,FACT,
libManis.so,libManis_fn_00901160,0x00901160,0x00901160,152,.text,_ZN11manisEngine16ScriptController6setIntEPKciPNS_6ScriptE,_ZN11manisEngine16ScriptController6setIntEPKciPNS_6ScriptE,True,False,False,0,3,,0x00912cb8;0x0091238c;0x0091238c,,,,,DBF1D2178F67E36D72BBC9B65929EDAB17A95C12642BAED833D49E1847FA1203,DECOMPILED,NEURAL_INFERENCE_ENGINE,FACT,
libManis.so,libManis_fn_009011f8,0x009011f8,0x009011f8,152,.text,_ZN11manisEngine16ScriptController7setLongEPKclPNS_6ScriptE,_ZN11manisEngine16ScriptController7setLongEPKclPNS_6ScriptE,True,False,False,0,3,,0x00912cb8;0x0091238c;0x0091238c,,,,,44774449D64B286EC1506EA88D190E2B3BE616F213FB5817109E2DCCD005E91F,DECOMPILED,NEURAL_INFERENCE_ENGINE,FACT,
libManis.so,libManis_fn_00901290,0x00901290,0x00901290,152,.text,_ZN11manisEngine16ScriptController15setUnsignedCharEPKchPNS_6ScriptE,_ZN11manisEngine16ScriptController15setUnsignedCharEPKchPNS_6ScriptE,True,False,False,0,3,,0x00912cb8;0x0091238c;0x0091238c,,,,,B450C338F3161CF79C4D49141F0BB8E9F83458377A5273A9EBDF7A67714313F7,DECOMPILED,NEURAL_INFERENCE_ENGINE,FACT,
libManis.so,libManis_fn_00901328,0x00901328,0x00901328,152,.text,_ZN11manisEngine16ScriptController16setUnsignedShortEPKctPNS_6ScriptE,_ZN11manisEngine16ScriptController16setUnsignedShortEPKctPNS_6ScriptE,True,False,False,0,3,,0x00912cb8;0x0091238c;0x0091238c,,,,,31B12F6010E9B82727BE5987EF28957BEE2A1DE550F35B865AB327CB77F029F3,DECOMPILED,NEURAL_INFERENCE_ENGINE,FACT,
libManis.so,libManis_fn_009013c0,0x009013c0,0x009013c0,152,.text,_ZN11manisEngine16ScriptController14setUnsignedIntEPKcjPNS_6ScriptE,_ZN11manisEngine16ScriptController14setUnsignedIntEPKcjPNS_6ScriptE,True,False,False,0,3,,0x00912cb8;0x0091238c;0x0091238c,,,,,96A4C28D1558B98F7A75FCEC7A81D2481D0C0A567E4BC9D528A67F2849E65C7A,DECOMPILED,NEURAL_INFERENCE_ENGINE,FACT,
libManis.so,libManis_fn_00901458,0x00901458,0x00901458,152,.text,_ZN11manisEngine16ScriptController15setUnsignedLongEPKcmPNS_6ScriptE,_ZN11manisEngine16ScriptController15setUnsignedLongEPKcmPNS_6ScriptE,True,False,False,0,3,,0x00912cb8;0x0091238c;0x0091238c,,,,,88A74C8D5284D8799CA62434BF4186DDEBF56DA751B9562B3F4BA05A7C9A9AE9,DECOMPILED,NEURAL_INFERENCE_ENGINE,FACT,
libManis.so,libManis_fn_009014f0,0x009014f0,0x009014f0,152,.text,_ZN11manisEngine16ScriptController8setFloatEPKcfPNS_6ScriptE,_ZN11manisEngine16ScriptController8setFloatEPKcfPNS_6ScriptE,True,False,False,0,3,,0x00912cb8;0x0091236c;0x0091236c,,,,,1BAEE8B8E8CD255F026ACEF0E4CC4EF2A669F6A0C22EAF0FF69CB227ED47ED38,DECOMPILED,NEURAL_INFERENCE_ENGINE,FACT,
libManis.so,libManis_fn_00901588,0x00901588,0x00901588,148,.text,_ZN11manisEngine16ScriptController9setDoubleEPKcdPNS_6ScriptE,_ZN11manisEngine16ScriptController9setDoubleEPKcdPNS_6ScriptE,True,False,False,0,3,,0x00912cb8;0x0091236c;0x0091236c,,,,,23A71DEEB60C4DD8A582B16C48A0AAC3A704DD31722FE0F5736E48B0F1945035,DECOMPILED,NEURAL_INFERENCE_ENGINE,FACT,
libManis.so,libManis_fn_0090161c,0x0090161c,0x0090161c,152,.text,_ZN11manisEngine16ScriptController9setStringEPKcS2_PNS_6ScriptE,_ZN11manisEngine16ScriptController9setStringEPKcS2_PNS_6ScriptE,True,False,False,0,3,,0x00912cb8;0x00912424;0x00912424,,,,,C950B5270C7B0600DEB573F29803106E48F49FD842B77D5CD93154D2C832D4B6,DECOMPILED,NEURAL_INFERENCE_ENGINE,FACT,
libManis.so,libManis_fn_009016b4,0x009016b4,0x009016b4,220,.text,_ZN11manisEngine16ScriptController16setObjectPointerEPKcS2_PvPNS_6ScriptE,_ZN11manisEngine16ScriptController16setObjectPointerEPKcS2_PvPNS_6ScriptE,True,False,False,0,4,,0x00912cb8;0x009143a4;0x00912930;0x00913924,,,,,58C8323F11019F0D815CF548D13E57BF401F98C0F7A7D618282EEAF01241438D,DECOMPILED,NEURAL_INFERENCE_ENGINE,FACT,
libManis.so,libManis_fn_00901790,0x00901790,0x00901790,156,.text,_ZNK11manisEngine16ScriptController14functionExistsEPKcPKNS_6ScriptE,_ZNK11manisEngine16ScriptController14functionExistsEPKcPKNS_6ScriptE,True,False,False,0,4,,0x00910f24;0x009004b4;0x009113b8;0x00910f40,,,,,46A718F78BCB890854917ECB07265BB6A61323571D55CB0DBE8B1C07C2A10B04,DECOMPILED,NEURAL_INFERENCE_ENGINE,FACT,
libManis.so,libManis_fn_0090182c,0x0090182c,0x0090182c,32,.text,_ZNK11manisEngine16ScriptController16getCurrentScriptEv,_ZNK11manisEngine16ScriptController16getCurrentScriptEv,True,False,False,0,0,,,,,,,C8DB21FDB1A82FF9B35AE566AF6F69EEF00BE6A227E3FCA9A556CA7F21626138,DECOMPILED,NEURAL_INFERENCE_ENGINE,FACT,
libManis.so,libManis_fn_009019cc,0x009019cc,0x009019cc,476,.text,_ZN11manisEngine16ScriptController10initializeEPKc,_ZN11manisEngine16ScriptController10initializeEPKc,True,False,False,0,22,,0x00917004;0x00922038;0x00902de8;0x008f9bd0;0x008f9bec,0x00958d30;0x00958d30;0x00958d30;0x00958d30;0x009580b0,"'%s -- ';'initialize';""Failed to load custom loadfile() function with error: '%s'.""",,,45C50A5D1D97D092DCFBF0129E15F3D13B6B2D3BE0806CC4561F58E25E69F7EA,DECOMPILED,NEURAL_INFERENCE_ENGINE,FACT,
libManis.so,libManis_fn_00901ba8,0x00901ba8,0x00901ba8,396,.text,_ZN11manisEngine16ScriptController10pushScriptEPNS_6ScriptE,_ZN11manisEngine16ScriptController10pushScriptEPNS_6ScriptE,True,False,False,0,5,,0x00958df0;0x00957a10;0x00957a20;0x00902070;0x00334cec,0x00958df0;0x00957a10;0x00957a20,,,,885657458D6F42F8F201ABCDCA4AB5CBB5501DD265DF6742B2225878F988EADD,DECOMPILED,NEURAL_INFERENCE_ENGINE,FACT,
libManis.so,libManis_fn_00901d34,0x00901d34,0x00901d34,28,.text,_ZN11manisEngine16ScriptController9popScriptEv,_ZN11manisEngine16ScriptController9popScriptEv,True,False,False,0,0,,,,,,,6FB04ACA9C4F85F4A214B6D4CF46E4CFA8883AA53949AAE9C437026CDA8C8D1E,DECOMPILED,NEURAL_INFERENCE_ENGINE,FACT,
libManis.so,libManis_fn_00910c28,0x00910c28,0x00910c28,60,.text,_ZN11manisEngine11ManisEngineC2Ev,_ZN11manisEngine11ManisEngineC2Ev,True,False,False,0,0,,,,,,,8E233D72F827F81AE8A296ED5C6894B9600A7CD7B362B39908015C6F5653F606,DECOMPILED,NEURAL_INFERENCE_ENGINE,FACT,
libManis.so,libManis_fn_00910c64,0x00910c64,0x00910c64,112,.text,_ZN11manisEngine11ManisEngineD2Ev,_ZN11manisEngine11ManisEngineD2Ev,True,False,False,0,3,,0x00910d18;0x00910d18;0x00910cd4,,,,,FF54D1F752D2C38C9BA5E82BE643AE4184C0ABE843A169965DBEBDDBB03D8611,DECOMPILED,NEURAL_INFERENCE_ENGINE,FACT,
