caller_so,caller_symbol,callee_so,callee_symbol,link_type,call_purpose
libandroidx.graphics.path.so,libandroidx.graphics.path.so::RuntimeInit,libm.so,libm.so::ExportedSymbol,DYNAMIC_ELF_NEEDED,Direct library dependency binding declared in .dynamic DT_NEEDED
libandroidx.graphics.path.so,libandroidx.graphics.path.so::RuntimeInit,libdl.so,libdl.so::ExportedSymbol,DYNAMIC_ELF_NEEDED,Direct library dependency binding declared in .dynamic DT_NEEDED
libandroidx.graphics.path.so,libandroidx.graphics.path.so::RuntimeInit,libc.so,libc.so::ExportedSymbol,DYNAMIC_ELF_NEEDED,Direct library dependency binding declared in .dynamic DT_NEEDED
com.uptodown.NativeBridge,JNI.OnLoad,libandroidx.graphics.path.so,JNI_OnLoad,JNI_EXPORT_BINDING,Android ART runtime to C++ native function execution hop
libdatastore_shared_counter.so,libdatastore_shared_counter.so::RuntimeInit,libm.so,libm.so::ExportedSymbol,DYNAMIC_ELF_NEEDED,Direct library dependency binding declared in .dynamic DT_NEEDED
libdatastore_shared_counter.so,libdatastore_shared_counter.so::RuntimeInit,libdl.so,libdl.so::ExportedSymbol,DYNAMIC_ELF_NEEDED,Direct library dependency binding declared in .dynamic DT_NEEDED
libdatastore_shared_counter.so,libdatastore_shared_counter.so::RuntimeInit,libc.so,libc.so::ExportedSymbol,DYNAMIC_ELF_NEEDED,Direct library dependency binding declared in .dynamic DT_NEEDED
com.uptodown.NativeBridge,androidx.datastore.core.NativeSharedCounter.nativeTruncateFile,libdatastore_shared_counter.so,Java_androidx_datastore_core_NativeSharedCounter_nativeTruncateFile,JNI_EXPORT_BINDING,Android ART runtime to C++ native function execution hop
com.uptodown.NativeBridge,androidx.datastore.core.NativeSharedCounter.nativeCreateSharedCounter,libdatastore_shared_counter.so,Java_androidx_datastore_core_NativeSharedCounter_nativeCreateSharedCounter,JNI_EXPORT_BINDING,Android ART runtime to C++ native function execution hop
com.uptodown.NativeBridge,androidx.datastore.core.NativeSharedCounter.nativeGetCounterValue,libdatastore_shared_counter.so,Java_androidx_datastore_core_NativeSharedCounter_nativeGetCounterValue,JNI_EXPORT_BINDING,Android ART runtime to C++ native function execution hop
com.uptodown.NativeBridge,androidx.datastore.core.NativeSharedCounter.nativeIncrementAndGetCounterValue,libdatastore_shared_counter.so,Java_androidx_datastore_core_NativeSharedCounter_nativeIncrementAndGetCounterValue,JNI_EXPORT_BINDING,Android ART runtime to C++ native function execution hop
libuptodown-native.so,libuptodown-native.so::RuntimeInit,liblog.so,liblog.so::ExportedSymbol,DYNAMIC_ELF_NEEDED,Direct library dependency binding declared in .dynamic DT_NEEDED
libuptodown-native.so,libuptodown-native.so::RuntimeInit,libm.so,libm.so::ExportedSymbol,DYNAMIC_ELF_NEEDED,Direct library dependency binding declared in .dynamic DT_NEEDED
libuptodown-native.so,libuptodown-native.so::RuntimeInit,libdl.so,libdl.so::ExportedSymbol,DYNAMIC_ELF_NEEDED,Direct library dependency binding declared in .dynamic DT_NEEDED
libuptodown-native.so,libuptodown-native.so::RuntimeInit,libc.so,libc.so::ExportedSymbol,DYNAMIC_ELF_NEEDED,Direct library dependency binding declared in .dynamic DT_NEEDED
com.uptodown.NativeBridge,com.uptodown.util.NativeApiKey.getAuthApikey,libuptodown-native.so,Java_com_uptodown_util_NativeApiKey_getAuthApikey,JNI_EXPORT_BINDING,Android ART runtime to C++ native function execution hop
com.uptodown.NativeBridge,com.uptodown.util.NativeApiKey.getAuthApikeyLite,libuptodown-native.so,Java_com_uptodown_util_NativeApiKey_getAuthApikeyLite,JNI_EXPORT_BINDING,Android ART runtime to C++ native function execution hop
libutd-services-native.so,libutd-services-native.so::RuntimeInit,liblog.so,liblog.so::ExportedSymbol,DYNAMIC_ELF_NEEDED,Direct library dependency binding declared in .dynamic DT_NEEDED
libutd-services-native.so,libutd-services-native.so::RuntimeInit,libm.so,libm.so::ExportedSymbol,DYNAMIC_ELF_NEEDED,Direct library dependency binding declared in .dynamic DT_NEEDED
libutd-services-native.so,libutd-services-native.so::RuntimeInit,libdl.so,libdl.so::ExportedSymbol,DYNAMIC_ELF_NEEDED,Direct library dependency binding declared in .dynamic DT_NEEDED
libutd-services-native.so,libutd-services-native.so::RuntimeInit,libc.so,libc.so::ExportedSymbol,DYNAMIC_ELF_NEEDED,Direct library dependency binding declared in .dynamic DT_NEEDED
com.uptodown.NativeBridge,com.uptodown.services.utils.NativeConst.getApiKeySeed,libutd-services-native.so,Java_com_uptodown_services_utils_NativeConst_getApiKeySeed,JNI_EXPORT_BINDING,Android ART runtime to C++ native function execution hop
