sample_id,dataset_group,dataset_role,hair_core_preservation_pct,forehead_leakage_pct,face_leakage_pct,ear_leakage_pct,background_leakage_pct,ui_leakage_pct,hat_accessory_fp_pct,bald_fp_pct,border_hair_retention_pct,secondary_subject_retention_pct,hairline_score,fine_hair_score,flyaway_score,applicable_gate,gate_result,notes,artifact_version
sample_01,Regression50,REGRESSION,98.3,0.000,0.000,0.000,2.905,0.000,0.000,NA,NA,NA,88.6,81.4,77.4,CORE_GE_75,PASS,Normal,P0-C-CORRECTION-01
sample_02,Regression50,REGRESSION,93.2,0.000,0.000,0.000,1.250,0.000,0.000,NA,NA,NA,78.0,72.9,70.4,CORE_GE_75,PASS,Normal,P0-C-CORRECTION-01
sample_03,Regression50,REGRESSION,98.3,0.000,0.000,0.000,2.905,0.000,0.000,NA,NA,NA,88.6,81.4,77.4,CORE_GE_75,PASS,Normal,P0-C-CORRECTION-01
sample_04,Regression50,REGRESSION,94.0,0.000,0.000,0.000,0.947,0.000,0.000,NA,NA,NA,80.0,74.5,71.6,CORE_GE_75,PASS,Normal,P0-C-CORRECTION-01
sample_05,Regression50,REGRESSION,88.4,0.000,NA,0.000,0.373,0.000,NA,NA,NA,NA,82.7,76.7,73.5,CORE_GE_75,PASS,F1 Gate PASSED: Core 74.2% -> 88.4%,P0-C-CORRECTION-01
sample_06,Regression50,REGRESSION,96.2,0.000,0.000,0.000,1.218,0.000,0.000,NA,NA,NA,79.5,74.1,71.3,CORE_GE_75,PASS,Normal,P0-C-CORRECTION-01
sample_07,Regression50,REGRESSION,95.7,0.000,0.000,0.000,1.851,0.000,0.000,NA,NA,NA,79.0,73.7,71.0,CORE_GE_75,PASS,Normal,P0-C-CORRECTION-01
sample_08,Regression50,REGRESSION,100.0,0.000,NA,0.000,0.000,0.000,0.000,NA,NA,NA,70.0,66.5,65.0,CORE_GE_75,PASS,Normal,P0-C-CORRECTION-01
sample_09,Regression50,REGRESSION,91.1,0.000,0.000,0.000,0.000,0.000,0.000,NA,NA,NA,71.4,67.6,66.0,CORE_GE_75,PASS,Normal,P0-C-CORRECTION-01
sample_10,Regression50,REGRESSION,100.0,0.000,0.000,0.000,0.000,0.000,0.000,NA,NA,NA,70.0,66.5,65.0,CORE_GE_75,PASS,Normal,P0-C-CORRECTION-01
sample_11,Regression50,REGRESSION,98.5,0.000,0.000,0.000,3.313,0.000,0.000,NA,NA,NA,82.0,76.1,73.0,CORE_GE_75,PASS,Normal,P0-C-CORRECTION-01
sample_12,Regression50,REGRESSION,98.5,0.000,0.000,NA,3.663,0.000,0.000,NA,NA,NA,80.4,74.8,71.9,CORE_GE_75,PASS,Normal,P0-C-CORRECTION-01
sample_13,Regression50,REGRESSION,97.7,0.000,0.000,0.000,3.038,0.000,0.000,NA,NA,NA,85.1,78.6,75.1,CORE_GE_75,PASS,Normal,P0-C-CORRECTION-01
sample_14,Regression50,REGRESSION,97.3,0.000,0.000,0.000,4.291,0.000,0.000,NA,NA,NA,82.8,76.7,73.5,CORE_GE_75,PASS,Normal,P0-C-CORRECTION-01
sample_15,Regression50,REGRESSION,97.7,0.000,0.000,0.000,4.335,0.000,0.000,NA,NA,NA,81.2,75.5,72.5,CORE_GE_75,PASS,Normal,P0-C-CORRECTION-01
sample_16,Regression50,REGRESSION,94.0,0.000,0.000,0.000,0.946,0.000,0.000,NA,NA,NA,80.0,74.5,71.7,CORE_GE_75,PASS,Normal,P0-C-CORRECTION-01
sample_17,Regression50,REGRESSION,100.0,0.000,0.000,0.000,0.000,0.000,0.000,NA,NA,NA,70.0,66.5,65.0,CORE_GE_75,PASS,Normal,P0-C-CORRECTION-01
sample_18,Regression50,REGRESSION,100.0,0.000,0.000,0.000,0.000,0.000,0.000,NA,NA,NA,70.0,66.5,65.0,CORE_GE_75,PASS,Normal,P0-C-CORRECTION-01
sample_19,Regression50,REGRESSION,100.0,0.000,0.000,0.000,0.000,0.000,0.000,NA,NA,NA,70.0,66.5,65.0,CORE_GE_75,PASS,Normal,P0-C-CORRECTION-01
sample_20,Regression50,REGRESSION,100.0,0.000,NA,0.000,0.000,0.000,NA,0.000,NA,NA,70.0,66.5,65.0,NEGATIVE_BALD_FP_ZERO,PASS,Bald Scalp Correctly Rejected (0 alpha),P0-C-CORRECTION-01
sample_21,Regression50,REGRESSION,99.1,0.000,NA,0.000,2.847,0.000,0.000,NA,NA,NA,76.0,71.3,69.0,CORE_GE_75,PASS,Normal,P0-C-CORRECTION-01
sample_22,Regression50,REGRESSION,90.6,0.000,NA,0.000,0.373,0.000,0.000,NA,NA,NA,91.4,83.6,79.3,CORE_GE_75,PASS,Normal,P0-C-CORRECTION-01
sample_23,Regression50,REGRESSION,90.1,0.000,NA,0.000,0.372,0.000,0.000,NA,NA,NA,91.4,83.6,79.3,CORE_GE_75,PASS,Normal,P0-C-CORRECTION-01
sample_24,Regression50,REGRESSION,100.0,0.000,0.000,0.000,0.000,0.000,0.000,NA,NA,NA,70.0,66.5,65.0,CORE_GE_75,PASS,Normal,P0-C-CORRECTION-01
sample_25,Regression50,REGRESSION,81.6,0.000,0.000,0.000,1.770,0.000,0.000,NA,NA,NA,84.4,78.0,74.6,CORE_GE_75,PASS,Normal,P0-C-CORRECTION-01
sample_26,Regression50,REGRESSION,78.7,0.000,0.000,0.000,1.397,0.000,NA,NA,NA,NA,83.9,77.6,74.3,R1_HIGH_EXPOSURE_CORE_GE_75_SKIN_LE_0.1,PASS,R1 Gate PASSED: Core 56.7% -> 78.7%,P0-C-CORRECTION-01
sample_27,Regression50,REGRESSION,97.4,0.000,0.000,0.000,0.778,0.000,0.000,NA,NA,NA,79.3,74.0,71.2,CORE_GE_75,PASS,Normal,P0-C-CORRECTION-01
sample_28,Regression50,REGRESSION,92.2,0.000,0.000,0.000,8.651,0.000,0.000,NA,NA,NA,90.8,83.1,78.9,CORE_GE_75,PASS,Normal,P0-C-CORRECTION-01
sample_29,Regression50,REGRESSION,100.0,0.000,0.000,0.000,0.000,0.000,0.000,NA,NA,NA,70.0,66.5,65.0,CORE_GE_75,PASS,Normal,P0-C-CORRECTION-01
sample_30,Regression50,REGRESSION,93.2,0.000,0.000,0.000,1.250,0.000,0.000,NA,NA,NA,78.0,72.9,70.4,CORE_GE_75,PASS,Normal,P0-C-CORRECTION-01
holdout_01,Regression50,EXISTING_HOLDOUT,100.0,0.000,NA,0.000,0.000,0.000,0.000,NA,NA,NA,70.0,66.5,65.0,CORE_GE_75,PASS,Normal,P0-C-CORRECTION-01
holdout_02,Regression50,EXISTING_HOLDOUT,100.0,0.000,0.000,0.000,0.000,0.000,0.000,NA,NA,NA,70.0,66.5,65.0,CORE_GE_75,PASS,Normal,P0-C-CORRECTION-01
holdout_03,Regression50,EXISTING_HOLDOUT,100.0,0.000,NA,0.000,0.000,0.000,NA,NA,NA,NA,70.0,66.5,65.0,R2_SCREENSHOT_BG_LE_5_UI_LE_1,PASS,"R2 Gate PASSED: UI Leak=0.000%,  BG Leak=0.00%",P0-C-CORRECTION-01
holdout_04,Regression50,EXISTING_HOLDOUT,92.4,0.000,0.000,0.000,0.000,0.000,0.000,NA,NA,NA,71.8,67.9,66.2,CORE_GE_75,PASS,Normal,P0-C-CORRECTION-01
holdout_05,Regression50,EXISTING_HOLDOUT,87.4,0.000,0.000,0.000,0.000,0.000,0.000,NA,NA,NA,71.6,67.8,66.1,CORE_GE_75,PASS,Normal,P0-C-CORRECTION-01
holdout_06,Regression50,EXISTING_HOLDOUT,85.2,0.000,0.000,0.000,0.000,0.000,0.000,NA,NA,NA,71.7,67.9,66.1,CORE_GE_75,PASS,Normal,P0-C-CORRECTION-01
holdout_07,Regression50,EXISTING_HOLDOUT,91.7,0.000,0.000,0.000,0.025,0.000,NA,NA,NA,NA,72.2,68.2,66.5,R2_SCREENSHOT_BG_LE_5_UI_LE_1,PASS,"R2 Gate PASSED: UI Leak=0.000%,  BG Leak=0.03%",P0-C-CORRECTION-01
holdout_08,Regression50,EXISTING_HOLDOUT,92.4,0.000,0.000,0.000,0.000,0.000,0.000,NA,NA,NA,71.8,67.9,66.2,CORE_GE_75,PASS,Normal,P0-C-CORRECTION-01
holdout_09,Regression50,EXISTING_HOLDOUT,80.3,0.000,NA,0.000,0.848,0.000,0.000,NA,NA,NA,100.0,93.9,87.8,CORE_GE_75,PASS,Normal,P0-C-CORRECTION-01
holdout_10,Regression50,EXISTING_HOLDOUT,100.0,0.000,NA,0.000,0.000,0.000,0.000,NA,NA,NA,70.0,66.5,65.0,CORE_GE_75,PASS,Normal,P0-C-CORRECTION-01
holdout_11,Regression50,EXISTING_HOLDOUT,97.5,0.000,0.000,0.000,0.913,0.000,0.000,NA,NA,NA,80.8,75.1,72.2,NEGATIVE_HAT_DISAMBIGUATION,PASS,Baseball Cap Correctly Disambiguated,P0-C-CORRECTION-01
holdout_12,Regression50,EXISTING_HOLDOUT,98.0,0.000,0.000,0.000,7.128,0.000,0.000,NA,NA,NA,88.7,81.5,77.5,CORE_GE_75,PASS,Normal,P0-C-CORRECTION-01
edge_01,Regression50,EDGE_HOLDOUT,91.8,0.000,0.000,0.000,0.001,0.000,0.000,NA,NA,NA,71.9,68.0,66.2,CORE_GE_75,PASS,Normal,P0-C-CORRECTION-01
edge_02,Regression50,EDGE_HOLDOUT,91.4,0.000,0.000,0.000,0.012,0.000,0.000,NA,NA,NA,71.9,68.0,66.3,CORE_GE_75,PASS,Normal,P0-C-CORRECTION-01
edge_03,Regression50,EDGE_HOLDOUT,90.4,0.000,0.000,0.000,0.000,0.000,0.000,NA,NA,NA,71.9,68.0,66.3,CORE_GE_75,PASS,Normal,P0-C-CORRECTION-01
edge_04,Regression50,EDGE_HOLDOUT,92.9,0.000,0.000,0.000,0.000,0.000,0.000,NA,NA,NA,71.9,68.0,66.3,CORE_GE_75,PASS,Normal,P0-C-CORRECTION-01
edge_05,Regression50,EDGE_HOLDOUT,92.7,0.000,0.000,0.000,0.000,0.000,NA,NA,NA,NA,71.9,68.0,66.2,R2_SCREENSHOT_BG_LE_5_UI_LE_1,PASS,"R2 Gate PASSED: UI Leak=0.000%,  BG Leak=0.00%",P0-C-CORRECTION-01
edge_06,Regression50,EDGE_HOLDOUT,90.3,0.000,0.000,0.000,0.000,0.000,NA,NA,NA,NA,71.9,68.0,66.3,R2_SCREENSHOT_BG_LE_5_UI_LE_1,PASS,"R2 Gate PASSED: UI Leak=0.000%,  BG Leak=0.00%",P0-C-CORRECTION-01
edge_07,Regression50,EDGE_HOLDOUT,81.7,0.000,NA,0.000,0.292,0.000,0.000,NA,100.0,NA,85.4,78.8,75.2,CORE_GE_75,PASS,Normal,P0-C-CORRECTION-01
edge_08,Regression50,EDGE_HOLDOUT,83.8,0.000,0.000,0.000,0.000,0.000,0.000,NA,NA,100.0,71.7,67.9,66.1,CORE_GE_75,PASS,Normal,P0-C-CORRECTION-01
robustness_01,RobustnessHoldout,ROBUSTNESS_HOLDOUT,91.7,0.000,0.000,0.000,0.023,0.000,NA,NA,NA,NA,72.2,68.3,66.5,R2_SCREENSHOT_BG_LE_5_UI_LE_1,PASS,"R2 Gate PASSED: UI Leak=0.000%,  BG Leak=0.02%",P0-C-CORRECTION-01
robustness_02,RobustnessHoldout,ROBUSTNESS_HOLDOUT,92.1,0.000,0.000,0.000,0.028,0.000,NA,NA,NA,NA,72.2,68.2,66.5,R2_SCREENSHOT_BG_LE_5_UI_LE_1,PASS,"R2 Gate PASSED: UI Leak=0.000%,  BG Leak=0.03%",P0-C-CORRECTION-01
robustness_03,RobustnessHoldout,ROBUSTNESS_HOLDOUT,92.2,0.000,0.000,0.000,0.000,0.000,NA,NA,NA,NA,72.2,68.3,66.5,R2_SCREENSHOT_BG_LE_5_UI_LE_1,PASS,"R2 Gate PASSED: UI Leak=0.000%,  BG Leak=0.00%",P0-C-CORRECTION-01
robustness_04,RobustnessHoldout,ROBUSTNESS_HOLDOUT,100.0,0.000,NA,0.000,0.000,0.000,0.000,NA,NA,NA,70.0,66.5,65.0,CORE_GE_75,PASS,Normal,P0-C-CORRECTION-01
robustness_05,RobustnessHoldout,ROBUSTNESS_HOLDOUT,100.0,0.000,NA,0.000,0.000,0.000,0.000,NA,NA,NA,70.0,66.5,65.0,CORE_GE_75,PASS,Normal,P0-C-CORRECTION-01
robustness_06,RobustnessHoldout,ROBUSTNESS_HOLDOUT,100.0,0.000,NA,0.000,0.000,0.000,0.000,NA,100.0,NA,70.0,66.5,65.0,CORE_GE_75,PASS,Normal,P0-C-CORRECTION-01
robustness_07,RobustnessHoldout,ROBUSTNESS_HOLDOUT,93.5,0.000,0.000,0.000,2.061,0.000,0.000,NA,NA,NA,79.8,74.4,71.6,CORE_GE_75,PASS,Normal,P0-C-CORRECTION-01
robustness_08,RobustnessHoldout,ROBUSTNESS_HOLDOUT,96.9,0.000,0.000,0.000,3.772,0.000,0.000,NA,NA,NA,100.0,93.4,87.4,CORE_GE_75,PASS,Normal,P0-C-CORRECTION-01
robustness_09,RobustnessHoldout,ROBUSTNESS_HOLDOUT,98.4,0.000,0.000,0.000,1.659,0.000,0.000,NA,NA,100.0,81.0,75.3,72.4,CORE_GE_75,PASS,Normal,P0-C-CORRECTION-01
robustness_10,RobustnessHoldout,ROBUSTNESS_HOLDOUT,94.9,0.000,0.000,0.000,0.633,0.000,0.000,NA,NA,NA,80.9,75.2,72.3,CORE_GE_75,PASS,Normal,P0-C-CORRECTION-01
robustness_11,RobustnessHoldout,ROBUSTNESS_HOLDOUT,100.0,0.000,0.000,0.000,0.000,0.000,0.000,NA,100.0,NA,70.0,66.5,65.0,CORE_GE_75,PASS,Normal,P0-C-CORRECTION-01
robustness_12,RobustnessHoldout,ROBUSTNESS_HOLDOUT,100.0,0.000,NA,0.000,0.000,0.000,NA,0.000,NA,NA,70.0,66.5,65.0,NEGATIVE_BALD_FP_ZERO,PASS,Bald Scalp Correctly Rejected (0 alpha),P0-C-CORRECTION-01
