Function_ID,SO_Name,Offset,Symbol,Demangled_Symbol,Instruction_Count,Basic_Blocks,Cyclomatic_Complexity,Callers,Callees,Domain,Priority,Maturity,Confidence
FN_001,libMTFilterKernel.so,0x000f3f58,_ZN14MTFilterKernel16MTSoftHairFilter51renderToTextureWithVerticesAndTextureCoordinatesEPKfS2_PNS_19GPUImageFramebufferES4_RKNS_18MTImgTextureMangerE,"MTFilterKernel::MTSoftHairFilter::renderToTextureWithVerticesAndTextureCoordinates(float const*, float const*, MTFilterKernel::GPUImageFramebuffer*, MTFilterKernel::GPUImageFramebuffer*, MTFilterKernel::MTImgTextureManger const&)",164,12,8,"MTIKHairFilter, CMTFilterSoftHair::FilterToFBO","grayFilterToFBO, hairMaskFilterToFBO, blurHFilterToFBO, blurVFilterToFBO, softHairFilterToFBO",HAIR_COLOR_RENDER_ENGINE,P0_CRITICAL,LEVEL_5_REIMPLEMENTABLE,PROVEN
FN_002,libMTFilterKernel.so,0x000f42fc,_ZN14MTFilterKernel16MTSoftHairFilter15grayFilterToFBOEPKfS2_PNS_19GPUImageFramebufferES4_,"MTFilterKernel::MTSoftHairFilter::grayFilterToFBO(float const*, float const*, MTFilterKernel::GPUImageFramebuffer*, MTFilterKernel::GPUImageFramebuffer*)",84,6,3,renderToTextureWithVerticesAndTextureCoordinates,"GPUImageFramebuffer::activateFramebuffer, glDrawArrays",HAIR_COLOR_RENDER_ENGINE,P0_CRITICAL,LEVEL_5_REIMPLEMENTABLE,PROVEN
FN_003,libMTFilterKernel.so,0x000f4400,_ZN14MTFilterKernel16MTSoftHairFilter19hairMaskFilterToFBOEPKfS2_PNS_19GPUImageFramebufferES4_,"MTFilterKernel::MTSoftHairFilter::hairMaskFilterToFBO(float const*, float const*, MTFilterKernel::GPUImageFramebuffer*, MTFilterKernel::GPUImageFramebuffer*)",92,7,4,renderToTextureWithVerticesAndTextureCoordinates,"GPUImageFramebuffer::activateFramebuffer, glUniform1i, glDrawArrays",HAIR_COLOR_RENDER_ENGINE,P0_CRITICAL,LEVEL_5_REIMPLEMENTABLE,PROVEN
FN_004,libMTFilterKernel.so,0x000f4528,_ZN14MTFilterKernel16MTSoftHairFilter16blurHFilterToFBOEPKfS2_PNS_19GPUImageFramebufferES4_,"MTFilterKernel::MTSoftHairFilter::blurHFilterToFBO(float const*, float const*, MTFilterKernel::GPUImageFramebuffer*, MTFilterKernel::GPUImageFramebuffer*)",112,8,5,renderToTextureWithVerticesAndTextureCoordinates,"glUniform1fv, glUniform2fv, glDrawArrays",HAIR_COLOR_RENDER_ENGINE,P0_CRITICAL,LEVEL_5_REIMPLEMENTABLE,PROVEN
FN_005,libMTFilterKernel.so,0x000f46d0,_ZN14MTFilterKernel16MTSoftHairFilter16blurVFilterToFBOEPKfS2_PNS_19GPUImageFramebufferES4_,"MTFilterKernel::MTSoftHairFilter::blurVFilterToFBO(float const*, float const*, MTFilterKernel::GPUImageFramebuffer*, MTFilterKernel::GPUImageFramebuffer*)",112,8,5,renderToTextureWithVerticesAndTextureCoordinates,"glUniform1fv, glUniform2fv, glDrawArrays",HAIR_COLOR_RENDER_ENGINE,P0_CRITICAL,LEVEL_5_REIMPLEMENTABLE,PROVEN
FN_006,libMTFilterKernel.so,0x000f4878,_ZN14MTFilterKernel16MTSoftHairFilter19softHairFilterToFBOEPKfS2_iiiNS_6CGSizeEPNS_19GPUImageFramebufferE,"MTFilterKernel::MTSoftHairFilter::softHairFilterToFBO(float const*, float const*, int, int, int, MTFilterKernel::CGSize, MTFilterKernel::GPUImageFramebuffer*)",218,14,9,renderToTextureWithVerticesAndTextureCoordinates,"glUniform1f, glUniform1i, glActiveTexture, glBindTexture, glDrawArrays",HAIR_COLOR_RENDER_ENGINE,P0_CRITICAL,LEVEL_5_REIMPLEMENTABLE,PROVEN
FN_007,libMTFilterKernel.so,0x001344e8,_ZN14MTFilterKernel17CMTFilterSoftHair11FilterToFBOEiib,"MTFilterKernel::CMTFilterSoftHair::FilterToFBO(int, int, bool)",182,11,7,MTIKHairFilter.onDrawFrame(),"GrayFilterToFBO, HairMaskFilterToFBO, BlurHFilterToFBO, BlurVFilterToFBO, SoftHairFilterToFBO",HAIR_COLOR_RENDER_ENGINE,P0_CRITICAL,LEVEL_5_REIMPLEMENTABLE,PROVEN
FN_008,libLayerFlow.so,0x0022c4a0,_ZN11LayerFlowNS12LayerFactory11createLayerI18LFDenseHairModularEEPNS_12CLFBaseLayerERKT_,"LayerFlowNS::LayerFactory::createLayer<LFDenseHairModular>(LayerFlowNS::CLFBaseLayer*&, LFDenseHairModular const&)",136,9,6,LFEffectDenseHairData.DenseHairModular.nSetModular,"CLFDenseHairLayer::CLFDenseHairLayer, CLFDenseHairLayer::initParameters",GRAPH_COMPOSITING_MODULAR_ENGINE,P0_CRITICAL,LEVEL_5_REIMPLEMENTABLE,PROVEN
FN_009,libLayerFlow.so,0x00234180,_ZN11LayerFlowNS20LFEffectDenseHairDataJNI14nSetMaterialIdEP7_JNIEnvP7_jclassll,"LayerFlowNS::LFEffectDenseHairDataJNI::nSetMaterialId(_JNIEnv*, _jclass*, long, long)",56,4,2,"HairViewModel, LFEffectDenseHairData.DenseHairInfo.nSetMaterialId",CLFDenseHairLayer::setMaterialId,GRAPH_COMPOSITING_MODULAR_ENGINE,P0_CRITICAL,LEVEL_5_REIMPLEMENTABLE,PROVEN
FN_010,libLayerFlow.so,0x00234240,_ZN11LayerFlowNS20LFEffectDenseHairDataJNI9nSetAlphaEP7_JNIEnvP7_jclasslf,"LayerFlowNS::LFEffectDenseHairDataJNI::nSetAlpha(_JNIEnv*, _jclass*, long, float)",48,4,2,"HairViewModel, LFEffectDenseHairData.DenseHairInfo.nSetAlpha",CLFDenseHairLayer::setAlpha,GRAPH_COMPOSITING_MODULAR_ENGINE,P0_CRITICAL,LEVEL_5_REIMPLEMENTABLE,PROVEN
FN_011,libarkernel3_android.so,0x00087904,Java_com_meitu_mtlab_arkernel3_arkernel3JNI_kPartTypeMakeupHair_1get,"Java_com_meitu_mtlab_arkernel3_arkernel3JNI_kPartTypeMakeupHair_1get(_JNIEnv*, _jclass*)",24,2,1,"arkernel3JNI, MakeupHairPartController",mtlabar3::PartControl::getPartType,AR_FACIAL_TRACKING_AND_BEAUTY,P1_HIGH,LEVEL_4_LOGIC_RECOVERED,PROVEN
FN_012,libarkernel3_android.so,0x000877c4,Java_com_meitu_mtlab_arkernel3_arkernel3JNI_kPartTypeMakeupHairDaub_1get,"Java_com_meitu_mtlab_arkernel3_arkernel3JNI_kPartTypeMakeupHairDaub_1get(_JNIEnv*, _jclass*)",24,2,1,"arkernel3JNI, HairSmearToolController",mtlabar3::PartControl::getPartType,AR_FACIAL_TRACKING_AND_BEAUTY,P1_HIGH,LEVEL_4_LOGIC_RECOVERED,PROVEN
FN_013,libPVGColorFunctions.so,0x0002b284,_ZN8PVGCOLOR12convertToLabENS_16PVGColorPrimariesENS_16PVGColorTransferEfffPfS2_S2_,"PVGCOLOR::convertToLab(PVGCOLOR::PVGColorPrimaries, PVGCOLOR::PVGColorTransfer, float, float, float, float*, float*, float*)",144,10,6,"PVGImageConvert::transcodeFormat, HairDyeToneMapper","sRGB_to_XYZ_D65, XYZ_to_Lab_CIE1976",COLOR_SPACE_TRANSCODE_ENGINE,P1_HIGH,LEVEL_5_REIMPLEMENTABLE,PROVEN
FN_014,libPVGColorFunctions.so,0x000307ac,_ZN8PVGCOLOR15PVGImageConvert18convertI8ToRGBA8888EPKhjPh,"PVGCOLOR::PVGImageConvert::convertI8ToRGBA8888(unsigned char const*, unsigned int, unsigned char*)",76,5,3,"HairMaskRenderer, MattingAlphaUploader","NEON_vdup_u8, NEON_vst4_u8",COLOR_SPACE_TRANSCODE_ENGINE,P1_HIGH,LEVEL_5_REIMPLEMENTABLE,PROVEN
FN_015,libManis.so,0x0018a220,_ZN5manis16ManisInferenceEngine7forwardERKNS_10TensorDictERS1_,"manis::ManisInferenceEngine::forward(manis::TensorDict const&, manis::TensorDict&)",240,16,11,"FaceParsingService, HairSegmentationRuntime","manis::OperatorGraph::execute, manis::MemoryPool::acquire",NEURAL_INFERENCE_RUNTIME,P0_CRITICAL,LEVEL_4_LOGIC_RECOVERED,STRONG_INFERENCE
