SO_Name,Total_Dynamic_Symbols,Exported_Text,Imported_Undefined,Weak_Text,Data_BSS_RO,Subsystem
libaicodec.so,3465,2203,387,199,676,"Media, Codec & Audio DSP"
libaidetectionplugin.so,1545,362,923,115,145,Computer Vision & Neural Inference
libAIModelKit.so,408,123,57,21,207,Computer Vision & Neural Inference
libAIModelSearchKit.so,2251,743,134,669,705,Computer Vision & Neural Inference
libarkernel3.so,2916,1599,1116,17,184,Core Graphics & Filter Engine
libarkernel3_android.so,4065,2607,1458,0,0,Platform & Runtime Abstraction
libarkernel3_c.so,3381,1919,1459,0,3,Platform & Runtime Abstraction
libARKernelInterface.so,1536,659,624,0,253,Core Graphics & Filter Engine
libARSPM.so,348,56,292,0,0,Core Graphics & Filter Engine
libbmpKit.so,716,198,106,165,247,Core Graphics & Filter Engine
libbuffer_pgl.so,29,12,17,0,0,"Security, Crash & Diagnostics"
libbytehook.so,95,20,69,6,0,Platform & Runtime Abstraction
libc++_shared.so,2497,918,160,665,754,Platform & Runtime Abstraction
libCtaApiLib.so,273,159,55,17,42,"Security, Crash & Diagnostics"
libdexvmp.so,314,273,22,11,8,"Security, Crash & Diagnostics"
libfantasy.so,325,197,128,0,0,Core Graphics & Filter Engine
libffavc.so,103,2,101,0,0,"Media, Codec & Audio DSP"
libffmpeg.so,3476,2461,228,1,786,"Media, Codec & Audio DSP"
libffmpegfilter.so,432,216,184,0,32,"Media, Codec & Audio DSP"
libfftw3.so,403,367,21,0,15,"Media, Codec & Audio DSP"
libfile_lock_pgl.so,15,6,9,0,0,"Security, Crash & Diagnostics"
libfntvcrash.so,63,1,62,0,0,"Security, Crash & Diagnostics"
libglide-webp.so,566,244,48,0,274,"Media, Codec & Audio DSP"
libhiai.so,529,362,104,4,59,Computer Vision & Neural Inference
libhiai_ir.so,1190,1043,87,26,34,Computer Vision & Neural Inference
libhiai_ir_build.so,55,6,46,2,1,Computer Vision & Neural Inference
libhttpelf.so,39,1,38,0,0,"Security, Crash & Diagnostics"
libKKMusicFX.so,287,71,175,0,41,"Media, Codec & Audio DSP"
libkoom-strip-dump.so,1161,533,157,195,276,"Security, Crash & Diagnostics"
liblabdeviceinfo.so,85,1,82,2,0,Platform & Runtime Abstraction
libLayerFlow.so,7316,3215,813,2126,1162,Core Graphics & Filter Engine
libManis.so,641,287,338,0,16,Computer Vision & Neural Inference
libmanis_npu_adapter.so,2051,171,160,832,888,Computer Vision & Neural Inference
libmfxkit.so,0,0,0,0,0,"Media, Codec & Audio DSP"
libMTARMPM.so,186,27,142,0,17,Core Graphics & Filter Engine
libMTFilterKernel.so,3372,2425,259,209,479,Core Graphics & Filter Engine
libMTGif.so,248,101,113,16,18,Core Graphics & Filter Engine
libMtlabSign.so,52,18,33,1,0,"Security, Crash & Diagnostics"
libMTLReportTool.so,151,40,101,0,10,"Security, Crash & Diagnostics"
libPVGCodec.so,1057,462,506,5,84,"Media, Codec & Audio DSP"
libPVGColorFunctions.so,272,87,162,0,23,"Media, Codec & Audio DSP"
libPVGImageCodec.so,4191,3702,315,6,168,"Media, Codec & Audio DSP"
libPVGLive.so,202,21,159,0,22,"Media, Codec & Audio DSP"
libPVGVideoCodec.so,695,178,412,0,105,"Media, Codec & Audio DSP"
libVERenderer.so,1477,951,220,63,243,Core Graphics & Filter Engine
