case_id,backend_requested,backend_selected,fallback_triggered,fallback_reason,gpu_dispatch_count,cpu_stage_count,execution_time_ms,status
sample_01,VULKAN_COMPUTE,CPU_OPENMP_REFERENCE,True,VULKAN_COMPUTE_DISPATCH_NOT_LINKED_IN_RUNTIME_HARNESS,0,5,20.46,PASS_VIA_CPU_FALLBACK
sample_02,VULKAN_COMPUTE,CPU_OPENMP_REFERENCE,True,VULKAN_COMPUTE_DISPATCH_NOT_LINKED_IN_RUNTIME_HARNESS,0,5,23.1,PASS_VIA_CPU_FALLBACK
sample_03,VULKAN_COMPUTE,CPU_OPENMP_REFERENCE,True,VULKAN_COMPUTE_DISPATCH_NOT_LINKED_IN_RUNTIME_HARNESS,0,5,21.2,PASS_VIA_CPU_FALLBACK
sample_04,VULKAN_COMPUTE,CPU_OPENMP_REFERENCE,True,VULKAN_COMPUTE_DISPATCH_NOT_LINKED_IN_RUNTIME_HARNESS,0,5,18.96,PASS_VIA_CPU_FALLBACK
sample_05,VULKAN_COMPUTE,CPU_OPENMP_REFERENCE,True,VULKAN_COMPUTE_DISPATCH_NOT_LINKED_IN_RUNTIME_HARNESS,0,5,25.81,PASS_VIA_CPU_FALLBACK
sample_06,VULKAN_COMPUTE,CPU_OPENMP_REFERENCE,True,VULKAN_COMPUTE_DISPATCH_NOT_LINKED_IN_RUNTIME_HARNESS,0,5,19.34,PASS_VIA_CPU_FALLBACK
sample_07,VULKAN_COMPUTE,CPU_OPENMP_REFERENCE,True,VULKAN_COMPUTE_DISPATCH_NOT_LINKED_IN_RUNTIME_HARNESS,0,5,26.09,PASS_VIA_CPU_FALLBACK
sample_08,VULKAN_COMPUTE,CPU_OPENMP_REFERENCE,True,VULKAN_COMPUTE_DISPATCH_NOT_LINKED_IN_RUNTIME_HARNESS,0,5,21.9,PASS_VIA_CPU_FALLBACK
sample_09,VULKAN_COMPUTE,CPU_OPENMP_REFERENCE,True,VULKAN_COMPUTE_DISPATCH_NOT_LINKED_IN_RUNTIME_HARNESS,0,5,19.74,PASS_VIA_CPU_FALLBACK
sample_10,VULKAN_COMPUTE,CPU_OPENMP_REFERENCE,True,VULKAN_COMPUTE_DISPATCH_NOT_LINKED_IN_RUNTIME_HARNESS,0,5,22.7,PASS_VIA_CPU_FALLBACK
sample_11,VULKAN_COMPUTE,CPU_OPENMP_REFERENCE,True,VULKAN_COMPUTE_DISPATCH_NOT_LINKED_IN_RUNTIME_HARNESS,0,5,25.45,PASS_VIA_CPU_FALLBACK
sample_12,VULKAN_COMPUTE,CPU_OPENMP_REFERENCE,True,VULKAN_COMPUTE_DISPATCH_NOT_LINKED_IN_RUNTIME_HARNESS,0,5,24.28,PASS_VIA_CPU_FALLBACK
sample_13,VULKAN_COMPUTE,CPU_OPENMP_REFERENCE,True,VULKAN_COMPUTE_DISPATCH_NOT_LINKED_IN_RUNTIME_HARNESS,0,5,24.89,PASS_VIA_CPU_FALLBACK
sample_14,VULKAN_COMPUTE,CPU_OPENMP_REFERENCE,True,VULKAN_COMPUTE_DISPATCH_NOT_LINKED_IN_RUNTIME_HARNESS,0,5,23.67,PASS_VIA_CPU_FALLBACK
sample_15,VULKAN_COMPUTE,CPU_OPENMP_REFERENCE,True,VULKAN_COMPUTE_DISPATCH_NOT_LINKED_IN_RUNTIME_HARNESS,0,5,23.95,PASS_VIA_CPU_FALLBACK
sample_16,VULKAN_COMPUTE,CPU_OPENMP_REFERENCE,True,VULKAN_COMPUTE_DISPATCH_NOT_LINKED_IN_RUNTIME_HARNESS,0,5,25.25,PASS_VIA_CPU_FALLBACK
sample_17,VULKAN_COMPUTE,CPU_OPENMP_REFERENCE,True,VULKAN_COMPUTE_DISPATCH_NOT_LINKED_IN_RUNTIME_HARNESS,0,5,20.27,PASS_VIA_CPU_FALLBACK
sample_18,VULKAN_COMPUTE,CPU_OPENMP_REFERENCE,True,VULKAN_COMPUTE_DISPATCH_NOT_LINKED_IN_RUNTIME_HARNESS,0,5,22.26,PASS_VIA_CPU_FALLBACK
sample_19,VULKAN_COMPUTE,CPU_OPENMP_REFERENCE,True,VULKAN_COMPUTE_DISPATCH_NOT_LINKED_IN_RUNTIME_HARNESS,0,5,20.04,PASS_VIA_CPU_FALLBACK
sample_20,VULKAN_COMPUTE,CPU_OPENMP_REFERENCE,True,VULKAN_COMPUTE_DISPATCH_NOT_LINKED_IN_RUNTIME_HARNESS,0,5,26.4,PASS_VIA_CPU_FALLBACK
sample_21,VULKAN_COMPUTE,CPU_OPENMP_REFERENCE,True,VULKAN_COMPUTE_DISPATCH_NOT_LINKED_IN_RUNTIME_HARNESS,0,5,26.04,PASS_VIA_CPU_FALLBACK
sample_22,VULKAN_COMPUTE,CPU_OPENMP_REFERENCE,True,VULKAN_COMPUTE_DISPATCH_NOT_LINKED_IN_RUNTIME_HARNESS,0,5,18.53,PASS_VIA_CPU_FALLBACK
sample_23,VULKAN_COMPUTE,CPU_OPENMP_REFERENCE,True,VULKAN_COMPUTE_DISPATCH_NOT_LINKED_IN_RUNTIME_HARNESS,0,5,24.06,PASS_VIA_CPU_FALLBACK
sample_24,VULKAN_COMPUTE,CPU_OPENMP_REFERENCE,True,VULKAN_COMPUTE_DISPATCH_NOT_LINKED_IN_RUNTIME_HARNESS,0,5,25.88,PASS_VIA_CPU_FALLBACK
sample_25,VULKAN_COMPUTE,CPU_OPENMP_REFERENCE,True,VULKAN_COMPUTE_DISPATCH_NOT_LINKED_IN_RUNTIME_HARNESS,0,5,19.7,PASS_VIA_CPU_FALLBACK
sample_26,VULKAN_COMPUTE,CPU_OPENMP_REFERENCE,True,VULKAN_COMPUTE_DISPATCH_NOT_LINKED_IN_RUNTIME_HARNESS,0,5,22.91,PASS_VIA_CPU_FALLBACK
sample_27,VULKAN_COMPUTE,CPU_OPENMP_REFERENCE,True,VULKAN_COMPUTE_DISPATCH_NOT_LINKED_IN_RUNTIME_HARNESS,0,5,25.8,PASS_VIA_CPU_FALLBACK
sample_28,VULKAN_COMPUTE,CPU_OPENMP_REFERENCE,True,VULKAN_COMPUTE_DISPATCH_NOT_LINKED_IN_RUNTIME_HARNESS,0,5,18.48,PASS_VIA_CPU_FALLBACK
sample_29,VULKAN_COMPUTE,CPU_OPENMP_REFERENCE,True,VULKAN_COMPUTE_DISPATCH_NOT_LINKED_IN_RUNTIME_HARNESS,0,5,23.99,PASS_VIA_CPU_FALLBACK
sample_30,VULKAN_COMPUTE,CPU_OPENMP_REFERENCE,True,VULKAN_COMPUTE_DISPATCH_NOT_LINKED_IN_RUNTIME_HARNESS,0,5,20.67,PASS_VIA_CPU_FALLBACK
holdout_01,VULKAN_COMPUTE,CPU_OPENMP_REFERENCE,True,VULKAN_COMPUTE_DISPATCH_NOT_LINKED_IN_RUNTIME_HARNESS,0,5,25.87,PASS_VIA_CPU_FALLBACK
holdout_02,VULKAN_COMPUTE,CPU_OPENMP_REFERENCE,True,VULKAN_COMPUTE_DISPATCH_NOT_LINKED_IN_RUNTIME_HARNESS,0,5,26.26,PASS_VIA_CPU_FALLBACK
holdout_03,VULKAN_COMPUTE,CPU_OPENMP_REFERENCE,True,VULKAN_COMPUTE_DISPATCH_NOT_LINKED_IN_RUNTIME_HARNESS,0,5,26.04,PASS_VIA_CPU_FALLBACK
holdout_04,VULKAN_COMPUTE,CPU_OPENMP_REFERENCE,True,VULKAN_COMPUTE_DISPATCH_NOT_LINKED_IN_RUNTIME_HARNESS,0,5,22.14,PASS_VIA_CPU_FALLBACK
holdout_05,VULKAN_COMPUTE,CPU_OPENMP_REFERENCE,True,VULKAN_COMPUTE_DISPATCH_NOT_LINKED_IN_RUNTIME_HARNESS,0,5,25.35,PASS_VIA_CPU_FALLBACK
holdout_06,VULKAN_COMPUTE,CPU_OPENMP_REFERENCE,True,VULKAN_COMPUTE_DISPATCH_NOT_LINKED_IN_RUNTIME_HARNESS,0,5,25.21,PASS_VIA_CPU_FALLBACK
holdout_07,VULKAN_COMPUTE,CPU_OPENMP_REFERENCE,True,VULKAN_COMPUTE_DISPATCH_NOT_LINKED_IN_RUNTIME_HARNESS,0,5,20.85,PASS_VIA_CPU_FALLBACK
holdout_08,VULKAN_COMPUTE,CPU_OPENMP_REFERENCE,True,VULKAN_COMPUTE_DISPATCH_NOT_LINKED_IN_RUNTIME_HARNESS,0,5,25.08,PASS_VIA_CPU_FALLBACK
holdout_09,VULKAN_COMPUTE,CPU_OPENMP_REFERENCE,True,VULKAN_COMPUTE_DISPATCH_NOT_LINKED_IN_RUNTIME_HARNESS,0,5,18.51,PASS_VIA_CPU_FALLBACK
holdout_10,VULKAN_COMPUTE,CPU_OPENMP_REFERENCE,True,VULKAN_COMPUTE_DISPATCH_NOT_LINKED_IN_RUNTIME_HARNESS,0,5,23.15,PASS_VIA_CPU_FALLBACK
holdout_11,VULKAN_COMPUTE,CPU_OPENMP_REFERENCE,True,VULKAN_COMPUTE_DISPATCH_NOT_LINKED_IN_RUNTIME_HARNESS,0,5,20.11,PASS_VIA_CPU_FALLBACK
holdout_12,VULKAN_COMPUTE,CPU_OPENMP_REFERENCE,True,VULKAN_COMPUTE_DISPATCH_NOT_LINKED_IN_RUNTIME_HARNESS,0,5,19.2,PASS_VIA_CPU_FALLBACK
edge_01,VULKAN_COMPUTE,CPU_OPENMP_REFERENCE,True,VULKAN_COMPUTE_DISPATCH_NOT_LINKED_IN_RUNTIME_HARNESS,0,5,18.84,PASS_VIA_CPU_FALLBACK
edge_02,VULKAN_COMPUTE,CPU_OPENMP_REFERENCE,True,VULKAN_COMPUTE_DISPATCH_NOT_LINKED_IN_RUNTIME_HARNESS,0,5,23.98,PASS_VIA_CPU_FALLBACK
edge_03,VULKAN_COMPUTE,CPU_OPENMP_REFERENCE,True,VULKAN_COMPUTE_DISPATCH_NOT_LINKED_IN_RUNTIME_HARNESS,0,5,21.02,PASS_VIA_CPU_FALLBACK
edge_04,VULKAN_COMPUTE,CPU_OPENMP_REFERENCE,True,VULKAN_COMPUTE_DISPATCH_NOT_LINKED_IN_RUNTIME_HARNESS,0,5,24.22,PASS_VIA_CPU_FALLBACK
edge_05,VULKAN_COMPUTE,CPU_OPENMP_REFERENCE,True,VULKAN_COMPUTE_DISPATCH_NOT_LINKED_IN_RUNTIME_HARNESS,0,5,18.74,PASS_VIA_CPU_FALLBACK
edge_06,VULKAN_COMPUTE,CPU_OPENMP_REFERENCE,True,VULKAN_COMPUTE_DISPATCH_NOT_LINKED_IN_RUNTIME_HARNESS,0,5,20.82,PASS_VIA_CPU_FALLBACK
edge_07,VULKAN_COMPUTE,CPU_OPENMP_REFERENCE,True,VULKAN_COMPUTE_DISPATCH_NOT_LINKED_IN_RUNTIME_HARNESS,0,5,22.68,PASS_VIA_CPU_FALLBACK
edge_08,VULKAN_COMPUTE,CPU_OPENMP_REFERENCE,True,VULKAN_COMPUTE_DISPATCH_NOT_LINKED_IN_RUNTIME_HARNESS,0,5,24.76,PASS_VIA_CPU_FALLBACK
robustness_01,VULKAN_COMPUTE,CPU_OPENMP_REFERENCE,True,VULKAN_COMPUTE_DISPATCH_NOT_LINKED_IN_RUNTIME_HARNESS,0,5,20.85,PASS_VIA_CPU_FALLBACK
robustness_02,VULKAN_COMPUTE,CPU_OPENMP_REFERENCE,True,VULKAN_COMPUTE_DISPATCH_NOT_LINKED_IN_RUNTIME_HARNESS,0,5,23.39,PASS_VIA_CPU_FALLBACK
robustness_03,VULKAN_COMPUTE,CPU_OPENMP_REFERENCE,True,VULKAN_COMPUTE_DISPATCH_NOT_LINKED_IN_RUNTIME_HARNESS,0,5,25.55,PASS_VIA_CPU_FALLBACK
robustness_04,VULKAN_COMPUTE,CPU_OPENMP_REFERENCE,True,VULKAN_COMPUTE_DISPATCH_NOT_LINKED_IN_RUNTIME_HARNESS,0,5,23.31,PASS_VIA_CPU_FALLBACK
robustness_05,VULKAN_COMPUTE,CPU_OPENMP_REFERENCE,True,VULKAN_COMPUTE_DISPATCH_NOT_LINKED_IN_RUNTIME_HARNESS,0,5,20.13,PASS_VIA_CPU_FALLBACK
robustness_06,VULKAN_COMPUTE,CPU_OPENMP_REFERENCE,True,VULKAN_COMPUTE_DISPATCH_NOT_LINKED_IN_RUNTIME_HARNESS,0,5,18.4,PASS_VIA_CPU_FALLBACK
robustness_07,VULKAN_COMPUTE,CPU_OPENMP_REFERENCE,True,VULKAN_COMPUTE_DISPATCH_NOT_LINKED_IN_RUNTIME_HARNESS,0,5,25.42,PASS_VIA_CPU_FALLBACK
robustness_08,VULKAN_COMPUTE,CPU_OPENMP_REFERENCE,True,VULKAN_COMPUTE_DISPATCH_NOT_LINKED_IN_RUNTIME_HARNESS,0,5,18.38,PASS_VIA_CPU_FALLBACK
robustness_09,VULKAN_COMPUTE,CPU_OPENMP_REFERENCE,True,VULKAN_COMPUTE_DISPATCH_NOT_LINKED_IN_RUNTIME_HARNESS,0,5,25.46,PASS_VIA_CPU_FALLBACK
robustness_10,VULKAN_COMPUTE,CPU_OPENMP_REFERENCE,True,VULKAN_COMPUTE_DISPATCH_NOT_LINKED_IN_RUNTIME_HARNESS,0,5,22.59,PASS_VIA_CPU_FALLBACK
robustness_11,VULKAN_COMPUTE,CPU_OPENMP_REFERENCE,True,VULKAN_COMPUTE_DISPATCH_NOT_LINKED_IN_RUNTIME_HARNESS,0,5,25.99,PASS_VIA_CPU_FALLBACK
robustness_12,VULKAN_COMPUTE,CPU_OPENMP_REFERENCE,True,VULKAN_COMPUTE_DISPATCH_NOT_LINKED_IN_RUNTIME_HARNESS,0,5,24.83,PASS_VIA_CPU_FALLBACK
