device_id,model,portrait,tool_id,intensity,category,status,forehead_leak_pct,clothing_spill_pct,texture_retention_pct,diff_max,diff_ratio_pct,latency_ms,out_file,out_sha256
sm_a075f,SM-A075F,portrait_monk_bald_neg,tool_hair_rose_gold,75,BALD_NEGATIVE_CONTROL,PASS_BIT_EXACT,0.0,0.0,100.0,0,0.0,3895.9,out_sm_a075f_portrait_monk_bald_neg_tool_hair_rose_gold_i75.png,22F76361DBF753239ED858CDB2593FCD3C4CB719CB202ABADB759FA2E3047C75
sm_a075f,SM-A075F,owner_fail_A_curly,tool_hair_rose_gold,0,INTENSITY_SWEEP_I0,PASS_BIT_EXACT,0.0,0.0,100.0,0,0.0,3340.2,out_sm_a075f_owner_fail_A_curly_tool_hair_rose_gold_i0.png,B0B3EC2BA8B51361EADA37698C67EF6DAE4D756FD0D1AD8AA83EA4581C8F1CAC
sm_a075f,SM-A075F,owner_fail_A_curly,tool_hair_rose_gold,25,INTENSITY_SWEEP_I25,PASS,0.0,0.0,99.55,12,2.32,4773.7,out_sm_a075f_owner_fail_A_curly_tool_hair_rose_gold_i25.png,DFB0A283F5AF4695F8C6A011E98551CF47E42BB0139A177C432841CE53DC2DC1
sm_a075f,SM-A075F,owner_fail_A_curly,tool_hair_rose_gold,50,INTENSITY_SWEEP_I50,PASS,0.0,0.0,98.05,42,2.6,4315.4,out_sm_a075f_owner_fail_A_curly_tool_hair_rose_gold_i50.png,62C8ABEC6B6595BC5371B9AA6C6849EF3D29F3257F3A5E2197289F986E577C02
sm_a075f,SM-A075F,owner_fail_A_curly,tool_hair_rose_gold,75,INTENSITY_SWEEP_I75,PASS,0.0,0.0,94.43,93,2.63,4715.1,out_sm_a075f_owner_fail_A_curly_tool_hair_rose_gold_i75.png,7084E426C6D73A42193ED1764D1F4A7314B5D4F39B961EC3EB8C5FDDAEC29E3C
sm_a075f,SM-A075F,owner_fail_A_curly,tool_hair_rose_gold,100,INTENSITY_SWEEP_I100,PASS,0.0,0.0,88.62,164,2.64,4292.1,out_sm_a075f_owner_fail_A_curly_tool_hair_rose_gold_i100.png,43DA0DE8C789A67B1727D56EC6779DBB5AA430E7CCFB4DDC3FB3A2B040F77B6C
sm_a075f,SM-A075F,owner_fail_A_curly,tool_hair_smokey_silver,75,CASE_A_SMOKEY_SILVER,PASS,0.0,0.0,91.88,79,2.62,4973.8,out_sm_a075f_owner_fail_A_curly_tool_hair_smokey_silver_i75.png,1D0BFDB980B40E67133A97E01F51FA55FE2E361DA5FC718736F02F85E9117BAE
sm_a075f,SM-A075F,owner_fail_A_curly,tool_hair_platinum,75,CASE_A_PLATINUM_BLONDE,PASS,0.0,0.0,88.31,111,2.63,4320.8,out_sm_a075f_owner_fail_A_curly_tool_hair_platinum_i75.png,9BEDCD203D8848B9DB2302BECAE726D0E06869F3E8E8744E81C97E31E80EE4A1
sm_a075f,SM-A075F,owner_fail_A_curly,tool_hair_burgundy,75,CASE_A_WINE_BURGUNDY,PASS,0.0,0.0,98.31,51,2.62,4894.6,out_sm_a075f_owner_fail_A_curly_tool_hair_burgundy_i75.png,E3763D3EE4D348DB61A284C1F45F583977DF76877A80D2E10804E9CDF69173F8
sm_a075f,SM-A075F,owner_fail_A_curly,tool_hair_ash_brown,75,CASE_A_ASH_BROWN,PASS,0.0,0.0,98.0,36,2.53,4577.1,out_sm_a075f_owner_fail_A_curly_tool_hair_ash_brown_i75.png,B4F7C3F5FEAF715E0151DB193E979A173FE332F89540D5831AEDF744FB2F0C7E
sm_a075f,SM-A075F,owner_fail_A_curly,tool_hair_caramel,75,CASE_A_CARAMEL_HONEY,PASS,0.0,0.0,96.82,69,2.63,4603.0,out_sm_a075f_owner_fail_A_curly_tool_hair_caramel_i75.png,BDFE3873A08ABA7DA9152B48F174E7F1ED329D1CD717866C1F1FDD2815664C93
sm_a075f,SM-A075F,owner_fail_A_curly,tool_hair_natural_black,75,CASE_A_NATURAL_BLACK,PASS,0.0,0.0,98.24,25,0.91,4599.0,out_sm_a075f_owner_fail_A_curly_tool_hair_natural_black_i75.png,54F5FD9DBC1D1330884C6855A9776AE1AB4260824FD33E2DE8BB5FD56F6C2E38
sm_a075f,SM-A075F,owner_fail_B_orig,tool_hair_burgundy,75,CASE_B_BURGUNDY_CLOTHING_SPILL_TEST,PASS,0.0,0.0,98.88,30,3.72,3723.8,out_sm_a075f_owner_fail_B_orig_tool_hair_burgundy_i75.png,B07C5D20893A74742B51C297AD6177DB1804D9B8191D81DB3D7F89ADAF45D333
sm_a075f,SM-A075F,owner_fail_B_orig,tool_hair_rose_gold,75,CASE_B_ROSE_GOLD_TEST,PASS,0.0,0.022,97.41,73,3.9,4543.4,out_sm_a075f_owner_fail_B_orig_tool_hair_rose_gold_i75.png,8FAE46D60CF80F50B2DFC7BA4E83AC67472E4D6F7999611C176E7CF7EEF76C5E
sm_a075f,SM-A075F,owner_fail_B_orig,tool_hair_platinum,75,CASE_B_PLATINUM_TEST,PASS,0.0,0.027,91.79,87,3.95,3918.7,out_sm_a075f_owner_fail_B_orig_tool_hair_platinum_i75.png,36DC6B29BD1D84B253B152EEDFA3368FA9843E3D44F4394B031D743128DA9DD6
sm_a075f,SM-A075F,owner_fail_B_orig,tool_hair_smokey_silver,75,CASE_B_SMOKEY_SILVER_TEST,PASS,0.0,0.021,94.99,71,3.9,3866.5,out_sm_a075f_owner_fail_B_orig_tool_hair_smokey_silver_i75.png,C57A07468A2E1193BFB0DB2DDC6D49CD8533245E89FB098BE96AEC30B8EAF22F
sm_a075f,SM-A075F,portrait_1_male_wavy,tool_hair_rose_gold,75,DIVERSITY_MALE_WAVY,PASS,0.0,0.0,97.8,63,0.4,3644.8,out_sm_a075f_portrait_1_male_wavy_tool_hair_rose_gold_i75.png,0A2C02FB78875046078720E132E922AB6D3FFF7D12B341EDF94BA03E62856ABF
sm_a075f,SM-A075F,portrait_model1_blonde,tool_hair_rose_gold,75,DIVERSITY_FEMALE_BLONDE,PASS,0.0,0.0,96.98,107,2.61,3708.5,out_sm_a075f_portrait_model1_blonde_tool_hair_rose_gold_i75.png,E684E49BC93951A3B1ACFE08C24A9648C96B6BC607D9C8AAF7D3D6CCD2BA2304
sm_a075f,SM-A075F,portrait_model2_long_straight,tool_hair_rose_gold,75,DIVERSITY_LONG_STRAIGHT,PASS,0.0,0.0,100.0,0,0.0,4088.4,out_sm_a075f_portrait_model2_long_straight_tool_hair_rose_gold_i75.png,647ACA41777EBF868DBC4DE011851C9D6BDF91A3DA1C5A881B0CC7EB97692314
sm_a075f,SM-A075F,portrait_model3_wavy_curls,tool_hair_rose_gold,75,DIVERSITY_WAVY_CURLS,PASS,0.0,0.0,96.88,91,3.92,4122.1,out_sm_a075f_portrait_model3_wavy_curls_tool_hair_rose_gold_i75.png,22C5E548EEF6450597C83A937C139F2DFAD0BCDD66ADD4DD130E6F131D92291B
sm_a507fn,SM-A507FN,portrait_monk_bald_neg,tool_hair_rose_gold,75,BALD_NEGATIVE_CONTROL,PASS_BIT_EXACT,0.0,0.0,100.0,0,0.0,4855.7,out_sm_a507fn_portrait_monk_bald_neg_tool_hair_rose_gold_i75.png,7B207756E1C089B156E786A536C5703C2A5A81957C8305FA89E7A60AEED8CBAD
sm_a507fn,SM-A507FN,owner_fail_A_curly,tool_hair_rose_gold,0,INTENSITY_SWEEP_I0,PASS_BIT_EXACT,0.0,0.0,100.0,0,0.0,5773.5,out_sm_a507fn_owner_fail_A_curly_tool_hair_rose_gold_i0.png,79BC2549F0A5DDD0672CC63ADA780F7EB4E6B4113F0B59F63FD2F9FE3AC4F559
sm_a507fn,SM-A507FN,owner_fail_A_curly,tool_hair_rose_gold,25,INTENSITY_SWEEP_I25,PASS,0.0,0.0,99.55,12,2.32,7593.8,out_sm_a507fn_owner_fail_A_curly_tool_hair_rose_gold_i25.png,EDBFD3D52C1E38FBF0DD982BD519ACA0E7A6F599217890473C501F5FB3133F2A
sm_a507fn,SM-A507FN,owner_fail_A_curly,tool_hair_rose_gold,50,INTENSITY_SWEEP_I50,PASS,0.0,0.0,98.05,42,2.6,8677.1,out_sm_a507fn_owner_fail_A_curly_tool_hair_rose_gold_i50.png,AFD6CB6A6AF9D6D9EFF204E734BFBB4F85ECAB3E79A90D545028E77020C4178C
sm_a507fn,SM-A507FN,owner_fail_A_curly,tool_hair_rose_gold,75,INTENSITY_SWEEP_I75,PASS,0.0,0.0,94.41,93,2.63,7995.5,out_sm_a507fn_owner_fail_A_curly_tool_hair_rose_gold_i75.png,861F171C03883F72AD5473C6473E328F1C068BD2BC957DD5817C8409A657243A
sm_a507fn,SM-A507FN,owner_fail_A_curly,tool_hair_rose_gold,100,INTENSITY_SWEEP_I100,PASS,0.0,0.0,88.6,164,2.64,7978.4,out_sm_a507fn_owner_fail_A_curly_tool_hair_rose_gold_i100.png,ADE95B999BCDECE9B65A232B6637E76E29C857794CBB0FCE29F3E002BA8739D8
sm_a507fn,SM-A507FN,owner_fail_A_curly,tool_hair_smokey_silver,75,CASE_A_SMOKEY_SILVER,PASS,0.0,0.0,91.87,79,2.62,8018.4,out_sm_a507fn_owner_fail_A_curly_tool_hair_smokey_silver_i75.png,C355EFC05CF776D638779CB2DDEDEB34070577232BA9CC9E5D921FB4352B7EA0
sm_a507fn,SM-A507FN,owner_fail_A_curly,tool_hair_platinum,75,CASE_A_PLATINUM_BLONDE,PASS,0.0,0.0,88.28,111,2.63,8392.2,out_sm_a507fn_owner_fail_A_curly_tool_hair_platinum_i75.png,FD55B1372BD91D0A84ED43EAFC1FC409D94AD175733C8E5A9A217BC5ECA30708
sm_a507fn,SM-A507FN,owner_fail_A_curly,tool_hair_burgundy,75,CASE_A_WINE_BURGUNDY,PASS,0.0,0.0,98.31,51,2.62,8036.4,out_sm_a507fn_owner_fail_A_curly_tool_hair_burgundy_i75.png,8ADD4A479C276F9E64446357626B75DBD24809C2A803EF3B00CA65C7184FB87C
sm_a507fn,SM-A507FN,owner_fail_A_curly,tool_hair_ash_brown,75,CASE_A_ASH_BROWN,PASS,0.0,0.0,97.99,36,2.53,7668.5,out_sm_a507fn_owner_fail_A_curly_tool_hair_ash_brown_i75.png,86BA082A90074E07F2F42D11BDEBBD507CEEBF9855FC3776CAA092637E3B4754
sm_a507fn,SM-A507FN,owner_fail_A_curly,tool_hair_caramel,75,CASE_A_CARAMEL_HONEY,PASS,0.0,0.0,96.82,69,2.63,7957.5,out_sm_a507fn_owner_fail_A_curly_tool_hair_caramel_i75.png,65B395A47E723B3D1A4F681A8BA7D7D0B1128E8A80367E24FE210435ABE2223D
sm_a507fn,SM-A507FN,owner_fail_A_curly,tool_hair_natural_black,75,CASE_A_NATURAL_BLACK,PASS,0.0,0.0,98.23,25,0.91,8020.6,out_sm_a507fn_owner_fail_A_curly_tool_hair_natural_black_i75.png,ED8CBFE4EE92DFA1B947190B20B5317BC76EB0D1F77A98238BA800F2F1125B7B
sm_a507fn,SM-A507FN,owner_fail_B_orig,tool_hair_burgundy,75,CASE_B_BURGUNDY_CLOTHING_SPILL_TEST,PASS,0.0,0.0,98.88,30,3.67,6797.6,out_sm_a507fn_owner_fail_B_orig_tool_hair_burgundy_i75.png,73CB606CB5FB85F24F4F573A786902CE8933672D1BB5FC3A73000B1F4B0B68E1
sm_a507fn,SM-A507FN,owner_fail_B_orig,tool_hair_rose_gold,75,CASE_B_ROSE_GOLD_TEST,PASS,0.0,0.022,97.41,73,3.86,6863.6,out_sm_a507fn_owner_fail_B_orig_tool_hair_rose_gold_i75.png,281DA71AA205891DA686B42051D4898290D729BF8BDF4E819655424490DB44A3
sm_a507fn,SM-A507FN,owner_fail_B_orig,tool_hair_platinum,75,CASE_B_PLATINUM_TEST,PASS,0.0,0.027,91.74,87,3.91,7331.4,out_sm_a507fn_owner_fail_B_orig_tool_hair_platinum_i75.png,D166464C81C6E6B95EC3DF086D088B549D66BBE1D5FB230C7C0EF99869BDDAA8
sm_a507fn,SM-A507FN,owner_fail_B_orig,tool_hair_smokey_silver,75,CASE_B_SMOKEY_SILVER_TEST,PASS,0.0,0.021,94.96,71,3.86,6954.4,out_sm_a507fn_owner_fail_B_orig_tool_hair_smokey_silver_i75.png,9C623915C3BA3A8E617169957E5696D602ECE8A37E9D3C891DD453B9ECB821D4
sm_a507fn,SM-A507FN,portrait_1_male_wavy,tool_hair_rose_gold,75,DIVERSITY_MALE_WAVY,PASS,0.0,0.0,97.71,64,0.39,5404.2,out_sm_a507fn_portrait_1_male_wavy_tool_hair_rose_gold_i75.png,1D00635031B4C0BEB3590214FB81C2BCAE52E7D1E7A83B4626261CF31042163A
sm_a507fn,SM-A507FN,portrait_model1_blonde,tool_hair_rose_gold,75,DIVERSITY_FEMALE_BLONDE,PASS,0.0,0.0,96.96,107,2.86,6919.1,out_sm_a507fn_portrait_model1_blonde_tool_hair_rose_gold_i75.png,9A27005273F62A95C7EC6C75EA06CC43A160B199CE974A381CC00D10A8867169
sm_a507fn,SM-A507FN,portrait_model2_long_straight,tool_hair_rose_gold,75,DIVERSITY_LONG_STRAIGHT,PASS,0.0,0.0,100.0,0,0.0,7594.8,out_sm_a507fn_portrait_model2_long_straight_tool_hair_rose_gold_i75.png,6364E5FBD6C15BAE092B2DB3C884019C80E9138B65847E23382BC4698598B0CE
sm_a507fn,SM-A507FN,portrait_model3_wavy_curls,tool_hair_rose_gold,75,DIVERSITY_WAVY_CURLS,PASS,0.0,0.0,96.89,90,3.92,6924.6,out_sm_a507fn_portrait_model3_wavy_curls_tool_hair_rose_gold_i75.png,734369238C21EA96A840B131C6C893F1B1A1BE7EC1E39F13C5320BB45352CFC1
