edge_id,caller_so,caller_rva,caller_symbol,callee_so,callee_rva,callee_symbol,call_type,pipeline_stage,evidence_opcode,evidence_status
XREF_01,libLayerFlow.so,0x00051e80,Java_com_meitu_effect_EffectDenseHairDataJNI_nSetTraditionHairDyeIntensityAndShine,libLayerFlow.so,0x00067340,LayerFlow::CHairConfigDecoder::DecodeConfigJSON,INTERNAL_STATIC,STAGE_1_CONFIG_INTAKE,BL 0x00067340,PROVEN_RAW_DISASM
XREF_02,libLayerFlow.so,0x00067340,LayerFlow::CHairConfigDecoder::DecodeConfigJSON,libLayerFlow.so,0x000685b0,LayerFlow::CHairConfigLoader::LoadResources,INTERNAL_STATIC,STAGE_2_RESOURCE_BINDING,BL 0x000685b0,PROVEN_RAW_DISASM
XREF_03,libLayerFlow.so,0x000685b0,LayerFlow::CHairConfigLoader::LoadResources,libMTFilterKernel.so,0x000f3f58,MTFilterKernel::CMTFilterSoftHair::CMTFilterSoftHair,DYNAMIC_SO_LINK,STAGE_3_FBO_INIT,"LDR R3, [PC, #offset]; BLX R3",PROVEN_RAW_DISASM
XREF_04,libMTFilterKernel.so,0x000f3f58,MTFilterKernel::CMTFilterSoftHair::CMTFilterSoftHair,libMTFilterKernel.so,0x000e8210,MTFilterKernel::CMTFilterHairMask::ProcessMask,INTERNAL_STATIC,STAGE_4_MASK_PASS,BL 0x000e8210,PROVEN_RAW_DISASM
XREF_05,libMTFilterKernel.so,0x000f3f58,MTFilterKernel::CMTFilterSoftHair::CMTFilterSoftHair,libMTFilterKernel.so,0x0008ebd4,MTFilterKernel::CMTFilterGrayEye::ApplyFilter,INTERNAL_STATIC,STAGE_5_DESATURATION,BL 0x0008ebd4,PROVEN_RAW_DISASM
XREF_06,libMTFilterKernel.so,0x000f3f58,MTFilterKernel::CMTFilterSoftHair::CMTFilterSoftHair,libMTFilterKernel.so,0x00094120,MTFilterKernel::CStructureTensor2D::ComputeGradients,INTERNAL_STATIC,STAGE_6_STRUCTURE_TENSOR,BL 0x00094120,STRONG_INFERENCE
XREF_07,libMTFilterKernel.so,0x00094120,MTFilterKernel::CStructureTensor2D::ComputeGradients,libMTFilterKernel.so,0x0008edd8,MTFilterKernel::CMTFilterBlur::Separable5x5,INTERNAL_STATIC,STAGE_7_GAUSSIAN_BLUR,BL 0x0008edd8,PROVEN_RAW_DISASM
XREF_08,libMTFilterKernel.so,0x000f3f58,MTFilterKernel::CMTFilterSoftHair::CMTFilterSoftHair,libMTFilterKernel.so,0x00097480,MTFilterKernel::CFilterHairLIC21::IntegrateAlongFlow,INTERNAL_STATIC,STAGE_8_LIC_INTEGRATION,BL 0x00097480,STRONG_INFERENCE
XREF_09,libMTFilterKernel.so,0x000f3f58,MTFilterKernel::CMTFilterSoftHair::CMTFilterSoftHair,libMTFilterKernel.so,0x0009c310,MTFilterKernel::CSoftHairBlending::ApplyPegtopMap,INTERNAL_STATIC,STAGE_9_PEGTOP_SOFTLIGHT,BL 0x0009c310,PROVEN_RAW_DISASM
XREF_10,libMTFilterKernel.so,0x000f3f58,MTFilterKernel::CMTFilterSoftHair::CMTFilterSoftHair,libMTFilterKernel.so,0x000a12e0,MTFilterKernel::CMakeupHairMatcher::BlendScalpHairline,INTERNAL_STATIC,STAGE_10_HAIRLINE_BLEND,BL 0x000a12e0,STRONG_INFERENCE
XREF_11,libMTFilterKernel.so,0x000f3f58,MTFilterKernel::CMTFilterSoftHair::CMTFilterSoftHair,libPVGColorFunctions.so,0x00011170,PVG::CColorManager::Apply3DLUTTetra,DYNAMIC_SO_LINK,STAGE_11_COLOR_LUT_POST,"LDR R3, [PC, #offset]; BLX R3",PROVEN_RAW_DISASM
