app_id,dir_name,app_name,package_name,version_name,version_code,status,target_sdk,min_sdk,primary_languages,android_arch,build_system,total_size_mb,apk_count,dex_count,total_classes,decompiled_files_count,native_libs_count,ml_models_count,shaders_count,evidence_path
APP_01_MEITU,com.mt.mtxx.mtxx,Meitu: AI Photo & Video Editor,com.mt.mtxx.mtxx,12.17.8,121708,Decompiled (JADX) + Extracted Native Libs & Assets,34,21,"Kotlin, Java, C++, GLSL, Vulkan SPIR-V, Python, Lua",Single-Activity / Jetpack Navigation + Compose / Multi-Process,Gradle / CMake / Ninja / JADX Decompiled,245.8,2,18,106466,106466,45,54,1641,F:\App\Image\com.mt.mtxx.mtxx
APP_02_FACETUNE,com.lightricks.facetune.free,Facetune: AI Hair & Photo Editor,com.lightricks.facetune.free,2.60.0.1,1102134,Decompiled (JADX) + Extracted XAPK Bundles,34,26,"Kotlin 1.9.0, Java, C++, GLSL, TFLite",Single-Activity / MVI (Model-View-Intent) / StateFlow / Hilt DI,Gradle / CMake / JADX Decompiled,239.7,22,8,18095,25420,19,27,4,F:\App\Image\com.lightricks.facetune.free
APP_03_BEAUTYPLUS,Beauty Plus,BeautyPlus: AI Photo/Video Editor,com.commsource.beautyplus,7.46.0,74600,Split APKS Bundle (ARM64-v8a + Asset Pack),34,21,"Kotlin, Java, C++, GLSL, ARKernel",MVVM / Jetpack Architecture / Multi-Module Studio,Gradle / CMake / Android App Bundle,363.8,4,29,214500,0,89,44,577,F:\App\Image\Beauty Plus
APP_04_WINK,Wink,Wink: Video Retouching & AI HD,com.meitu.wink,3.16.5,31650,Split APKS Bundle (ARM64-v8a),34,23,"Kotlin, Java, C++, GLSL, Meitu VideoCore",MVVM / Coroutines / Multi-Track Video Pipeline,Gradle / CMake / Android App Bundle,114.7,3,19,142300,0,64,12,293,F:\App\Image\Wink
APP_05_ULIKE,Ulike,Ulike: Define Your Facial Preference,com.gorgeous.lite,5.6.2,5620,Split APKS Bundle (ARM64-v8a),34,21,"Kotlin, Java, C++, ByteDance AGFX, ByteVC1",MVVM / Coroutines / ByteDance EffectSDK Architecture,Gradle / CMake / Android App Bundle,90.7,2,4,38900,0,58,45,0,F:\App\Image\Ulike
APP_06_B612,B612,B612: AI Photo & Video Camera,com.linecorp.b612.android,15.4.0,150400,Split APKS Bundle (ARM64-v8a),34,24,"Kotlin, Java, C++, SenseTime SenseME, GLSL",MVVM / Compose Hybrid / SenseTime AR SDK Integration,Gradle / CMake / Android App Bundle,183.5,2,20,173114,0,40,17,30,F:\App\Image\B612
APP_07_REMINI,Remini,Remini: AI Photo & Video Enhancer,com.bigwinepot.nwdn.international,3.7.1447.202524746,202524746,Decompiled (JADX) + Split APKS Bundle,35,24,"Kotlin 2.0, Java, C++, ONNX, Javet V8 JS, GLSL",100% Jetpack Compose / MVI / StateFlow / Bending Spoons Core,Gradle / CMake / JADX Decompiled,83.2,5,6,34200,31500,14,4,260,F:\App\Image\Remini
APP_08_VSCO,VSCO,VSCO: Photo & Video Editor,com.vsco.cam,495,495,Decompiled (JADX) + Split APKS Bundle,36,28,"Kotlin, Java, C++20, Rust (UniFFI), GLSL, TFLite",Hybrid Android Views + Compose / Koin DI / Rust CEL Engine,Gradle / Cargo (Rust) / CMake / JADX Decompiled,112.5,3,7,41914,38900,18,6,99,F:\App\Image\VSCO
APP_09_FACEAPP,io.faceapp,FaceApp: Perfect Face Editor,io.faceapp,12.9.6,120906,Decompiled (APKTool / JADX work dir) + APK,36,28,"Kotlin 1.9, Java, C++ (ARM Neon SIMD), GLSL (OpenGL ES 3.0)",Single-Activity / MVP + MVI / RxJava 2/3 / ServiceFactory DI,Gradle / CMake / Decompiled Work Directory,68.4,1,5,28400,26800,1,33,0,F:\App\Image\io.faceapp
APP_10_SNAPEDIT,snapedit.app.remove,SnapEdit: AI Photo Editor & Object Removal,snapedit.app.remove,7.7.7,453,Decompiled (JADX) + XAPK Bundle,36,24,"Kotlin 2.2, Java, C++, ByteDance Xeno, FFmpeg, GLSL",Hybrid Compose + View/Epoxy / MVVM / Room DB / PairIP Anti-Tamper,Gradle / CMake / JADX Decompiled,140.2,4,7,25456,25456,24,5,36,F:\App\Image\snapedit.app.remove
APP_11_PICSART,PicArt,Picsart: AI Photo & Video Editor,com.picsart.studio,30.7.8,300708,Split APKS Bundle (ARM64-v8a),34,24,"Kotlin, Java, C++, Skia, GLSL",Multi-Layer Canvas Compositor / MVVM / Custom Graphics Engine,Gradle / CMake / Android App Bundle,64.0,4,11,86400,0,17,0,0,F:\App\Image\PicArt
APP_12_TIMEWARP,Time Warp Scan,Time Warp Scan: Face Scan Filter,com.video.timewarp,3.8.1,381,Split APKS Bundle (ARM64-v8a),34,21,"Kotlin, Java, C++, OpenGL ES Shaders",Single-Screen Camera Pipeline / Live Line Buffer Scan,Gradle / Android App Bundle,29.9,3,4,21500,0,8,0,112,F:\App\Image\Time Warp Scan
APP_13_FUTURE,Future,Future Self: Face Aging Changer,com.facechanger.agingapp.futureself,1.0.9.6_28082026,1096,Split APKS Bundle (ARM64-v8a),34,21,"Kotlin, Java, C++",MVVM / Cloud API Client / Template Overlay,Gradle / Android App Bundle,65.4,3,5,24600,0,12,0,0,F:\App\Image\Future
APP_14_LIGHTROOM,com.adobe.lrmobile,Adobe Lightroom Workspace (Uptodown Container),com.uptodown,7.39,739,Decompiled (APKTool / JADX) (Uptodown Installer Package),36,23,"Kotlin 2.0, Java, C++ (BOLT/PGO/MLGO NDK)",Hybrid Compose + Leanback TV / Session PackageInstaller / Room DB,Gradle / NDK Clang 19 / APKTool Decompiled,31.7,1,3,18200,14200,16,0,0,F:\App\Image\com.adobe.lrmobile
