app_id,package_name,version_name,version_code,app_label,developer_entity,country_origin,lineage_cluster,monetization_model,entry_activity,evidence_artifact
APP_01_MEITU,com.mt.mtxx.mtxx,12.17.8,121708,Meitu: AI Photo & Video Editor,"Xiamen Meitu Technology Co., Ltd.",China,Meitu Dynasty (Core Flagship),Freemium / VIP Subscription (Weekly/Monthly/Yearly) + Ads,com.meitu.meitupic.activity.WelcomeActivity,F:\App\Image\com.mt.mtxx.mtxx
APP_02_FACETUNE,com.lightricks.facetune.free,2.60.0.1,1102134,Facetune: AI Hair & Photo Editor,Lightricks Ltd.,Israel,Western High-End Computational Photography,Freemium / Premium VIP Subscription + Cloud Token Credits,com.lightricks.facetune.features.home.HomeActivity,F:\App\Image\com.lightricks.facetune.free
APP_03_BEAUTYPLUS,com.commsource.beautyplus,7.46.0,74600,BeautyPlus: AI Photo/Video Editor,PIXOCIAL TECHNOLOGY (SINGAPORE) PTE. LTD. (Meitu Spin-off),Singapore / China,Meitu Dynasty (Global Brand Spin-off),Freemium / Premium VIP Subscription + AdMob Waterfall,com.commsource.beautyplus.WelcomeActivity,F:\App\Image\Beauty Plus
APP_04_WINK,com.meitu.wink,3.16.5,31650,Wink: Video Retouching & AI HD,"Xiamen Meitu Technology Co., Ltd.",China,Meitu Dynasty (Video Retouch Division),Freemium / VIP Subscription (Cloud 4K AI Restoration),com.meitu.wink.SplashActivity,F:\App\Image\Wink
APP_05_ULIKE,com.gorgeous.lite,5.6.2,5620,Ulike: Define Your Facial Preference,Bytedance Pte. Ltd.,China / Singapore,ByteDance Effect Ecosystem,Freemium / VIP Subscription + Camera In-App Content,com.gorgeous.lite.splash.SplashActivity,F:\App\Image\Ulike
APP_06_B612,com.linecorp.b612.android,15.4.0,150400,B612: AI Photo & Video Camera,SNOW Inc. / LINE Corp,South Korea / Japan,SenseTime AR / Korean Selfie Ecosystem,Freemium / VIP Subscription (B612 VIP) + Ads,com.linecorp.b612.android.activity.ActivitySplash,F:\App\Image\B612
APP_07_REMINI,com.bigwinepot.nwdn.international,3.7.1447.202524746,202524746,Remini: AI Photo & Video Enhancer,Bending Spoons S.p.A. (acq. Big Wine Pot),Italy,European AI Utility & Cloud Super-Resolution,Hard Paywall / Weekly Subscription (Pro / Lite) + Rewarded Ads,com.bigwinepot.nwdn.international.MainActivity,F:\App\Image\Remini
APP_08_VSCO,com.vsco.cam,495,495,VSCO: Photo & Video Editor,Visual Supply Company,United States,Western Color Science & Film Emulation,Freemium / Annual VSCO Membership (Plus / Pro),com.vsco.cam.CameraActivity,F:\App\Image\VSCO
APP_09_FACEAPP,io.faceapp,12.9.6,120906,FaceApp: Perfect Face Editor,FaceApp Technology Limited,Cyprus / Russia,Neural Face Transformation & Generative AI,Freemium / FaceApp PRO (Monthly/Annual/Lifetime),io.faceapp.MainActivity,F:\App\Image\io.faceapp
APP_10_SNAPEDIT,snapedit.app.remove,7.7.7,453,SnapEdit: AI Photo Editor & Object Removal,SilverAI Inc.,Vietnam / Singapore,AI Inpainting & Object Removal Utility,Freemium / SnapEdit Pro Subscription + Rewarded Video Ads,snapedit.app.remove.SplashActivity,F:\App\Image\snapedit.app.remove
APP_11_PICSART,com.picsart.studio,30.7.8,300708,Picsart: AI Photo & Video Editor,"PicsArt, Inc.",United States / Armenia,Multi-Layer Canvas & Creative Collage Studio,Freemium / Picsart Gold (Monthly/Annual) + Asset Store,com.picsart.studio.activity.SplashActivity,F:\App\Image\PicArt
APP_12_TIMEWARP,com.video.timewarp,3.8.1,381,Time Warp Scan: Face Scan Filter,Video TimeWarp Studio,Unknown / Global,Specialized Slit-Scan Buffer Video Utility,Ad-Supported / In-App Pro Unlock,com.video.timewarp.activity.MainActivity,F:\App\Image\Time Warp Scan
APP_13_FUTURE,com.facechanger.agingapp.futureself,1.0.9.6_28082026,1096,Future Self: Face Aging Changer,Face Aging Studio,Global,Ad-Monetized Face Aging Fun Utility,Freemium / Interstitial & Rewarded Ads + Weekly VIP,com.facechanger.agingapp.futureself.SplashActivity,F:\App\Image\Future
APP_14_LIGHTROOM,com.uptodown,7.39,739,Adobe Lightroom Workspace (Uptodown Container),Uptodown Technologies S.L. (holding Adobe LR installer),Spain (Distributor) / United States (Adobe Target),Installer & Package Container / Western Distribution,Turbo Subscription / Ad-Supported Store Client,com.uptodown.activities.MainActivity,F:\App\Image\com.adobe.lrmobile
