library,lane_id,lane_name,defined_symbols_count,defined_jni_targets,defined_code_targets,external_dependencies,bounded_investigation_search,gap_count
libaicodec.so,TASK_064E,Video Pipeline & Audio Codecs,3077,JNI_OnUnload; JNI_OnLoad,"JNI_OnUnload (addr=0x118644, size=4, Ndx=15); JNI_OnLoad (addr=0x118454, size=496, Ndx=15); _ZN7MMCodec19GLFramebufferObject15getRGBAWithSizeEiiRPhRmRi (addr=0x175ea4, size=3352, Ndx=15)",__cxa_finalize@LIBC; __cxa_atexit@LIBC; pthread_self@LIBC,Examine callers of JNI_OnUnload,2
libaidetectionplugin.so,TASK_064B,AI & NPU Segmentation,622,JNI_OnLoad; JNI_OnUnload,"JNI_OnLoad (addr=0x408f4, size=492, Ndx=15); JNI_OnUnload (addr=0x40ae0, size=68, Ndx=15); _ZN17MMDetectionPlugin17ExDenseHairModuleC1ER18vlai_engine_handleR26vlai_engine_session_handleNSt6__ndk112basic_stringIcNS5_11char_traitsIcEENS5_9allocatorIcEEEE (addr=0x6ec78, size=216, Ndx=15)",__cxa_finalize@LIBC; __cxa_atexit@LIBC; gMtmvLogLevel,Examine callers of JNI_OnLoad,2
libAIModelKit.so,TASK_064B,AI & NPU Segmentation,351,Java_com_meitu_mtaimodelsdk_utils_AIModelKitJni_getQnnVersion; Java_com_meitu_mtaimodelsdk_utils_AIModelKitJni_isModelCached; Java_com_meitu_mtaimodelsdk_utils_AIModelKitJni_cacheModel,"Java_com_meitu_mtaimodelsdk_utils_AIModelKitJni_getQnnVersion (addr=0x1c120, size=100, Ndx=14); Java_com_meitu_mtaimodelsdk_utils_AIModelKitJni_isModelCached (addr=0x1bce8, size=276, Ndx=14); Java_com_meitu_mtaimodelsdk_utils_AIModelKitJni_cacheModel (addr=0x1bdfc, size=276, Ndx=14)",__cxa_finalize@LIBC; __cxa_atexit@LIBC; __register_atfork@LIBC,Examine callers of Java_com_meitu_mtaimodelsdk_utils_AIModelKitJni_getQnnVersion,2
libAIModelSearchKit.so,TASK_064B,AI & NPU Segmentation,2117,JNI_OnLoad,"JNI_OnLoad (addr=0x727cc, size=148, Ndx=15); _ZNSt6__ndk18ios_baseD0Ev (addr=0x8ba80, size=44, Ndx=15); _ZNKSt6__ndk117moneypunct_bynameIcLb0EE16do_thousands_sepEv (addr=0xad480, size=12, Ndx=15)",__cxa_finalize@LIBC; __cxa_atexit@LIBC; __stack_chk_fail@LIBC,Examine callers of JNI_OnLoad,2
libarkernel3.so,TASK_064A,Hair & AR Kernel Pipeline,1800,NONE,"_ZNK8mtlabar332TextBackgroundColorConfiguration9getColorAEv (addr=0xa22238, size=132, Ndx=14); _ZNK8mtlabar316ParamSliderGroup12getGroupSizeEv (addr=0x9f6fac, size=16, Ndx=14); _ZNK8mtlabar310EffectData11getAIConfigEm (addr=0x646e48, size=36, Ndx=14)",__cxa_finalize@LIBC; __cxa_atexit@LIBC; __register_atfork@LIBC,Examine callers of _ZNK8mtlabar332TextBackgroundColorConfiguration9getColorAEv,3
libarkernel3_android.so,TASK_064A,Hair & AR Kernel Pipeline,2607,Java_com_meitu_mtlab_arkernel3_arkernel3JNI_Int3_1x_1get; Java_com_meitu_mtlab_arkernel3_arkernel3JNI_TimeLineDataInterface_1intervalMs_1get; Java_com_meitu_mtlab_arkernel3_arkernel3JNI_LayerTransformInteraction_1setMirror,"Java_com_meitu_mtlab_arkernel3_arkernel3JNI_Int3_1x_1get (addr=0x87be4, size=8, Ndx=14); Java_com_meitu_mtlab_arkernel3_arkernel3JNI_TimeLineDataInterface_1intervalMs_1get (addr=0x8abd4, size=8, Ndx=14); Java_com_meitu_mtlab_arkernel3_arkernel3JNI_LayerTransformInteraction_1setMirror (addr=0x93148, size=16, Ndx=14)",__cxa_finalize@LIBC; __cxa_atexit@LIBC; __register_atfork@LIBC,Examine callers of Java_com_meitu_mtlab_arkernel3_arkernel3JNI_Int3_1x_1get,2
libarkernel3_c.so,TASK_064A,Hair & AR Kernel Pipeline,1922,NONE,"_wrap_GlobalSetting_getDirectory (addr=0x6b294, size=4, Ndx=14); _wrap_ParameterRect2_y_set (addr=0x5f4e8, size=20, Ndx=14); _wrap_ParameterValue_float2_get (addr=0x5f7c8, size=60, Ndx=14)",__cxa_finalize@LIBC; __cxa_atexit@LIBC; __register_atfork@LIBC,Examine callers of _wrap_GlobalSetting_getDirectory,3
libARKernelInterface.so,TASK_064A,Hair & AR Kernel Pipeline,912,JNI_OnUnload; JNI_OnLoad,"JNI_OnUnload (addr=0x58efa4, size=196, Ndx=15); JNI_OnLoad (addr=0x58ee98, size=268, Ndx=15); _ZN11arkernelcpp26ARKernelFaceLightInterface11OnDrawFrameEjjiijj (addr=0x5901ec, size=120, Ndx=15)",__cxa_finalize@LIBC; __cxa_atexit@LIBC; __android_log_print,Examine callers of JNI_OnUnload,2
libARSPM.so,TASK_064C,Color Science & 3D Shaders,56,NONE,"_Z27ARSPMSkottieGetAnimationFPSRPv (addr=0x12d388, size=36, Ndx=14); _Z25ARSPMDestroySkPaintHandleRPv (addr=0x12f030, size=56, Ndx=14); _Z14ARSPM_SVG_TESTv (addr=0x12f39c, size=4, Ndx=14)",__cxa_finalize@LIBC; __cxa_atexit@LIBC; __register_atfork@LIBC,Examine callers of _Z27ARSPMSkottieGetAnimationFPSRPv,3
libbmpKit.so,TASK_064D,Image Codecs & Low-Level Math,609,JNI_OnLoad,"JNI_OnLoad (addr=0x344d0, size=224, Ndx=14); _ZNKSt6__ndk112basic_stringIcNS_11char_traitsIcEENS_9allocatorIcEEE12find_last_ofEPKcmm (addr=0x42d8c, size=156, Ndx=14); _ZN4Util13alphaFlagNameEi (addr=0x4116c, size=164, Ndx=14)",__cxa_finalize@LIBC; __cxa_atexit@LIBC; __register_atfork@LIBC,Examine callers of JNI_OnLoad,2
libbuffer_pgl.so,TASK_064F,"Runtime, Hooking & Memory",12,Java_com_bykv_vk_openvk_preload_geckox_buffer_impl_MMapBuffer_nRelease; Java_com_bykv_vk_openvk_preload_geckox_buffer_impl_MemoryBuffer_nRead; Java_com_bykv_vk_openvk_preload_geckox_buffer_impl_MMapBuffer_nFlush,"Java_com_bykv_vk_openvk_preload_geckox_buffer_impl_MMapBuffer_nRelease (addr=0x1200, size=12, Ndx=14); Java_com_bykv_vk_openvk_preload_geckox_buffer_impl_MemoryBuffer_nRead (addr=0x1634, size=32, Ndx=14); Java_com_bykv_vk_openvk_preload_geckox_buffer_impl_MMapBuffer_nFlush (addr=0x122c, size=132, Ndx=14)",__cxa_finalize@LIBC; __cxa_atexit@LIBC; __android_log_print,Examine callers of Java_com_bykv_vk_openvk_preload_geckox_buffer_impl_MMapBuffer_nRelease,2
libbytehook.so,TASK_064F,"Runtime, Hooking & Memory",20,JNI_OnLoad,"JNI_OnLoad (addr=0x915c, size=216, Ndx=14); bytehook_get_return_address (addr=0xcaec, size=28, Ndx=14); bytehook_pop_stack (addr=0xcb08, size=28, Ndx=14)",__cxa_atexit@LIBC; __cxa_finalize@LIBC; free@LIBC,Examine callers of JNI_OnLoad,2
libc++_shared.so,TASK_064F,"Runtime, Hooking & Memory",2336,NONE,"_ZNSt6__ndk18to_charsEPcS0_eNS_12chars_formatE (addr=0xcb654, size=360, Ndx=16); _ZNSt6__ndk113basic_filebufIcNS_11char_traitsIcEEE5imbueERKNS_6localeE (addr=0xef200, size=272, Ndx=16); _ZNKSt6__ndk16locale9use_facetERNS0_2idE (addr=0x112c58, size=136, Ndx=16)",__cxa_finalize@LIBC; __cxa_atexit@LIBC; free@LIBC,Examine callers of _ZNSt6__ndk18to_charsEPcS0_eNS_12chars_formatE,3
libCtaApiLib.so,TASK_064G,"Security, Signatures & Telemetry",217,JNI_OnLoad,"JNI_OnLoad (addr=0x13690, size=248, Ndx=10); _Unwind_Backtrace (addr=0x606a0, size=208, Ndx=10); _Unwind_GetRegionStart (addr=0x5ecbc, size=8, Ndx=10)",strerror@LIBC; memcpy@LIBC; gettimeofday@LIBC,Examine callers of JNI_OnLoad,2
libdexvmp.so,TASK_064G,"Security, Signatures & Telemetry",294,JNI_OnLoad,"JNI_OnLoad (addr=0x8e5c, size=112, Ndx=7); j__$_Sl0I$lIS55$II5II$OOISl$I0ll0$lIO05l_SII5O0$$S5S5$ (addr=0x239f4, size=1980, Ndx=7); j__$SIlIl$O5III$5_SSI$$lIlI$llOI$$$$O_lI000$S5lO$_lS5$ (addr=0x6d99c, size=424, Ndx=7)",fmodf; memmove; __stack_chk_guard,Examine callers of JNI_OnLoad,2
libfantasy.so,TASK_064C,Color Science & 3D Shaders,197,NONE,"wgpuRenderBundleEncoderSetIndexBuffer (addr=0xf16f4, size=8, Ndx=13); wgpuRenderPassEncoderSetBindGroup (addr=0xf17cc, size=8, Ndx=13); wgpuShaderModuleSetLabel (addr=0xf196c, size=4, Ndx=13)",__cxa_finalize@LIBC; __cxa_atexit@LIBC; __register_atfork@LIBC,Examine callers of wgpuRenderBundleEncoderSetIndexBuffer,3
libffavc.so,TASK_064E,Video Pipeline & Audio Codecs,2,Java_org_ffavc_DecoderFactory_GetHandle,"Java_org_ffavc_DecoderFactory_GetHandle (addr=0x56548, size=4, Ndx=15); _ZN5ffavc14DecoderFactory9GetHandleEv (addr=0x564a8, size=88, Ndx=15)",__cxa_finalize@LIBC; __cxa_atexit@LIBC; memcpy@LIBC,Examine callers of Java_org_ffavc_DecoderFactory_GetHandle,2
libffmpeg.so,TASK_064E,Video Pipeline & Audio Codecs,3247,NONE,"avpriv_alloc_fixed_dsp (addr=0x4a4290, size=96, Ndx=13); av_dirac_parse_sequence_header (addr=0x34ac08, size=1324, Ndx=13); av_dynamic_hdr_plus_create_side_data (addr=0x4cc960, size=52, Ndx=13)",__cxa_finalize@LIBC; __cxa_atexit@LIBC; log10@LIBC,Examine callers of avpriv_alloc_fixed_dsp,3
libffmpegfilter.so,TASK_064E,Video Pipeline & Audio Codecs,248,NONE,"ff_set_common_channel_layouts2 (addr=0x29618, size=172, Ndx=13); avfilter_graph_parse_ptr (addr=0x2d1c0, size=800, Ndx=13); avfilter_graph_create_filter (addr=0x22a4c, size=92, Ndx=13)",__cxa_finalize@LIBC; __cxa_atexit@LIBC; cos@LIBC,Examine callers of ff_set_common_channel_layouts2,3
libfftw3.so,TASK_064D,Image Codecs & Low-Level Math,382,NONE,"fftwf_codelet_r2cf_7 (addr=0x60368, size=20, Ndx=14); fftwf_codelet_hc2cf2_4 (addr=0x2e4f0, size=24, Ndx=14); fftwf_codelet_hc2cfdft2_8 (addr=0x346ec, size=24, Ndx=14)",__cxa_finalize@LIBC; __cxa_atexit@LIBC; log@LIBC,Examine callers of fftwf_codelet_r2cf_7,3
libfile_lock_pgl.so,TASK_064F,"Runtime, Hooking & Memory",6,Java_com_bykv_vk_openvk_preload_geckox_utils_FileLock_nGetFD; Java_com_bykv_vk_openvk_preload_geckox_utils_FileLock_nLockFile; Java_com_bykv_vk_openvk_preload_geckox_utils_FileLock_nLockFileSegment,"Java_com_bykv_vk_openvk_preload_geckox_utils_FileLock_nGetFD (addr=0xd34, size=184, Ndx=14); Java_com_bykv_vk_openvk_preload_geckox_utils_FileLock_nLockFile (addr=0xa48, size=212, Ndx=14); Java_com_bykv_vk_openvk_preload_geckox_utils_FileLock_nLockFileSegment (addr=0xc5c, size=216, Ndx=14)",__cxa_finalize@LIBC; __cxa_atexit@LIBC; __android_log_print,Examine callers of Java_com_bykv_vk_openvk_preload_geckox_utils_FileLock_nGetFD,2
libfntvcrash.so,TASK_064F,"Runtime, Hooking & Memory",1,JNI_OnLoad,"JNI_OnLoad (addr=0x923c, size=304, Ndx=14)",__cxa_finalize@LIBC; __cxa_atexit@LIBC; gettimeofday@LIBC,Examine callers of JNI_OnLoad,2
libglide-webp.so,TASK_064D,Image Codecs & Low-Level Math,527,JNI_OnLoad,"JNI_OnLoad (addr=0x14708, size=296, Ndx=11); WebPRescalerExport (addr=0x17b38, size=100, Ndx=11); _ZNSt8bad_castC2Ev (addr=0x3d788, size=20, Ndx=11)",pthread_mutex_destroy@LIBC; pthread_create@LIBC; pthread_join@LIBC,Examine callers of JNI_OnLoad,2
libhiai.so,TASK_064B,AI & NPU Segmentation,425,NONE,"AI_Log_Print (addr=0x55c8c, size=164, Ndx=13); _ZN4hiai17AiStatsLogBuilderD2Ev (addr=0x33000, size=92, Ndx=13); HIAI_MR_TuningConfig_SetCacheDir (addr=0x65d40, size=68, Ndx=13)",__cxa_finalize@LIBC; __cxa_atexit@LIBC; _ZdlPv,Examine callers of AI_Log_Print,3
libhiai_ir.so,TASK_064B,AI & NPU Segmentation,1103,NONE,"_ZN2ge13GraphModifier25RemoveNodeWithConstInputsERKNS_4NodeE (addr=0x53fb4, size=460, Ndx=13); _ZNK2ge8NodeSpec11ConstInputsEv (addr=0x6a0e8, size=668, Ndx=13); _ZN4hiai16OmFileSaveHelper18GetModelPartitionsEv (addr=0xa4a6c, size=8, Ndx=13)",__cxa_finalize@LIBC; __cxa_atexit@LIBC; strlen@LIBC,Examine callers of _ZN2ge13GraphModifier25RemoveNodeWithConstInputsERKNS_4NodeE,3
libhiai_ir_build.so,TASK_064B,AI & NPU Segmentation,9,NONE,"_ZN4hiai11HiaiIrBuild16ReleaseModelBuffERNS_15ModelBufferDataE (addr=0x6b80, size=36, Ndx=13); _ZN2ge5GraphD2Ev (addr=0x7160, size=20, Ndx=13); _ZN4hiai11HiaiIrBuild12BuildIRModelERN2ge5ModelERNS_15ModelBufferDataE (addr=0x7174, size=220, Ndx=13)",__cxa_finalize@LIBC; __cxa_atexit@LIBC; _ZdlPv,Examine callers of _ZN4hiai11HiaiIrBuild16ReleaseModelBuffERNS_15ModelBufferDataE,3
libhttpelf.so,TASK_064G,"Security, Signatures & Telemetry",1,Java_com_meitu_library_httpsign_algorithm_NativeSign_send,"Java_com_meitu_library_httpsign_algorithm_NativeSign_send (addr=0x54b8, size=1344, Ndx=15)",__cxa_finalize@LIBC; __cxa_atexit@LIBC; memcpy@LIBC,Examine callers of Java_com_meitu_library_httpsign_algorithm_NativeSign_send,2
libKKMusicFX.so,TASK_064E,Video Pipeline & Audio Codecs,112,JUCE_JNI_OnLoad; JNI_OnLoad,"JUCE_JNI_OnLoad (addr=0x5e470, size=292, Ndx=15); JNI_OnLoad (addr=0x445e4, size=168, Ndx=15); _ZN3MFX10MFXFormula11fromFormulaERKNSt6__ndk112basic_stringIcNS1_11char_traitsIcEENS1_9allocatorIcEEEE (addr=0x3a084, size=11128, Ndx=15)",__cxa_finalize@LIBC; __cxa_atexit@LIBC; _ZdlPv,Examine callers of JUCE_JNI_OnLoad,2
libkoom-strip-dump.so,TASK_064F,"Runtime, Hooking & Memory",997,Java_com_kwai_koom_fastdump_ForkJvmHeapDumper_nativeInit; Java_com_kwai_koom_javaoom_hprof_ForkStripHeapDumper_initStripDump; Java_com_kwai_koom_fastdump_ForkJvmHeapDumper_exitProcess,"Java_com_kwai_koom_fastdump_ForkJvmHeapDumper_nativeInit (addr=0x38bb4, size=20, Ndx=14); Java_com_kwai_koom_javaoom_hprof_ForkStripHeapDumper_initStripDump (addr=0x38c38, size=4, Ndx=14); Java_com_kwai_koom_fastdump_ForkJvmHeapDumper_exitProcess (addr=0x38bdc, size=48, Ndx=14)",__cxa_finalize@LIBC; __cxa_atexit@LIBC; __register_atfork@LIBC,Examine callers of Java_com_kwai_koom_fastdump_ForkJvmHeapDumper_nativeInit,2
liblabdeviceinfo.so,TASK_064C,Color Science & 3D Shaders,3,JNI_OnLoad,"JNI_OnLoad (addr=0x8324, size=176, Ndx=15); _ZN13LabDeviceInfo9infoMakerEP7_JNIEnvP7_jclass (addr=0x83d4, size=3136, Ndx=15); _ZN7_JNIEnv9NewObjectEP7_jclassP10_jmethodIDz (addr=0x9014, size=156, Ndx=15)",__cxa_finalize@LIBC; __cxa_atexit@LIBC; __stack_chk_fail@LIBC,Examine callers of JNI_OnLoad,2
libLayerFlow.so,TASK_064A,Hair & AR Kernel Pipeline,6503,JNI_OnLoad; JNI_OnUnload,"JNI_OnLoad (addr=0x440294, size=2244, Ndx=15); JNI_OnUnload (addr=0x440b58, size=24, Ndx=15); _ZN11LayerFlowNS34LFStraightLegsAIGCRequestResultJNI18registerJniMethodsEP7_JNIEnv (addr=0x2f20a8, size=152, Ndx=15)",__cxa_finalize@LIBC; __cxa_atexit@LIBC; __android_log_print,Examine callers of JNI_OnLoad,1
libManis.so,TASK_064B,AI & NPU Segmentation,303,NONE,"_ZN11manisEngine6LoggerC1Ev (addr=0x8fa564, size=4, Ndx=15); _ZN11manisEngine16ScriptController15executeFunctionIlEEbPNS_6ScriptEPKcS5_PT_PSt9__va_list (addr=0x8ffd34, size=192, Ndx=15); _ZN5manis6Tensor8FromFileEPKc (addr=0x8ebc30, size=8, Ndx=15)",__cxa_finalize@LIBC; __cxa_atexit@LIBC; _ZSt7nothrow,Examine callers of _ZN11manisEngine6LoggerC1Ev,3
libmanis_npu_adapter.so,TASK_064B,AI & NPU Segmentation,1891,NONE,"_ZN4hiai2op3Pow10__input_x2Ev (addr=0x76acc, size=200, Ndx=15); _ZNSt6__ndk120__shared_ptr_emplaceIN5mizar7NpuGemmENS_9allocatorIS2_EEED0Ev (addr=0x8b368, size=52, Ndx=15); _ZNSt6__ndk110__function6__funcIZN5mizar12TypeRegisterINS2_12NpuOpBuilderENS2_3fbs6OpTypeENS2_9NpuMatMulEJEEC1ES6_EUlvE_NS_9allocatorIS9_EEFNS_10shared_ptrIS4_EEvEED0Ev (addr=0x95690, size=4, Ndx=15)",__cxa_finalize@LIBC; __cxa_atexit@LIBC; _Znwm,Examine callers of _ZN4hiai2op3Pow10__input_x2Ev,3
libmfxkit.so,TASK_064G,"Security, Signatures & Telemetry",NOT_CHECKED,NONE,UNKNOWN (Corrupted/truncated binary; requires complete archive),NONE,Examine callers of UNKNOWN,4
libMTARMPM.so,TASK_064C,Color Science & 3D Shaders,44,NONE,"_Z22MTARMPMMusicGetLoopingPv (addr=0xac6c, size=36, Ndx=14); _Z21MTARMPMImplementationv (addr=0xa2a0, size=8, Ndx=14); _Z21MTARMPMMusicIsPlayingPv (addr=0xabfc, size=36, Ndx=14)",__cxa_finalize@LIBC; __cxa_atexit@LIBC; __register_atfork@LIBC,Examine callers of _Z22MTARMPMMusicGetLoopingPv,3
libMTFilterKernel.so,TASK_064A,Hair & AR Kernel Pipeline,3113,Java_com_meitu_core_MTFilterKernelConfigJNI_nInit; Java_com_meitu_core_MTFilterKernelConfigJNI_nSetLogLevel; JNI_OnLoad,"Java_com_meitu_core_MTFilterKernelConfigJNI_nInit (addr=0xc3cd4, size=100, Ndx=15); Java_com_meitu_core_MTFilterKernelConfigJNI_nSetLogLevel (addr=0xc3d38, size=8, Ndx=15); JNI_OnLoad (addr=0xc3adc, size=328, Ndx=15)",__cxa_finalize@LIBC; __cxa_atexit@LIBC; calloc@LIBC,Examine callers of Java_com_meitu_core_MTFilterKernelConfigJNI_nInit,1
libMTGif.so,TASK_064D,Image Codecs & Low-Level Math,135,JNI_OnLoad; JNI_OnUnload,"JNI_OnLoad (addr=0xe204, size=196, Ndx=15); JNI_OnUnload (addr=0xe330, size=92, Ndx=15); _ZN11CMTImageGif19EncodeLoopExtensionEP6CxFile (addr=0xa6b0, size=216, Ndx=15)",__cxa_finalize@LIBC; __cxa_atexit@LIBC; malloc@LIBC,Examine callers of JNI_OnLoad,2
libMtlabSign.so,TASK_064G,"Security, Signatures & Telemetry",19,Java_com_meitu_mtlab_hmacsha_HmacSHA1Sign_getSign,"Java_com_meitu_mtlab_hmacsha_HmacSHA1Sign_getSign (addr=0x21d4, size=792, Ndx=14); _Z11jstring2strP7_JNIEnvP8_jstring (addr=0x1c94, size=412, Ndx=14); _ZN5CSHA15ResetEv (addr=0x2540, size=32, Ndx=14)",__cxa_finalize@LIBC; __cxa_atexit@LIBC; malloc@LIBC,Examine callers of Java_com_meitu_mtlab_hmacsha_HmacSHA1Sign_getSign,2
libMTLReportTool.so,TASK_064G,"Security, Signatures & Telemetry",50,JNI_OnUnload; JNI_OnLoad,"JNI_OnUnload (addr=0xc880, size=152, Ndx=14); JNI_OnLoad (addr=0xc79c, size=228, Ndx=14); _ZN5utils8TimeCost5startEv (addr=0x8e50, size=36, Ndx=14)",__cxa_finalize@LIBC; __cxa_atexit@LIBC; __register_atfork@LIBC,Examine callers of JNI_OnUnload,2
libPVGCodec.so,TASK_064E,Video Pipeline & Audio Codecs,551,JNI_OnLoad; JNI_OnUnload,"JNI_OnLoad (addr=0x12d3f4, size=2948, Ndx=15); JNI_OnUnload (addr=0x12df78, size=180, Ndx=15); _ZN3PVG13MediaReverser13_frameReverseERNSt6__ndk16vectorI8FrameRefNS1_9allocatorIS3_EEEEP7__sFILE (addr=0x71038, size=1580, Ndx=15)",__cxa_finalize@LIBC; __cxa_atexit@LIBC; _ZNSt6__ndk15mutexD1Ev,Examine callers of JNI_OnLoad,2
libPVGColorFunctions.so,TASK_064C,Color Science & 3D Shaders,110,NONE,"_ZN8PVGCOLOR15PVGImageConvert21convertRGB888ToFormatEPKhjNS_14PVGPixelFormatEPPhPj (addr=0x2fd64, size=708, Ndx=15); _ZN8PVGCOLOR15PVGImageConvert21convertAI88ToRGBA8888EPKhjPh (addr=0x30ad4, size=300, Ndx=15); _ZN8PVGCOLOR16PVGCropFunctionsD0Ev (addr=0x31e1c, size=36, Ndx=15)",__cxa_finalize@LIBC; __cxa_atexit@LIBC; _ZdlPv,Examine callers of _ZN8PVGCOLOR15PVGImageConvert21convertRGB888ToFormatEPKhjNS_14PVGPixelFormatEPPhPj,3
libPVGImageCodec.so,TASK_064D,Image Codecs & Low-Level Math,3870,NONE,"_ZN3gif6common5Frame8from_rgb17h745754448c660996E (addr=0x2d3894, size=8, Ndx=15); _ZN4core3num21_$LT$impl$u20$u64$GT$14from_str_radix17h2697b5c74e62c87eE (addr=0x37370c, size=24, Ndx=15); _ZNK8PVGIMAGE10PVGContext17getImageCodecTypeEv (addr=0x1afac4, size=128, Ndx=15)",__cxa_finalize@LIBC; __cxa_atexit@LIBC; _ZdlPv,Examine callers of _ZN3gif6common5Frame8from_rgb17h745754448c660996E,3
libPVGLive.so,TASK_064E,Video Pipeline & Audio Codecs,43,JNI_OnLoad; JNI_OnUnload,"JNI_OnLoad (addr=0x8bdf8, size=220, Ndx=14); JNI_OnUnload (addr=0x8bed4, size=152, Ndx=14); _ZN7PVGLIVE9PVGGlobal17setAndroidContextEP8_jobject (addr=0x4cf00, size=636, Ndx=14)",__cxa_finalize@LIBC; __cxa_atexit@LIBC; __register_atfork@LIBC,Examine callers of JNI_OnLoad,2
libPVGVideoCodec.so,TASK_064E,Video Pipeline & Audio Codecs,283,JNI_OnUnload; JNI_OnLoad,"JNI_OnUnload (addr=0x73400, size=84, Ndx=15); JNI_OnLoad (addr=0x73340, size=192, Ndx=15); _ZNK8PVGVIDEO10PVGContext16getInputChannelsEv (addr=0x64f78, size=8, Ndx=15)",__cxa_finalize@LIBC; __cxa_atexit@LIBC; _ZdlPv,Examine callers of JNI_OnUnload,2
libVERenderer.so,TASK_064C,Color Science & 3D Shaders,1257,NONE,"_ZN10verenderer10MathHelper21calulateVectorProductERKNS_4Vec2ES3_ (addr=0x3f060, size=24, Ndx=15); _ZN10verenderer8MathUtil19pointToLineDistanceEffRKNS_4Vec2Eff (addr=0x40030, size=64, Ndx=15); _ZN7backend12ProgramCacheD1Ev (addr=0x45bc4, size=164, Ndx=15)",__cxa_finalize@LIBC; __cxa_atexit@LIBC; __stack_chk_fail@LIBC,Examine callers of _ZN10verenderer10MathHelper21calulateVectorProductERKNS_4Vec2ES3_,3
