StageID,StageName,P50_ms,P95_ms,P99_ms
1,BiSeNet,240.52,260.322,268.038
2,AdaptiveHairAppearance,0.937,2.10315,2.13531
3,HairHatResolver,1.50608,2.48669,2.568
4,LowContrast_P0_FullRes,49.3422,63.3615,75.9642
5,LowContrast_P1_HalfRes,17.8904,19.8415,25.7539
6,LowContrast_P2_ROI,12.5073,14.5178,16.7885
7,LowContrast_P3_ROI_HalfRes,8.60485,12.1434,12.5206
8,SubjectGraph,1.09385,1.98031,5.47015
9,ImageContentGuard,0.643384,0.784923,0.867077
10,SemanticTrimap,2.90339,3.34215,3.74431
11,FastGuidedFilter,45.9258,58.9124,70.7052
12,LocalColorAffinity,3.54515,7.39915,7.85108
13,SemanticProtection,1.26039,2.08808,2.57515
14,EarOcclusionResolver,0,0.000231,0.000231
15,HairlineRefinement,0.852616,1.76923,4.06031
16,TOTAL_P0_B2R_MATTING,68.0352,90.1148,103.516
17,FULL_HAIR_COLOR_RUN,309.137,349.092,363.511
