Function_Name,Start_Address_Hex,Instruction_Count,Is_High_Value
.text,0x000ba440,54528,NO
wgpuCreateInstance,0x000ef840,1,NO
wgpuGetProcAddress,0x000ef844,1402,NO
wgpuSurfaceCapabilitiesFreeMembers,0x000f0e2c,24,NO
wgpuAdapterEnumerateFeatures,0x000f0e8c,1,NO
wgpuAdapterGetLimits,0x000f0e90,6,NO
wgpuAdapterGetProperties,0x000f0ea8,1,NO
wgpuAdapterHasFeature,0x000f0eac,6,NO
wgpuAdapterRequestDevice,0x000f0ec4,1,NO
wgpuAdapterReference,0x000f0ec8,7,NO
wgpuAdapterRelease,0x000f0ee4,22,NO
wgpuBindGroupSetLabel,0x000f0f3c,1,NO
wgpuBindGroupReference,0x000f0f40,7,NO
wgpuBindGroupRelease,0x000f0f5c,22,NO
wgpuBindGroupLayoutSetLabel,0x000f0fb4,1,NO
wgpuBindGroupLayoutReference,0x000f0fb8,7,NO
wgpuBindGroupLayoutRelease,0x000f0fd4,22,NO
wgpuBufferDestroy,0x000f102c,1,NO
wgpuBufferGetConstMappedRange,0x000f1030,1,NO
wgpuBufferGetMapState,0x000f1034,1,NO
wgpuBufferGetMappedRange,0x000f1038,1,NO
wgpuBufferGetSize,0x000f103c,1,NO
wgpuBufferGetUsage,0x000f1040,1,NO
wgpuBufferMapAsync,0x000f1044,1,NO
wgpuBufferSetLabel,0x000f1048,1,NO
wgpuBufferUnmap,0x000f104c,1,NO
wgpuBufferReference,0x000f1050,7,NO
wgpuBufferRelease,0x000f106c,22,NO
wgpuCommandBufferSetLabel,0x000f10c4,1,NO
wgpuCommandBufferReference,0x000f10c8,7,NO
wgpuCommandBufferRelease,0x000f10e4,22,NO
wgpuCommandEncoderBeginComputePass,0x000f113c,1,NO
wgpuCommandEncoderBeginRenderPass,0x000f1140,1,NO
wgpuCommandEncoderClearBuffer,0x000f1144,1,NO
wgpuCommandEncoderCopyBufferToBuffer,0x000f1148,1,NO
wgpuCommandEncoderCopyBufferToTexture,0x000f114c,1,NO
wgpuCommandEncoderCopyTextureToBuffer,0x000f1150,1,NO
wgpuCommandEncoderCopyTextureToTexture,0x000f1154,1,NO
wgpuCommandEncoderFinish,0x000f1158,1,NO
wgpuCommandEncoderInsertDebugMarker,0x000f115c,1,NO
wgpuCommandEncoderPopDebugGroup,0x000f1160,1,NO
wgpuCommandEncoderPushDebugGroup,0x000f1164,1,NO
wgpuCommandEncoderResolveQuerySet,0x000f1168,1,NO
wgpuCommandEncoderSetLabel,0x000f116c,1,NO
wgpuCommandEncoderWriteTimestamp,0x000f1170,1,NO
wgpuCommandEncoderReference,0x000f1174,7,NO
wgpuCommandEncoderRelease,0x000f1190,22,NO
wgpuComputePassEncoderDispatchWorkgroups,0x000f11e8,1,NO
wgpuComputePassEncoderDispatchWorkgroupsIndirect,0x000f11ec,1,NO
wgpuComputePassEncoderEnd,0x000f11f0,1,NO
wgpuComputePassEncoderInsertDebugMarker,0x000f11f4,1,NO
wgpuComputePassEncoderPopDebugGroup,0x000f11f8,1,NO
wgpuComputePassEncoderPushDebugGroup,0x000f11fc,1,NO
wgpuComputePassEncoderSetBindGroup,0x000f1200,1,NO
wgpuComputePassEncoderSetLabel,0x000f1204,1,NO
wgpuComputePassEncoderSetPipeline,0x000f1208,1,NO
wgpuComputePassEncoderReference,0x000f120c,7,NO
wgpuComputePassEncoderRelease,0x000f1228,22,NO
wgpuComputePipelineGetBindGroupLayout,0x000f1280,1,NO
wgpuComputePipelineSetLabel,0x000f1284,1,NO
wgpuComputePipelineReference,0x000f1288,7,NO
wgpuComputePipelineRelease,0x000f12a4,22,NO
wgpuDeviceCreateBindGroup,0x000f12fc,1,NO
wgpuDeviceCreateBindGroupLayout,0x000f1300,1,NO
wgpuDeviceCreateBuffer,0x000f1304,1,NO
wgpuDeviceCreateCommandEncoder,0x000f1308,1,NO
wgpuDeviceCreateComputePipeline,0x000f130c,1,NO
wgpuDeviceCreateComputePipelineAsync,0x000f1310,1,NO
wgpuDeviceCreatePipelineLayout,0x000f1314,1,NO
wgpuDeviceCreateQuerySet,0x000f1318,1,NO
wgpuDeviceCreateRenderBundleEncoder,0x000f131c,1,NO
wgpuDeviceCreateRenderPipeline,0x000f1320,1,NO
wgpuDeviceCreateRenderPipelineAsync,0x000f1324,1,NO
wgpuDeviceCreateSampler,0x000f1328,1,NO
wgpuDeviceCreateShaderModule,0x000f132c,1,NO
wgpuDeviceCreateTexture,0x000f1330,1,NO
wgpuDeviceDestroy,0x000f1334,1,NO
wgpuDeviceEnumerateFeatures,0x000f1338,1,NO
wgpuDeviceGetLimits,0x000f133c,6,NO
wgpuDeviceGetQueue,0x000f1354,1,NO
wgpuDeviceHasFeature,0x000f1358,6,NO
wgpuDevicePopErrorScope,0x000f1370,1,NO
wgpuDevicePushErrorScope,0x000f1374,1,NO
wgpuDeviceSetLabel,0x000f1378,1,NO
wgpuDeviceSetUncapturedErrorCallback,0x000f137c,1,NO
wgpuDeviceGetAdapterProperties,0x000f1380,1,NO
wgpuDeviceGetMetalDeviceNative_MEITU,0x000f1384,1,NO
wgpuDeviceGetOpenglDisplayNative_MEITU,0x000f1388,1,NO
wgpuDeviceGetOpenglContextNative_MEITU,0x000f138c,1,NO
wgpuDeviceGetD3D11DeviceNative_MEITU,0x000f1390,1,NO
wgpuDeviceGetD3D11DeviceContextNative_MEITU,0x000f1394,1,NO
wgpuDeviceGetD3D11ImmediateContextLock_MEITU,0x000f1398,1,NO
wgpuDeviceGetVulkanPhysicalDeviceNative_MEITU,0x000f139c,1,NO
wgpuDeviceGetVulkanDeviceNative_MEITU,0x000f13a0,1,NO
wgpuDeviceReference,0x000f13a4,7,NO
wgpuDeviceRelease,0x000f13c0,22,NO
wgpuInstanceCreateSurface,0x000f1418,1,NO
wgpuInstanceHasWGSLLanguageFeature,0x000f141c,6,NO
wgpuInstanceProcessEvents,0x000f1434,1,NO
wgpuInstanceRequestAdapter,0x000f1438,1,NO
wgpuInstanceReference,0x000f143c,7,NO
wgpuInstanceRelease,0x000f1458,22,NO
wgpuPipelineLayoutSetLabel,0x000f14b0,1,NO
wgpuPipelineLayoutReference,0x000f14b4,7,NO
wgpuPipelineLayoutRelease,0x000f14d0,22,NO
wgpuQuerySetDestroy,0x000f1528,1,NO
wgpuQuerySetGetCount,0x000f152c,1,NO
wgpuQuerySetGetType,0x000f1530,1,NO
wgpuQuerySetSetLabel,0x000f1534,1,NO
wgpuQuerySetReference,0x000f1538,7,NO
wgpuQuerySetRelease,0x000f1554,22,NO
wgpuQueueOnSubmittedWorkDone,0x000f15ac,1,NO
wgpuQueueSetLabel,0x000f15b0,1,NO
wgpuQueueSubmit,0x000f15b4,1,NO
wgpuQueueWriteBuffer,0x000f15b8,1,NO
wgpuQueueWriteTexture,0x000f15bc,1,NO
wgpuQueueGetMetalQueue_MEITU,0x000f15c0,1,NO
wgpuQueueReference,0x000f15c4,7,NO
wgpuQueueRelease,0x000f15e0,22,NO
wgpuRenderBundleSetLabel,0x000f1638,1,NO
wgpuRenderBundleReference,0x000f163c,7,NO
wgpuRenderBundleRelease,0x000f1658,22,NO
wgpuRenderBundleEncoderDraw,0x000f16b0,2,NO
wgpuRenderBundleEncoderDrawIndexed,0x000f16b8,2,NO
wgpuRenderBundleEncoderDrawIndexedIndirect,0x000f16c0,2,NO
wgpuRenderBundleEncoderDrawIndirect,0x000f16c8,2,NO
wgpuRenderBundleEncoderFinish,0x000f16d0,1,NO
wgpuRenderBundleEncoderInsertDebugMarker,0x000f16d4,2,NO
wgpuRenderBundleEncoderPopDebugGroup,0x000f16dc,2,NO
wgpuRenderBundleEncoderPushDebugGroup,0x000f16e4,2,NO
wgpuRenderBundleEncoderSetBindGroup,0x000f16ec,2,NO
wgpuRenderBundleEncoderSetIndexBuffer,0x000f16f4,2,NO
wgpuRenderBundleEncoderSetLabel,0x000f16fc,1,NO
wgpuRenderBundleEncoderSetPipeline,0x000f1700,2,NO
wgpuRenderBundleEncoderSetVertexBuffer,0x000f1708,2,NO
wgpuRenderBundleEncoderReference,0x000f1710,7,NO
wgpuRenderBundleEncoderRelease,0x000f172c,22,NO
wgpuRenderPassEncoderBeginOcclusionQuery,0x000f1784,1,NO
wgpuRenderPassEncoderDraw,0x000f1788,2,NO
wgpuRenderPassEncoderDrawIndexed,0x000f1790,2,NO
wgpuRenderPassEncoderDrawIndexedIndirect,0x000f1798,2,NO
wgpuRenderPassEncoderDrawIndirect,0x000f17a0,2,NO
wgpuRenderPassEncoderEnd,0x000f17a8,1,NO
wgpuRenderPassEncoderEndOcclusionQuery,0x000f17ac,1,NO
wgpuRenderPassEncoderExecuteBundles,0x000f17b0,1,NO
wgpuRenderPassEncoderInsertDebugMarker,0x000f17b4,2,NO
wgpuRenderPassEncoderPopDebugGroup,0x000f17bc,2,NO
wgpuRenderPassEncoderPushDebugGroup,0x000f17c4,2,NO
wgpuRenderPassEncoderSetBindGroup,0x000f17cc,2,NO
wgpuRenderPassEncoderSetBlendConstant,0x000f17d4,1,NO
wgpuRenderPassEncoderSetIndexBuffer,0x000f17d8,2,NO
wgpuRenderPassEncoderSetLabel,0x000f17e0,1,NO
wgpuRenderPassEncoderSetPipeline,0x000f17e4,2,NO
wgpuRenderPassEncoderSetScissorRect,0x000f17ec,1,NO
wgpuRenderPassEncoderSetStencilReference,0x000f17f0,1,NO
wgpuRenderPassEncoderSetVertexBuffer,0x000f17f4,2,NO
wgpuRenderPassEncoderSetViewport,0x000f17fc,1,NO
wgpuRenderPassEncoderReference,0x000f1800,7,NO
wgpuRenderPassEncoderRelease,0x000f181c,22,NO
wgpuRenderPipelineGetBindGroupLayout,0x000f1874,1,NO
wgpuRenderPipelineSetLabel,0x000f1878,1,NO
wgpuRenderPipelineReference,0x000f187c,7,NO
wgpuRenderPipelineRelease,0x000f1898,22,NO
wgpuSamplerSetLabel,0x000f18f0,1,NO
wgpuSamplerReference,0x000f18f4,7,NO
wgpuSamplerRelease,0x000f1910,22,NO
wgpuShaderModuleGetCompilationInfo,0x000f1968,1,NO
wgpuShaderModuleSetLabel,0x000f196c,1,NO
wgpuShaderModuleReference,0x000f1970,7,NO
wgpuShaderModuleRelease,0x000f198c,22,NO
wgpuSurfaceConfigure,0x000f19e4,1,NO
wgpuSurfaceGetCapabilities,0x000f19e8,1,NO
wgpuSurfaceGetCurrentTexture,0x000f19ec,1,NO
wgpuSurfaceGetPreferredFormat,0x000f19f0,1,NO
wgpuSurfacePresent,0x000f19f4,1,NO
wgpuSurfaceSetLabel,0x000f19f8,1,NO
wgpuSurfaceUnconfigure,0x000f19fc,1,NO
wgpuSurfaceReference,0x000f1a00,7,NO
wgpuSurfaceRelease,0x000f1a1c,22,NO
wgpuTextureCreateView,0x000f1a74,1,NO
wgpuTextureDestroy,0x000f1a78,1,NO
wgpuTextureGetDepthOrArrayLayers,0x000f1a7c,1,NO
wgpuTextureGetDimension,0x000f1a80,1,NO
wgpuTextureGetFormat,0x000f1a84,1,NO
wgpuTextureGetHeight,0x000f1a88,1,NO
wgpuTextureGetMipLevelCount,0x000f1a8c,1,NO
wgpuTextureGetSampleCount,0x000f1a90,1,NO
wgpuTextureGetUsage,0x000f1a94,1,NO
wgpuTextureGetWidth,0x000f1a98,1,NO
wgpuTextureSetLabel,0x000f1a9c,1,NO
wgpuTextureGetOpenGLHandle_MEITU,0x000f1aa0,1,NO
wgpuTextureGetMetalHandle_MEITU,0x000f1aa4,1,NO
wgpuTextureGetD3D11Handle_MEITU,0x000f1aa8,1,NO
wgpuTextureReference,0x000f1aac,7,NO
wgpuTextureRelease,0x000f1ac8,22,NO
wgpuTextureViewSetLabel,0x000f1b20,1,NO
wgpuTextureViewReference,0x000f1b24,7,NO
wgpuTextureViewRelease,0x000f1b40,192832,NO
