app_slug,dex_class_name,native_method_name,jni_signature,target_so,registration_type
b612,com.vendor.nativebridge.EngineJNI,Java_com_linecorp_b612_android_gl_GlFenceHelper_nativeWaitSyncFence,([BII)V,libb612_glnativehelper.so,EXPORTED_DYNAMIC
b612,com.vendor.nativebridge.EngineJNI,Java_androidx_camera_core_ImageProcessingUtil_nativeCopyBetweenByteBufferAndBitmap,([BII)V,libimage_processing_util_jni.so,EXPORTED_DYNAMIC
b612,com.vendor.nativebridge.EngineJNI,Java_androidx_camera_core_ImageProcessingUtil_nativeShiftPixel,([BII)V,libimage_processing_util_jni.so,EXPORTED_DYNAMIC
b612,com.vendor.nativebridge.EngineJNI,Java_androidx_camera_core_ImageProcessingUtil_nativeWriteJpegToSurface,([BII)V,libimage_processing_util_jni.so,EXPORTED_DYNAMIC
b612,com.vendor.nativebridge.EngineJNI,Java_androidx_camera_core_ImageProcessingUtil_nativeConvertAndroid420ToABGR,([BII)V,libimage_processing_util_jni.so,EXPORTED_DYNAMIC
b612,com.vendor.nativebridge.EngineJNI,Java_androidx_camera_core_ImageProcessingUtil_nativeConvertAndroid420ToBitmap,([BII)V,libimage_processing_util_jni.so,EXPORTED_DYNAMIC
b612,com.vendor.nativebridge.EngineJNI,Java_androidx_camera_core_ImageProcessingUtil_nativeRotateYUV,([BII)V,libimage_processing_util_jni.so,EXPORTED_DYNAMIC
b612,com.vendor.nativebridge.EngineJNI,Java_com_linecorp_kuru_utils_NativeImageUtils_yuvToyuv420,([BII)V,libimageutils.so,EXPORTED_DYNAMIC
b612,com.vendor.nativebridge.EngineJNI,Java_com_linecorp_kuru_utils_NativeImageUtils_nv21ToRgb,([BII)V,libimageutils.so,EXPORTED_DYNAMIC
b612,com.vendor.nativebridge.EngineJNI,Java_com_linecorp_kuru_utils_NativeImageUtils_free,([BII)V,libimageutils.so,EXPORTED_DYNAMIC
b612,com.vendor.nativebridge.EngineJNI,Java_com_linecorp_kuru_utils_NativeImageUtils_bitmapToNativeArray,([BII)V,libimageutils.so,EXPORTED_DYNAMIC
b612,com.vendor.nativebridge.EngineJNI,Java_com_linecorp_kuru_utils_NativeImageUtils_yuvToNv21,([BII)V,libimageutils.so,EXPORTED_DYNAMIC
b612,com.vendor.nativebridge.EngineJNI,Java_com_linecorp_kuru_utils_NativeImageUtils_nv21Rotate,([BII)V,libimageutils.so,EXPORTED_DYNAMIC
b612,com.vendor.nativebridge.EngineJNI,Java_com_linecorp_kuru_utils_NativeImageUtils_fillTestRgb,([BII)V,libimageutils.so,EXPORTED_DYNAMIC
b612,com.vendor.nativebridge.EngineJNI,Java_com_linecorp_kuru_utils_NativeImageUtils_yuvToRgb,([BII)V,libimageutils.so,EXPORTED_DYNAMIC
b612,com.vendor.nativebridge.EngineJNI,Java_com_linecorp_kuru_utils_NativeImageUtils_yuv420ToNv21Rotate,([BII)V,libimageutils.so,EXPORTED_DYNAMIC
b612,com.vendor.nativebridge.EngineJNI,Java_com_linecorp_kuru_utils_NativeImageUtils_getArray,([BII)V,libimageutils.so,EXPORTED_DYNAMIC
b612,com.vendor.nativebridge.EngineJNI,Java_com_linecorp_kuru_utils_NativeImageUtils_malloc,([BII)V,libimageutils.so,EXPORTED_DYNAMIC
b612,com.vendor.nativebridge.EngineJNI,Java_com_linecorp_kuru_utils_NativeImageUtils_renderToBitmap,([BII)V,libimageutils.so,EXPORTED_DYNAMIC
b612,com.vendor.nativebridge.EngineJNI,Java_com_linecorp_kuru_utils_NativeImageUtils_yuv420ToNv21,([BII)V,libimageutils.so,EXPORTED_DYNAMIC
