app_slug,app_name,so_name,symbol_raw,symbol_demangled,rva,size,type,is_jni,domain
b612,B612,libanimation-decoder-gif.so,__cxa_finalize,__cxa_finalize,0x0,0,STT_FUNC,False,GENERAL_GRAPHICS
b612,B612,libanimation-decoder-gif.so,__cxa_atexit,__cxa_atexit,0x0,0,STT_FUNC,False,GENERAL_GRAPHICS
b612,B612,libanimation-decoder-gif.so,memcpy,memcpy,0x0,0,STT_FUNC,False,GENERAL_GRAPHICS
b612,B612,libanimation-decoder-gif.so,memset,memset,0x0,0,STT_FUNC,False,GENERAL_GRAPHICS
b612,B612,libanimation-decoder-gif.so,malloc,malloc,0x0,0,STT_FUNC,False,GENERAL_GRAPHICS
b612,B612,libanimation-decoder-gif.so,free,free,0x0,0,STT_FUNC,False,GENERAL_GRAPHICS
b612,B612,libanimation-decoder-gif.so,__stack_chk_fail,__stack_chk_fail,0x0,0,STT_FUNC,False,GENERAL_GRAPHICS
b612,B612,libanimation-decoder-gif.so,strlen,strlen,0x0,0,STT_FUNC,False,GENERAL_GRAPHICS
b612,B612,libanimation-decoder-gif.so,strcmp,strcmp,0x0,0,STT_FUNC,False,GENERAL_GRAPHICS
b612,B612,libanimation-decoder-gif.so,__sF,__sF,0x0,0,STT_OBJECT,False,GENERAL_GRAPHICS
b612,B612,libanimation-decoder-gif.so,fwrite,fwrite,0x0,0,STT_FUNC,False,GENERAL_GRAPHICS
b612,B612,libanimation-decoder-gif.so,vfprintf,vfprintf,0x0,0,STT_FUNC,False,GENERAL_GRAPHICS
b612,B612,libanimation-decoder-gif.so,fputc,fputc,0x0,0,STT_FUNC,False,GENERAL_GRAPHICS
b612,B612,libanimation-decoder-gif.so,vasprintf,vasprintf,0x0,0,STT_FUNC,False,GENERAL_GRAPHICS
b612,B612,libanimation-decoder-gif.so,android_set_abort_message,android_set_abort_message,0x0,0,STT_FUNC,False,GENERAL_GRAPHICS
b612,B612,libanimation-decoder-gif.so,openlog,openlog,0x0,0,STT_FUNC,False,GENERAL_GRAPHICS
b612,B612,libanimation-decoder-gif.so,syslog,syslog,0x0,0,STT_FUNC,False,GENERAL_GRAPHICS
b612,B612,libanimation-decoder-gif.so,closelog,closelog,0x0,0,STT_FUNC,False,GENERAL_GRAPHICS
b612,B612,libanimation-decoder-gif.so,abort,abort,0x0,0,STT_FUNC,False,GENERAL_GRAPHICS
b612,B612,libanimation-decoder-gif.so,posix_memalign,posix_memalign,0x0,0,STT_FUNC,False,GENERAL_GRAPHICS
b612,B612,libanimation-decoder-gif.so,realloc,realloc,0x0,0,STT_FUNC,False,GENERAL_GRAPHICS
b612,B612,libanimation-decoder-gif.so,fprintf,fprintf,0x0,0,STT_FUNC,False,GENERAL_GRAPHICS
b612,B612,libanimation-decoder-gif.so,memcmp,memcmp,0x0,0,STT_FUNC,False,GENERAL_GRAPHICS
b612,B612,libanimation-decoder-gif.so,memmove,memmove,0x0,0,STT_FUNC,False,GENERAL_GRAPHICS
b612,B612,libanimation-decoder-gif.so,memchr,memchr,0x0,0,STT_FUNC,False,GENERAL_GRAPHICS
b612,B612,libanimation-decoder-gif.so,snprintf,snprintf,0x0,0,STT_FUNC,False,GENERAL_GRAPHICS
b612,B612,libanimation-decoder-gif.so,pthread_mutex_lock,pthread_mutex_lock,0x0,0,STT_FUNC,False,GENERAL_GRAPHICS
b612,B612,libanimation-decoder-gif.so,pthread_mutex_unlock,pthread_mutex_unlock,0x0,0,STT_FUNC,False,GENERAL_GRAPHICS
b612,B612,libanimation-decoder-gif.so,__assert2,__assert2,0x0,0,STT_FUNC,False,GENERAL_GRAPHICS
b612,B612,libanimation-decoder-gif.so,pthread_getspecific,pthread_getspecific,0x0,0,STT_FUNC,False,GENERAL_GRAPHICS
b612,B612,libanimation-decoder-gif.so,pthread_once,pthread_once,0x0,0,STT_FUNC,False,GENERAL_GRAPHICS
b612,B612,libanimation-decoder-gif.so,pthread_setspecific,pthread_setspecific,0x0,0,STT_FUNC,False,GENERAL_GRAPHICS
b612,B612,libanimation-decoder-gif.so,pthread_key_delete,pthread_key_delete,0x0,0,STT_FUNC,False,GENERAL_GRAPHICS
b612,B612,libanimation-decoder-gif.so,pthread_key_create,pthread_key_create,0x0,0,STT_FUNC,False,GENERAL_GRAPHICS
b612,B612,libanimation-decoder-gif.so,getauxval,getauxval,0x0,0,STT_FUNC,False,GENERAL_GRAPHICS
b612,B612,libanimation-decoder-gif.so,__system_property_get,__system_property_get,0x0,0,STT_FUNC,False,GENERAL_GRAPHICS
b612,B612,libanimation-decoder-gif.so,strncmp,strncmp,0x0,0,STT_FUNC,False,GENERAL_GRAPHICS
b612,B612,libanimation-decoder-gif.so,fflush,fflush,0x0,0,STT_FUNC,False,GENERAL_GRAPHICS
b612,B612,libanimation-decoder-gif.so,pthread_rwlock_wrlock,pthread_rwlock_wrlock,0x0,0,STT_FUNC,False,GENERAL_GRAPHICS
b612,B612,libanimation-decoder-gif.so,pthread_rwlock_unlock,pthread_rwlock_unlock,0x0,0,STT_FUNC,False,GENERAL_GRAPHICS
b612,B612,libapng-drawable.so,__cxa_finalize,__cxa_finalize,0x0,0,STT_FUNC,False,GENERAL_GRAPHICS
b612,B612,libapng-drawable.so,__cxa_atexit,__cxa_atexit,0x0,0,STT_FUNC,False,GENERAL_GRAPHICS
b612,B612,libapng-drawable.so,longjmp,longjmp,0x0,0,STT_FUNC,False,GENERAL_GRAPHICS
b612,B612,libapng-drawable.so,setjmp,setjmp,0x0,0,STT_FUNC,False,GENERAL_GRAPHICS
b612,B612,libapng-drawable.so,memset,memset,0x0,0,STT_FUNC,False,GENERAL_GRAPHICS
b612,B612,libapng-drawable.so,memcpy,memcpy,0x0,0,STT_FUNC,False,GENERAL_GRAPHICS
b612,B612,libapng-drawable.so,__stack_chk_fail,__stack_chk_fail,0x0,0,STT_FUNC,False,GENERAL_GRAPHICS
b612,B612,libapng-drawable.so,AndroidBitmap_lockPixels,AndroidBitmap_lockPixels,0x0,0,STT_FUNC,False,GENERAL_GRAPHICS
b612,B612,libapng-drawable.so,AndroidBitmap_getInfo,AndroidBitmap_getInfo,0x0,0,STT_FUNC,False,GENERAL_GRAPHICS
b612,B612,libapng-drawable.so,AndroidBitmap_unlockPixels,AndroidBitmap_unlockPixels,0x0,0,STT_FUNC,False,GENERAL_GRAPHICS
b612,B612,libapng-drawable.so,memcmp,memcmp,0x0,0,STT_FUNC,False,GENERAL_GRAPHICS
b612,B612,libapng-drawable.so,crc32,crc32,0x0,0,STT_FUNC,False,GENERAL_GRAPHICS
b612,B612,libapng-drawable.so,free,free,0x0,0,STT_FUNC,False,GENERAL_GRAPHICS
b612,B612,libapng-drawable.so,inflateReset,inflateReset,0x0,0,STT_FUNC,False,GENERAL_GRAPHICS
b612,B612,libapng-drawable.so,adler32,adler32,0x0,0,STT_FUNC,False,GENERAL_GRAPHICS
b612,B612,libapng-drawable.so,frexp,frexp,0x0,0,STT_FUNC,False,GENERAL_GRAPHICS
b612,B612,libapng-drawable.so,modf,modf,0x0,0,STT_FUNC,False,GENERAL_GRAPHICS
b612,B612,libapng-drawable.so,pow,pow,0x0,0,STT_FUNC,False,GENERAL_GRAPHICS
b612,B612,libapng-drawable.so,fclose,fclose,0x0,0,STT_FUNC,False,GENERAL_GRAPHICS
b612,B612,libapng-drawable.so,__sF,__sF,0x0,0,STT_OBJECT,False,GENERAL_GRAPHICS
b612,B612,libapng-drawable.so,fprintf,fprintf,0x0,0,STT_FUNC,False,GENERAL_GRAPHICS
b612,B612,libapng-drawable.so,fputc,fputc,0x0,0,STT_FUNC,False,GENERAL_GRAPHICS
b612,B612,libapng-drawable.so,abort,abort,0x0,0,STT_FUNC,False,GENERAL_GRAPHICS
b612,B612,libapng-drawable.so,atof,atof,0x0,0,STT_FUNC,False,GENERAL_GRAPHICS
b612,B612,libapng-drawable.so,malloc,malloc,0x0,0,STT_FUNC,False,GENERAL_GRAPHICS
b612,B612,libapng-drawable.so,inflateEnd,inflateEnd,0x0,0,STT_FUNC,False,GENERAL_GRAPHICS
b612,B612,libapng-drawable.so,fopen,fopen,0x0,0,STT_FUNC,False,GENERAL_GRAPHICS
b612,B612,libapng-drawable.so,__errno,__errno,0x0,0,STT_FUNC,False,GENERAL_GRAPHICS
b612,B612,libapng-drawable.so,strerror,strerror,0x0,0,STT_FUNC,False,GENERAL_GRAPHICS
b612,B612,libapng-drawable.so,fread,fread,0x0,0,STT_FUNC,False,GENERAL_GRAPHICS
b612,B612,libapng-drawable.so,inflate,inflate,0x0,0,STT_FUNC,False,GENERAL_GRAPHICS
b612,B612,libapng-drawable.so,inflateInit2_,inflateInit2_,0x0,0,STT_FUNC,False,GENERAL_GRAPHICS
b612,B612,libapng-drawable.so,inflateReset2,inflateReset2,0x0,0,STT_FUNC,False,GENERAL_GRAPHICS
b612,B612,libapng-drawable.so,strlen,strlen,0x0,0,STT_FUNC,False,GENERAL_GRAPHICS
b612,B612,libapng-drawable.so,__memcpy_chk,__memcpy_chk,0x0,0,STT_FUNC,False,GENERAL_GRAPHICS
b612,B612,libapng-drawable.so,gmtime,gmtime,0x0,0,STT_FUNC,False,GENERAL_GRAPHICS
b612,B612,libapng-drawable.so,deflateEnd,deflateEnd,0x0,0,STT_FUNC,False,GENERAL_GRAPHICS
b612,B612,libapng-drawable.so,remove,remove,0x0,0,STT_FUNC,False,GENERAL_GRAPHICS
b612,B612,libapng-drawable.so,fflush,fflush,0x0,0,STT_FUNC,False,GENERAL_GRAPHICS
b612,B612,libapng-drawable.so,ferror,ferror,0x0,0,STT_FUNC,False,GENERAL_GRAPHICS
b612,B612,libavif_android.so,__cxa_finalize,__cxa_finalize,0x0,0,STT_FUNC,False,GENERAL_GRAPHICS
b612,B612,libavif_android.so,__cxa_atexit,__cxa_atexit,0x0,0,STT_FUNC,False,GENERAL_GRAPHICS
b612,B612,libavif_android.so,__android_log_print,__android_log_print,0x0,0,STT_FUNC,False,GENERAL_GRAPHICS
b612,B612,libavif_android.so,__stack_chk_fail,__stack_chk_fail,0x0,0,STT_FUNC,False,GENERAL_GRAPHICS
b612,B612,libavif_android.so,snprintf,snprintf,0x0,0,STT_FUNC,False,GENERAL_GRAPHICS
b612,B612,libavif_android.so,AndroidBitmap_getInfo,AndroidBitmap_getInfo,0x0,0,STT_FUNC,False,GENERAL_GRAPHICS
b612,B612,libavif_android.so,AndroidBitmap_lockPixels,AndroidBitmap_lockPixels,0x0,0,STT_FUNC,False,GENERAL_GRAPHICS
b612,B612,libavif_android.so,AndroidBitmap_unlockPixels,AndroidBitmap_unlockPixels,0x0,0,STT_FUNC,False,GENERAL_GRAPHICS
b612,B612,libavif_android.so,memset,memset,0x0,0,STT_FUNC,False,GENERAL_GRAPHICS
b612,B612,libavif_android.so,memcpy,memcpy,0x0,0,STT_FUNC,False,GENERAL_GRAPHICS
b612,B612,libavif_android.so,strcmp,strcmp,0x0,0,STT_FUNC,False,GENERAL_GRAPHICS
b612,B612,libavif_android.so,memmove,memmove,0x0,0,STT_FUNC,False,GENERAL_GRAPHICS
b612,B612,libavif_android.so,strlen,strlen,0x0,0,STT_FUNC,False,GENERAL_GRAPHICS
b612,B612,libavif_android.so,vsnprintf,vsnprintf,0x0,0,STT_FUNC,False,GENERAL_GRAPHICS
b612,B612,libavif_android.so,malloc,malloc,0x0,0,STT_FUNC,False,GENERAL_GRAPHICS
b612,B612,libavif_android.so,free,free,0x0,0,STT_FUNC,False,GENERAL_GRAPHICS
b612,B612,libavif_android.so,fopen,fopen,0x0,0,STT_FUNC,False,GENERAL_GRAPHICS
b612,B612,libavif_android.so,fseek,fseek,0x0,0,STT_FUNC,False,GENERAL_GRAPHICS
b612,B612,libavif_android.so,fclose,fclose,0x0,0,STT_FUNC,False,GENERAL_GRAPHICS
b612,B612,libavif_android.so,pthread_create,pthread_create,0x0,0,STT_FUNC,False,GENERAL_GRAPHICS
b612,B612,libavif_android.so,pthread_join,pthread_join,0x0,0,STT_FUNC,False,GENERAL_GRAPHICS
b612,B612,libavif_android.so,sysconf,sysconf,0x0,0,STT_FUNC,False,GENERAL_GRAPHICS
b612,B612,libavif_android.so,posix_memalign,posix_memalign,0x0,0,STT_FUNC,False,GENERAL_GRAPHICS
b612,B612,libavif_android.so,pthread_mutex_lock,pthread_mutex_lock,0x0,0,STT_FUNC,False,GENERAL_GRAPHICS
b612,B612,libavif_android.so,pthread_cond_signal,pthread_cond_signal,0x0,0,STT_FUNC,False,GENERAL_GRAPHICS
b612,B612,libavif_android.so,pthread_mutex_unlock,pthread_mutex_unlock,0x0,0,STT_FUNC,False,GENERAL_GRAPHICS
b612,B612,libavif_android.so,pthread_cond_wait,pthread_cond_wait,0x0,0,STT_FUNC,False,GENERAL_GRAPHICS
b612,B612,libavif_android.so,pthread_once,pthread_once,0x0,0,STT_FUNC,False,GENERAL_GRAPHICS
b612,B612,libavif_android.so,pthread_attr_init,pthread_attr_init,0x0,0,STT_FUNC,False,GENERAL_GRAPHICS
b612,B612,libavif_android.so,pthread_attr_setstacksize,pthread_attr_setstacksize,0x0,0,STT_FUNC,False,GENERAL_GRAPHICS
b612,B612,libavif_android.so,pthread_attr_destroy,pthread_attr_destroy,0x0,0,STT_FUNC,False,GENERAL_GRAPHICS
b612,B612,libavif_android.so,pthread_mutex_init,pthread_mutex_init,0x0,0,STT_FUNC,False,GENERAL_GRAPHICS
b612,B612,libavif_android.so,pthread_cond_init,pthread_cond_init,0x0,0,STT_FUNC,False,GENERAL_GRAPHICS
b612,B612,libavif_android.so,calloc,calloc,0x0,0,STT_FUNC,False,GENERAL_GRAPHICS
b612,B612,libavif_android.so,pthread_cond_destroy,pthread_cond_destroy,0x0,0,STT_FUNC,False,GENERAL_GRAPHICS
b612,B612,libavif_android.so,pthread_mutex_destroy,pthread_mutex_destroy,0x0,0,STT_FUNC,False,GENERAL_GRAPHICS
b612,B612,libavif_android.so,pthread_cond_broadcast,pthread_cond_broadcast,0x0,0,STT_FUNC,False,GENERAL_GRAPHICS
b612,B612,libavif_android.so,abort,abort,0x0,0,STT_FUNC,False,GENERAL_GRAPHICS
b612,B612,libavif_android.so,memcmp,memcmp,0x0,0,STT_FUNC,False,GENERAL_GRAPHICS
b612,B612,libavif_android.so,realloc,realloc,0x0,0,STT_FUNC,False,GENERAL_GRAPHICS
b612,B612,libb612_glnativehelper.so,__cxa_finalize,__cxa_finalize,0x0,0,STT_FUNC,False,GENERAL_GRAPHICS
b612,B612,libb612_glnativehelper.so,__cxa_atexit,__cxa_atexit,0x0,0,STT_FUNC,False,GENERAL_GRAPHICS
b612,B612,libb612_glnativehelper.so,__register_atfork,__register_atfork,0x0,0,STT_FUNC,False,GENERAL_GRAPHICS
b612,B612,libb612_glnativehelper.so,eglGetProcAddress,eglGetProcAddress,0x0,0,STT_FUNC,False,GENERAL_GRAPHICS
b612,B612,libb612_glnativehelper.so,__android_log_print,__android_log_print,0x0,0,STT_FUNC,False,GENERAL_GRAPHICS
b612,B612,libb612_glnativehelper.so,eglGetError,eglGetError,0x0,0,STT_FUNC,False,GENERAL_GRAPHICS
b612,B612,libb612_glnativehelper.so,memcpy,memcpy,0x0,0,STT_FUNC,False,GENERAL_GRAPHICS
b612,B612,libb612_glnativehelper.so,malloc,malloc,0x0,0,STT_FUNC,False,GENERAL_GRAPHICS
b612,B612,libb612_glnativehelper.so,free,free,0x0,0,STT_FUNC,False,GENERAL_GRAPHICS
b612,B612,libb612_glnativehelper.so,AndroidBitmap_getInfo,AndroidBitmap_getInfo,0x0,0,STT_FUNC,False,GENERAL_GRAPHICS
b612,B612,libb612_glnativehelper.so,AndroidBitmap_lockPixels,AndroidBitmap_lockPixels,0x0,0,STT_FUNC,False,GENERAL_GRAPHICS
b612,B612,libb612_glnativehelper.so,AndroidBitmap_unlockPixels,AndroidBitmap_unlockPixels,0x0,0,STT_FUNC,False,GENERAL_GRAPHICS
b612,B612,libb612_glnativehelper.so,__stack_chk_fail,__stack_chk_fail,0x0,0,STT_FUNC,False,GENERAL_GRAPHICS
b612,B612,libb612_glnativehelper.so,glReadPixels,glReadPixels,0x0,0,STT_FUNC,False,GENERAL_GRAPHICS
b612,B612,libb612_glnativehelper.so,glTexImage2D,glTexImage2D,0x0,0,STT_FUNC,False,GENERAL_GRAPHICS
b612,B612,libb612_glnativehelper.so,vkGetInstanceProcAddr,vkGetInstanceProcAddr,0x0,0,STT_FUNC,False,GENERAL_GRAPHICS
b612,B612,libb612_glnativehelper.so,vkCreateInstance,vkCreateInstance,0x0,0,STT_FUNC,False,GENERAL_GRAPHICS
b612,B612,libb612_glnativehelper.so,vkEnumeratePhysicalDevices,vkEnumeratePhysicalDevices,0x0,0,STT_FUNC,False,GENERAL_GRAPHICS
b612,B612,libb612_glnativehelper.so,_Znwm,operator new(unsigned long),0x0,0,STT_FUNC,False,GENERAL_GRAPHICS
b612,B612,libb612_glnativehelper.so,memset,memset,0x0,0,STT_FUNC,False,GENERAL_GRAPHICS
b612,B612,libb612_glnativehelper.so,vkGetPhysicalDeviceProperties,vkGetPhysicalDeviceProperties,0x0,0,STT_FUNC,False,GENERAL_GRAPHICS
b612,B612,libb612_glnativehelper.so,vkDestroyInstance,vkDestroyInstance,0x0,0,STT_FUNC,False,GENERAL_GRAPHICS
b612,B612,libb612_glnativehelper.so,vkEnumerateDeviceExtensionProperties,vkEnumerateDeviceExtensionProperties,0x0,0,STT_FUNC,False,GENERAL_GRAPHICS
b612,B612,libb612_glnativehelper.so,strcmp,strcmp,0x0,0,STT_FUNC,False,GENERAL_GRAPHICS
b612,B612,libb612_glnativehelper.so,vkGetPhysicalDeviceMemoryProperties,vkGetPhysicalDeviceMemoryProperties,0x0,0,STT_FUNC,False,GENERAL_GRAPHICS
b612,B612,libb612_glnativehelper.so,_ZdlPv,operator delete(void*),0x0,0,STT_FUNC,False,GENERAL_GRAPHICS
b612,B612,libb612_glnativehelper.so,__gxx_personality_v0,__gxx_personality_v0,0x0,0,STT_FUNC,False,GENERAL_GRAPHICS
b612,B612,libb612_glnativehelper.so,__sF,__sF,0x0,0,STT_OBJECT,False,GENERAL_GRAPHICS
b612,B612,libb612_glnativehelper.so,fprintf,fprintf,0x0,0,STT_FUNC,False,GENERAL_GRAPHICS
b612,B612,libb612_glnativehelper.so,fflush,fflush,0x0,0,STT_FUNC,False,GENERAL_GRAPHICS
b612,B612,libb612_glnativehelper.so,abort,abort,0x0,0,STT_FUNC,False,GENERAL_GRAPHICS
b612,B612,libb612_glnativehelper.so,pthread_rwlock_wrlock,pthread_rwlock_wrlock,0x0,0,STT_FUNC,False,GENERAL_GRAPHICS
b612,B612,libb612_glnativehelper.so,pthread_rwlock_unlock,pthread_rwlock_unlock,0x0,0,STT_FUNC,False,GENERAL_GRAPHICS
b612,B612,libb612_glnativehelper.so,dl_iterate_phdr,dl_iterate_phdr,0x0,0,STT_FUNC,False,GENERAL_GRAPHICS
b612,B612,libb612_glnativehelper.so,pthread_rwlock_rdlock,pthread_rwlock_rdlock,0x0,0,STT_FUNC,False,GENERAL_GRAPHICS
b612,B612,libb612_glnativehelper.so,getpid,getpid,0x0,0,STT_FUNC,False,GENERAL_GRAPHICS
b612,B612,libb612_glnativehelper.so,syscall,syscall,0x0,0,STT_FUNC,False,GENERAL_GRAPHICS
b612,B612,libb612_glnativehelper.so,fwrite,fwrite,0x0,0,STT_FUNC,False,GENERAL_GRAPHICS
b612,B612,libb612_glnativehelper.so,Java_com_linecorp_b612_android_gl_GlFenceHelper_nativeWaitSyncFence,Java_com_linecorp_b612_android_gl_GlFenceHelper_nativeWaitSyncFence,0x340c,208,STT_FUNC,True,GENERAL_GRAPHICS
b612,B612,libb612_glnativehelper.so,_fastBoxBlurV_4,_fastBoxBlurV_4,0x3564,552,STT_FUNC,False,GENERAL_GRAPHICS
b612,B612,libbarhopper_v3.so,__cxa_finalize,__cxa_finalize,0x0,0,STT_FUNC,False,GENERAL_GRAPHICS
b612,B612,libbarhopper_v3.so,__cxa_atexit,__cxa_atexit,0x0,0,STT_FUNC,False,GENERAL_GRAPHICS
b612,B612,libbarhopper_v3.so,AndroidBitmap_getInfo,AndroidBitmap_getInfo,0x0,0,STT_FUNC,False,GENERAL_GRAPHICS
b612,B612,libbarhopper_v3.so,AndroidBitmap_lockPixels,AndroidBitmap_lockPixels,0x0,0,STT_FUNC,False,GENERAL_GRAPHICS
b612,B612,libbarhopper_v3.so,AndroidBitmap_unlockPixels,AndroidBitmap_unlockPixels,0x0,0,STT_FUNC,False,GENERAL_GRAPHICS
b612,B612,libbarhopper_v3.so,strlen,strlen,0x0,0,STT_FUNC,False,GENERAL_GRAPHICS
b612,B612,libbarhopper_v3.so,__stack_chk_fail,__stack_chk_fail,0x0,0,STT_FUNC,False,GENERAL_GRAPHICS
b612,B612,libbarhopper_v3.so,memset,memset,0x0,0,STT_FUNC,False,GENERAL_GRAPHICS
b612,B612,libbarhopper_v3.so,memmove,memmove,0x0,0,STT_FUNC,False,GENERAL_GRAPHICS
b612,B612,libbarhopper_v3.so,sincosf,sincosf,0x0,0,STT_FUNC,False,GENERAL_GRAPHICS
b612,B612,libbarhopper_v3.so,malloc,malloc,0x0,0,STT_FUNC,False,GENERAL_GRAPHICS
b612,B612,libbarhopper_v3.so,free,free,0x0,0,STT_FUNC,False,GENERAL_GRAPHICS
b612,B612,libbarhopper_v3.so,strncmp,strncmp,0x0,0,STT_FUNC,False,GENERAL_GRAPHICS
b612,B612,libbarhopper_v3.so,memcpy,memcpy,0x0,0,STT_FUNC,False,GENERAL_GRAPHICS
b612,B612,libbarhopper_v3.so,expf,expf,0x0,0,STT_FUNC,False,GENERAL_GRAPHICS
b612,B612,libbarhopper_v3.so,logf,logf,0x0,0,STT_FUNC,False,GENERAL_GRAPHICS
b612,B612,libbarhopper_v3.so,exp,exp,0x0,0,STT_FUNC,False,GENERAL_GRAPHICS
b612,B612,libbarhopper_v3.so,atan2f,atan2f,0x0,0,STT_FUNC,False,GENERAL_GRAPHICS
b612,B612,libbarhopper_v3.so,fopen,fopen,0x0,0,STT_FUNC,False,GENERAL_GRAPHICS
b612,B612,libbarhopper_v3.so,strstr,strstr,0x0,0,STT_FUNC,False,GENERAL_GRAPHICS
b612,B612,libbarhopper_v3.so,fclose,fclose,0x0,0,STT_FUNC,False,GENERAL_GRAPHICS
b612,B612,libbarhopper_v3.so,memchr,memchr,0x0,0,STT_FUNC,False,GENERAL_GRAPHICS
b612,B612,libbarhopper_v3.so,strcmp,strcmp,0x0,0,STT_FUNC,False,GENERAL_GRAPHICS
b612,B612,libbarhopper_v3.so,getauxval,getauxval,0x0,0,STT_FUNC,False,GENERAL_GRAPHICS
b612,B612,libbarhopper_v3.so,ldexp,ldexp,0x0,0,STT_FUNC,False,GENERAL_GRAPHICS
b612,B612,libbarhopper_v3.so,sin,sin,0x0,0,STT_FUNC,False,GENERAL_GRAPHICS
b612,B612,libbarhopper_v3.so,acos,acos,0x0,0,STT_FUNC,False,GENERAL_GRAPHICS
b612,B612,libbarhopper_v3.so,ilogb,ilogb,0x0,0,STT_FUNC,False,GENERAL_GRAPHICS
b612,B612,libbarhopper_v3.so,atan2,atan2,0x0,0,STT_FUNC,False,GENERAL_GRAPHICS
b612,B612,libbarhopper_v3.so,asin,asin,0x0,0,STT_FUNC,False,GENERAL_GRAPHICS
b612,B612,libbarhopper_v3.so,memcmp,memcmp,0x0,0,STT_FUNC,False,GENERAL_GRAPHICS
b612,B612,libbarhopper_v3.so,sincos,sincos,0x0,0,STT_FUNC,False,GENERAL_GRAPHICS
b612,B612,libbarhopper_v3.so,remainder,remainder,0x0,0,STT_FUNC,False,GENERAL_GRAPHICS
b612,B612,libbarhopper_v3.so,cos,cos,0x0,0,STT_FUNC,False,GENERAL_GRAPHICS
b612,B612,libbarhopper_v3.so,sqrtl,sqrtl,0x0,0,STT_FUNC,False,GENERAL_GRAPHICS
b612,B612,libbarhopper_v3.so,tan,tan,0x0,0,STT_FUNC,False,GENERAL_GRAPHICS
b612,B612,libbarhopper_v3.so,atan,atan,0x0,0,STT_FUNC,False,GENERAL_GRAPHICS
b612,B612,libbarhopper_v3.so,nextafter,nextafter,0x0,0,STT_FUNC,False,GENERAL_GRAPHICS
b612,B612,libbarhopper_v3.so,frexp,frexp,0x0,0,STT_FUNC,False,GENERAL_GRAPHICS
b612,B612,libbarhopper_v3.so,__errno,__errno,0x0,0,STT_FUNC,False,GENERAL_GRAPHICS
b612,B612,libffmpegencoder.so,__cxa_finalize,__cxa_finalize,0x0,0,STT_FUNC,False,Video
b612,B612,libffmpegencoder.so,__cxa_atexit,__cxa_atexit,0x0,0,STT_FUNC,False,Video
b612,B612,libffmpegencoder.so,__register_atfork,__register_atfork,0x0,0,STT_FUNC,False,Video
b612,B612,libffmpegencoder.so,__vsprintf_chk,__vsprintf_chk,0x0,0,STT_FUNC,False,Video
b612,B612,libffmpegencoder.so,__android_log_print,__android_log_print,0x0,0,STT_FUNC,False,Video
b612,B612,libffmpegencoder.so,__stack_chk_fail,__stack_chk_fail,0x0,0,STT_FUNC,False,Video
b612,B612,libffmpegencoder.so,signal,signal,0x0,0,STT_FUNC,False,Video
b612,B612,libffmpegencoder.so,stderr,stderr,0x0,0,STT_OBJECT,False,Video
b612,B612,libffmpegencoder.so,strcmp,strcmp,0x0,0,STT_FUNC,False,Video
b612,B612,libffmpegencoder.so,__errno,__errno,0x0,0,STT_FUNC,False,Video
b612,B612,libffmpegencoder.so,__FD_SET_chk,__FD_SET_chk,0x0,0,STT_FUNC,False,Video
b612,B612,libffmpegencoder.so,__strlen_chk,__strlen_chk,0x0,0,STT_FUNC,False,Video
b612,B612,libffmpegencoder.so,log10,log10,0x0,0,STT_FUNC,False,Video
b612,B612,libffmpegencoder.so,strlen,strlen,0x0,0,STT_FUNC,False,Video
b612,B612,libffmpegencoder.so,strncmp,strncmp,0x0,0,STT_FUNC,False,Video
b612,B612,libffmpegencoder.so,strchr,strchr,0x0,0,STT_FUNC,False,Video
b612,B612,libffmpegencoder.so,stdout,stdout,0x0,0,STT_OBJECT,False,Video
b612,B612,libffmpegencoder.so,__vsnprintf_chk,__vsnprintf_chk,0x0,0,STT_FUNC,False,Video
b612,B612,libffmpegencoder.so,__strchr_chk,__strchr_chk,0x0,0,STT_FUNC,False,Video
b612,B612,libffmpegencoder.so,getenv,getenv,0x0,0,STT_FUNC,False,Video
b612,B612,libffmpegencoder.so,__strncpy_chk2,__strncpy_chk2,0x0,0,STT_FUNC,False,Video
b612,B612,libffmpegencoder.so,strrchr,strrchr,0x0,0,STT_FUNC,False,Video
b612,B612,libffmpegencoder.so,deflateInit2_,deflateInit2_,0x0,0,STT_FUNC,False,Video
b612,B612,libffmpegencoder.so,deflateBound,deflateBound,0x0,0,STT_FUNC,False,Video
b612,B612,libffmpegencoder.so,deflateEnd,deflateEnd,0x0,0,STT_FUNC,False,Video
b612,B612,libffmpegencoder.so,inflateEnd,inflateEnd,0x0,0,STT_FUNC,False,Video
b612,B612,libffmpegencoder.so,deflate,deflate,0x0,0,STT_FUNC,False,Video
b612,B612,libffmpegencoder.so,inflateInit_,inflateInit_,0x0,0,STT_FUNC,False,Video
b612,B612,libffmpegencoder.so,inflate,inflate,0x0,0,STT_FUNC,False,Video
b612,B612,libffmpegencoder.so,uncompress,uncompress,0x0,0,STT_FUNC,False,Video
b612,B612,libffmpegencoder.so,deflateReset,deflateReset,0x0,0,STT_FUNC,False,Video
b612,B612,libffmpegencoder.so,strcpy,strcpy,0x0,0,STT_FUNC,False,Video
b612,B612,libffmpegencoder.so,__strrchr_chk,__strrchr_chk,0x0,0,STT_FUNC,False,Video
b612,B612,libffmpegencoder.so,hypot,hypot,0x0,0,STT_FUNC,False,Video
b612,B612,libffmpegencoder.so,__memcpy_chk,__memcpy_chk,0x0,0,STT_FUNC,False,Video
b612,B612,libffmpegencoder.so,__read_chk,__read_chk,0x0,0,STT_FUNC,False,Video
b612,B612,libffmpegencoder.so,__write_chk,__write_chk,0x0,0,STT_FUNC,False,Video
b612,B612,libffmpegencoder.so,close,close,0x0,0,STT_FUNC,False,Video
b612,B612,libffmpegencoder.so,sin,sin,0x0,0,STT_FUNC,False,Video
b612,B612,libffmpegencoder.so,asin,asin,0x0,0,STT_FUNC,False,Video
b612,B612,libffmpeghandler.so,__cxa_finalize,__cxa_finalize,0x0,0,STT_FUNC,False,Video
b612,B612,libffmpeghandler.so,__cxa_atexit,__cxa_atexit,0x0,0,STT_FUNC,False,Video
b612,B612,libffmpeghandler.so,JNI_load,JNI_load,0x0,0,STT_FUNC,False,Video
b612,B612,libffmpeghandler.so,enableLog,enableLog,0x0,0,STT_FUNC,False,Video
b612,B612,libffmpeghandler.so,initEncoder,initEncoder,0x0,0,STT_FUNC,False,Video
b612,B612,libffmpeghandler.so,initEncoderWithBitrate,initEncoderWithBitrate,0x0,0,STT_FUNC,False,Video
b612,B612,libffmpeghandler.so,allocFrame,allocFrame,0x0,0,STT_FUNC,False,Video
b612,B612,libffmpeghandler.so,allocFrameWithBuffer,allocFrameWithBuffer,0x0,0,STT_FUNC,False,Video
b612,B612,libffmpeghandler.so,freeFrameWithoutBuffer,freeFrameWithoutBuffer,0x0,0,STT_FUNC,False,Video
b612,B612,libffmpeghandler.so,updateFramePts,updateFramePts,0x0,0,STT_FUNC,False,Video
b612,B612,libffmpeghandler.so,getFramePts,getFramePts,0x0,0,STT_FUNC,False,Video
b612,B612,libffmpeghandler.so,allocMuxer,allocMuxer,0x0,0,STT_FUNC,False,Video
b612,B612,libffmpeghandler.so,writeFrameIntoMuxer,writeFrameIntoMuxer,0x0,0,STT_FUNC,False,Video
b612,B612,libffmpeghandler.so,closeAndFreeMuxer,closeAndFreeMuxer,0x0,0,STT_FUNC,False,Video
b612,B612,libffmpeghandler.so,freeFrame,freeFrame,0x0,0,STT_FUNC,False,Video
b612,B612,libffmpeghandler.so,allocPkt,allocPkt,0x0,0,STT_FUNC,False,Video
b612,B612,libffmpeghandler.so,freePkt,freePkt,0x0,0,STT_FUNC,False,Video
b612,B612,libffmpeghandler.so,writeCodec,writeCodec,0x0,0,STT_FUNC,False,Video
b612,B612,libffmpeghandler.so,writeToImage,writeToImage,0x0,0,STT_FUNC,False,Video
b612,B612,libffmpeghandler.so,writeToImageFromArray,writeToImageFromArray,0x0,0,STT_FUNC,False,Video
b612,B612,libffmpeghandler.so,drawFrameToFrame,drawFrameToFrame,0x0,0,STT_FUNC,False,Video
b612,B612,libffmpeghandler.so,drawFrameToFrame_SectionType25_0,drawFrameToFrame_SectionType25_0,0x0,0,STT_FUNC,False,Video
b612,B612,libffmpeghandler.so,drawFrameToFrame_SectionType25_1,drawFrameToFrame_SectionType25_1,0x0,0,STT_FUNC,False,Video
b612,B612,libffmpeghandler.so,drawFrameToFrame_SectionType27,drawFrameToFrame_SectionType27,0x0,0,STT_FUNC,False,Video
b612,B612,libffmpeghandler.so,closeCodec,closeCodec,0x0,0,STT_FUNC,False,Video
b612,B612,libffmpeghandler.so,allocRGBAToYUV420PSwsContext,allocRGBAToYUV420PSwsContext,0x0,0,STT_FUNC,False,Video
b612,B612,libffmpeghandler.so,convertRGBAToYUV420PSwsContext,convertRGBAToYUV420PSwsContext,0x0,0,STT_FUNC,False,Video
b612,B612,libffmpeghandler.so,freeSwsContext,freeSwsContext,0x0,0,STT_FUNC,False,Video
b612,B612,libffmpeghandler.so,initDecoder,initDecoder,0x0,0,STT_FUNC,False,Video
b612,B612,libffmpeghandler.so,readFromDecoder,readFromDecoder,0x0,0,STT_FUNC,False,Video
b612,B612,libffmpeghandler.so,closeDecoder,closeDecoder,0x0,0,STT_FUNC,False,Video
b612,B612,libffmpeghandler.so,copyFrame,copyFrame,0x0,0,STT_FUNC,False,Video
b612,B612,libffmpeghandler.so,drawYAndMaybeDrawUV,drawYAndMaybeDrawUV,0x0,0,STT_FUNC,False,Video
b612,B612,libffmpeghandler.so,malloc,malloc,0x0,0,STT_FUNC,False,Video
b612,B612,libffmpeghandler.so,ffmpeg_main,ffmpeg_main,0x0,0,STT_FUNC,False,Video
b612,B612,libffmpeghandler.so,free,free,0x0,0,STT_FUNC,False,Video
b612,B612,libffmpeghandler.so,frameToArgb,frameToArgb,0x0,0,STT_FUNC,False,Video
b612,B612,libffmpeghandler.so,AndroidBitmap_getInfo,AndroidBitmap_getInfo,0x0,0,STT_FUNC,False,Video
b612,B612,libffmpeghandler.so,AndroidBitmap_lockPixels,AndroidBitmap_lockPixels,0x0,0,STT_FUNC,False,Video
b612,B612,libffmpeghandler.so,__android_log_print,__android_log_print,0x0,0,STT_FUNC,False,Video
b612,B612,libglide-webp.so,pthread_mutex_destroy,pthread_mutex_destroy,0x0,0,STT_FUNC,False,GENERAL_GRAPHICS
b612,B612,libglide-webp.so,pthread_create,pthread_create,0x0,0,STT_FUNC,False,GENERAL_GRAPHICS
b612,B612,libglide-webp.so,pthread_join,pthread_join,0x0,0,STT_FUNC,False,GENERAL_GRAPHICS
b612,B612,libglide-webp.so,realloc,realloc,0x0,0,STT_FUNC,False,GENERAL_GRAPHICS
b612,B612,libglide-webp.so,pthread_key_create,pthread_key_create,0x0,0,STT_FUNC,False,GENERAL_GRAPHICS
b612,B612,libglide-webp.so,__vsnprintf_chk,__vsnprintf_chk,0x0,0,STT_FUNC,False,GENERAL_GRAPHICS
b612,B612,libglide-webp.so,pthread_once,pthread_once,0x0,0,STT_FUNC,False,GENERAL_GRAPHICS
b612,B612,libglide-webp.so,__cxa_finalize,__cxa_finalize,0x0,0,STT_FUNC,False,GENERAL_GRAPHICS
b612,B612,libglide-webp.so,calloc,calloc,0x0,0,STT_FUNC,False,GENERAL_GRAPHICS
b612,B612,libglide-webp.so,syslog,syslog,0x0,0,STT_FUNC,False,GENERAL_GRAPHICS
b612,B612,libglide-webp.so,pthread_cond_destroy,pthread_cond_destroy,0x0,0,STT_FUNC,False,GENERAL_GRAPHICS
b612,B612,libglide-webp.so,posix_memalign,posix_memalign,0x0,0,STT_FUNC,False,GENERAL_GRAPHICS
b612,B612,libglide-webp.so,__strlen_chk,__strlen_chk,0x0,0,STT_FUNC,False,GENERAL_GRAPHICS
b612,B612,libglide-webp.so,pthread_mutex_init,pthread_mutex_init,0x0,0,STT_FUNC,False,GENERAL_GRAPHICS
b612,B612,libglide-webp.so,pthread_cond_init,pthread_cond_init,0x0,0,STT_FUNC,False,GENERAL_GRAPHICS
b612,B612,libglide-webp.so,abort,abort,0x0,0,STT_FUNC,False,GENERAL_GRAPHICS
b612,B612,libglide-webp.so,vsnprintf,vsnprintf,0x0,0,STT_FUNC,False,GENERAL_GRAPHICS
b612,B612,libglide-webp.so,__memcpy_chk,__memcpy_chk,0x0,0,STT_FUNC,False,GENERAL_GRAPHICS
b612,B612,libglide-webp.so,dl_iterate_phdr,dl_iterate_phdr,0x0,0,STT_FUNC,False,GENERAL_GRAPHICS
b612,B612,libglide-webp.so,android_set_abort_message,android_set_abort_message,0x0,0,STT_FUNC,False,GENERAL_GRAPHICS
b612,B612,libglide-webp.so,islower,islower,0x0,0,STT_FUNC,False,GENERAL_GRAPHICS
b612,B612,libglide-webp.so,__memmove_chk,__memmove_chk,0x0,0,STT_FUNC,False,GENERAL_GRAPHICS
b612,B612,libglide-webp.so,__sF,__sF,0x0,0,STT_OBJECT,False,GENERAL_GRAPHICS
b612,B612,libglide-webp.so,fputc,fputc,0x0,0,STT_FUNC,False,GENERAL_GRAPHICS
b612,B612,libglide-webp.so,__stack_chk_fail,__stack_chk_fail,0x0,0,STT_FUNC,False,GENERAL_GRAPHICS
b612,B612,libglide-webp.so,pthread_cond_wait,pthread_cond_wait,0x0,0,STT_FUNC,False,GENERAL_GRAPHICS
b612,B612,libglide-webp.so,pthread_setspecific,pthread_setspecific,0x0,0,STT_FUNC,False,GENERAL_GRAPHICS
b612,B612,libglide-webp.so,AndroidBitmap_getInfo,AndroidBitmap_getInfo,0x0,0,STT_FUNC,False,GENERAL_GRAPHICS
b612,B612,libglide-webp.so,AndroidBitmap_lockPixels,AndroidBitmap_lockPixels,0x0,0,STT_FUNC,False,GENERAL_GRAPHICS
b612,B612,libglide-webp.so,openlog,openlog,0x0,0,STT_FUNC,False,GENERAL_GRAPHICS
b612,B612,libglide-webp.so,__android_log_print,__android_log_print,0x0,0,STT_FUNC,False,GENERAL_GRAPHICS
b612,B612,libglide-webp.so,AndroidBitmap_unlockPixels,AndroidBitmap_unlockPixels,0x0,0,STT_FUNC,False,GENERAL_GRAPHICS
b612,B612,libglide-webp.so,strcmp,strcmp,0x0,0,STT_FUNC,False,GENERAL_GRAPHICS
b612,B612,libglide-webp.so,pthread_mutex_lock,pthread_mutex_lock,0x0,0,STT_FUNC,False,GENERAL_GRAPHICS
b612,B612,libglide-webp.so,closelog,closelog,0x0,0,STT_FUNC,False,GENERAL_GRAPHICS
b612,B612,libglide-webp.so,pthread_getspecific,pthread_getspecific,0x0,0,STT_FUNC,False,GENERAL_GRAPHICS
b612,B612,libglide-webp.so,memmove,memmove,0x0,0,STT_FUNC,False,GENERAL_GRAPHICS
b612,B612,libglide-webp.so,isxdigit,isxdigit,0x0,0,STT_FUNC,False,GENERAL_GRAPHICS
b612,B612,libglide-webp.so,strlen,strlen,0x0,0,STT_FUNC,False,GENERAL_GRAPHICS
b612,B612,libglide-webp.so,vasprintf,vasprintf,0x0,0,STT_FUNC,False,GENERAL_GRAPHICS
b612,B612,libimage_processing_util_jni.so,__cxa_finalize,__cxa_finalize,0x0,0,STT_FUNC,False,IMAGE_IO
b612,B612,libimage_processing_util_jni.so,__cxa_atexit,__cxa_atexit,0x0,0,STT_FUNC,False,IMAGE_IO
b612,B612,libimage_processing_util_jni.so,AndroidBitmap_lockPixels,AndroidBitmap_lockPixels,0x0,0,STT_FUNC,False,IMAGE_IO
b612,B612,libimage_processing_util_jni.so,AndroidBitmap_unlockPixels,AndroidBitmap_unlockPixels,0x0,0,STT_FUNC,False,IMAGE_IO
b612,B612,libimage_processing_util_jni.so,ANativeWindow_fromSurface,ANativeWindow_fromSurface,0x0,0,STT_FUNC,False,IMAGE_IO
b612,B612,libimage_processing_util_jni.so,__android_log_print,__android_log_print,0x0,0,STT_FUNC,False,IMAGE_IO
b612,B612,libimage_processing_util_jni.so,ANativeWindow_setBuffersGeometry,ANativeWindow_setBuffersGeometry,0x0,0,STT_FUNC,False,IMAGE_IO
b612,B612,libimage_processing_util_jni.so,ANativeWindow_lock,ANativeWindow_lock,0x0,0,STT_FUNC,False,IMAGE_IO
b612,B612,libimage_processing_util_jni.so,ANativeWindow_release,ANativeWindow_release,0x0,0,STT_FUNC,False,IMAGE_IO
b612,B612,libimage_processing_util_jni.so,ANativeWindow_unlockAndPost,ANativeWindow_unlockAndPost,0x0,0,STT_FUNC,False,IMAGE_IO
b612,B612,libimage_processing_util_jni.so,malloc,malloc,0x0,0,STT_FUNC,False,IMAGE_IO
b612,B612,libimage_processing_util_jni.so,free,free,0x0,0,STT_FUNC,False,IMAGE_IO
b612,B612,libimage_processing_util_jni.so,__stack_chk_fail,__stack_chk_fail,0x0,0,STT_FUNC,False,IMAGE_IO
b612,B612,libimage_processing_util_jni.so,memcpy,memcpy,0x0,0,STT_FUNC,False,IMAGE_IO
b612,B612,libimage_processing_util_jni.so,__memcpy_chk,__memcpy_chk,0x0,0,STT_FUNC,False,IMAGE_IO
b612,B612,libimage_processing_util_jni.so,memmove,memmove,0x0,0,STT_FUNC,False,IMAGE_IO
b612,B612,libimage_processing_util_jni.so,Java_androidx_camera_core_ImageProcessingUtil_nativeCopyBetweenByteBufferAndBitmap,Java_androidx_camera_core_ImageProcessingUtil_nativeCopyBetweenByteBufferAndBitmap,0x52c0,244,STT_FUNC,True,IMAGE_IO
b612,B612,libimage_processing_util_jni.so,Java_androidx_camera_core_ImageProcessingUtil_nativeShiftPixel,Java_androidx_camera_core_ImageProcessingUtil_nativeShiftPixel,0x53b4,440,STT_FUNC,True,IMAGE_IO
b612,B612,libimage_processing_util_jni.so,Java_androidx_camera_core_ImageProcessingUtil_nativeWriteJpegToSurface,Java_androidx_camera_core_ImageProcessingUtil_nativeWriteJpegToSurface,0x556c,360,STT_FUNC,True,IMAGE_IO
b612,B612,libimage_processing_util_jni.so,Java_androidx_camera_core_ImageProcessingUtil_nativeConvertAndroid420ToABGR,Java_androidx_camera_core_ImageProcessingUtil_nativeConvertAndroid420ToABGR,0x56d4,1172,STT_FUNC,True,IMAGE_IO
b612,B612,libimage_processing_util_jni.so,Java_androidx_camera_core_ImageProcessingUtil_nativeConvertAndroid420ToBitmap,Java_androidx_camera_core_ImageProcessingUtil_nativeConvertAndroid420ToBitmap,0x5b68,332,STT_FUNC,True,IMAGE_IO
b612,B612,libimage_processing_util_jni.so,Java_androidx_camera_core_ImageProcessingUtil_nativeRotateYUV,Java_androidx_camera_core_ImageProcessingUtil_nativeRotateYUV,0x5cb4,2020,STT_FUNC,True,IMAGE_IO
b612,B612,libimageutils.so,__cxa_finalize,__cxa_finalize,0x0,0,STT_FUNC,False,IMAGE_IO
b612,B612,libimageutils.so,__cxa_atexit,__cxa_atexit,0x0,0,STT_FUNC,False,IMAGE_IO
b612,B612,libimageutils.so,__register_atfork,__register_atfork,0x0,0,STT_FUNC,False,IMAGE_IO
b612,B612,libimageutils.so,malloc,malloc,0x0,0,STT_FUNC,False,IMAGE_IO
b612,B612,libimageutils.so,free,free,0x0,0,STT_FUNC,False,IMAGE_IO
b612,B612,libimageutils.so,AndroidBitmap_getInfo,AndroidBitmap_getInfo,0x0,0,STT_FUNC,False,IMAGE_IO
b612,B612,libimageutils.so,AndroidBitmap_lockPixels,AndroidBitmap_lockPixels,0x0,0,STT_FUNC,False,IMAGE_IO
b612,B612,libimageutils.so,__android_log_print,__android_log_print,0x0,0,STT_FUNC,False,IMAGE_IO
b612,B612,libimageutils.so,AndroidBitmap_unlockPixels,AndroidBitmap_unlockPixels,0x0,0,STT_FUNC,False,IMAGE_IO
b612,B612,libimageutils.so,__stack_chk_fail,__stack_chk_fail,0x0,0,STT_FUNC,False,IMAGE_IO
b612,B612,libimageutils.so,memcpy,memcpy,0x0,0,STT_FUNC,False,IMAGE_IO
b612,B612,libimageutils.so,_Znam,operator new[](unsigned long),0x0,0,STT_FUNC,False,IMAGE_IO
b612,B612,libimageutils.so,I420Scale,I420Scale,0x0,0,STT_FUNC,False,IMAGE_IO
b612,B612,libimageutils.so,_ZdaPv,operator delete[](void*),0x0,0,STT_FUNC,False,IMAGE_IO
b612,B612,libimageutils.so,I420ToNV21,I420ToNV21,0x0,0,STT_FUNC,False,IMAGE_IO
b612,B612,libimageutils.so,I420Rotate,I420Rotate,0x0,0,STT_FUNC,False,IMAGE_IO
b612,B612,libimageutils.so,NV12ToI420Rotate,NV12ToI420Rotate,0x0,0,STT_FUNC,False,IMAGE_IO
b612,B612,libimageutils.so,I420ToNV12,I420ToNV12,0x0,0,STT_FUNC,False,IMAGE_IO
b612,B612,libimageutils.so,Java_com_linecorp_kuru_utils_NativeImageUtils_yuvToyuv420,Java_com_linecorp_kuru_utils_NativeImageUtils_yuvToyuv420,0x3230,248,STT_FUNC,True,IMAGE_IO
b612,B612,libimageutils.so,Java_com_linecorp_kuru_utils_NativeImageUtils_nv21ToRgb,Java_com_linecorp_kuru_utils_NativeImageUtils_nv21ToRgb,0x341c,440,STT_FUNC,True,IMAGE_IO
b612,B612,libimageutils.so,Java_com_linecorp_kuru_utils_NativeImageUtils_free,Java_com_linecorp_kuru_utils_NativeImageUtils_free,0x1568,8,STT_FUNC,True,IMAGE_IO
b612,B612,libimageutils.so,Java_com_linecorp_kuru_utils_NativeImageUtils_bitmapToNativeArray,Java_com_linecorp_kuru_utils_NativeImageUtils_bitmapToNativeArray,0x169c,280,STT_FUNC,True,IMAGE_IO
b612,B612,libimageutils.so,encodeYuv420,encodeYuv420,0x18ec,248,STT_FUNC,False,IMAGE_IO
b612,B612,libimageutils.so,Java_com_linecorp_kuru_utils_NativeImageUtils_yuvToNv21,Java_com_linecorp_kuru_utils_NativeImageUtils_yuvToNv21,0x19e4,1212,STT_FUNC,True,IMAGE_IO
b612,B612,libimageutils.so,getRotateMode,getRotateMode,0x218c,32,STT_FUNC,False,IMAGE_IO
b612,B612,libimageutils.so,Java_com_linecorp_kuru_utils_NativeImageUtils_nv21Rotate,Java_com_linecorp_kuru_utils_NativeImageUtils_nv21Rotate,0x2dbc,1040,STT_FUNC,True,IMAGE_IO
b612,B612,libimageutils.so,Java_com_linecorp_kuru_utils_NativeImageUtils_fillTestRgb,Java_com_linecorp_kuru_utils_NativeImageUtils_fillTestRgb,0x3328,244,STT_FUNC,True,IMAGE_IO
b612,B612,libimageutils.so,Java_com_linecorp_kuru_utils_NativeImageUtils_yuvToRgb,Java_com_linecorp_kuru_utils_NativeImageUtils_yuvToRgb,0x35d4,3640,STT_FUNC,True,IMAGE_IO
b612,B612,libimageutils.so,encodeNv21,encodeNv21,0x17dc,168,STT_FUNC,False,IMAGE_IO
b612,B612,libimageutils.so,buildBufferSize,buildBufferSize,0x1884,104,STT_FUNC,False,IMAGE_IO
b612,B612,libimageutils.so,Java_com_linecorp_kuru_utils_NativeImageUtils_yuv420ToNv21Rotate,Java_com_linecorp_kuru_utils_NativeImageUtils_yuv420ToNv21Rotate,0x21ac,3088,STT_FUNC,True,IMAGE_IO
b612,B612,libimageutils.so,Java_com_linecorp_kuru_utils_NativeImageUtils_getArray,Java_com_linecorp_kuru_utils_NativeImageUtils_getArray,0x31cc,100,STT_FUNC,True,IMAGE_IO
b612,B612,libimageutils.so,Java_com_linecorp_kuru_utils_NativeImageUtils_malloc,Java_com_linecorp_kuru_utils_NativeImageUtils_malloc,0x1560,8,STT_FUNC,True,IMAGE_IO
b612,B612,libimageutils.so,Java_com_linecorp_kuru_utils_NativeImageUtils_renderToBitmap,Java_com_linecorp_kuru_utils_NativeImageUtils_renderToBitmap,0x1570,300,STT_FUNC,True,IMAGE_IO
b612,B612,libimageutils.so,isYuvPoint,isYuvPoint,0x17b4,40,STT_FUNC,False,IMAGE_IO
b612,B612,libimageutils.so,Java_com_linecorp_kuru_utils_NativeImageUtils_yuv420ToNv21,Java_com_linecorp_kuru_utils_NativeImageUtils_yuv420ToNv21,0x1ea0,748,STT_FUNC,True,IMAGE_IO
b612,B612,libkuru.so,__cxa_finalize,__cxa_finalize,0x0,0,STT_FUNC,False,GENERAL_GRAPHICS
b612,B612,libkuru.so,__cxa_atexit,__cxa_atexit,0x0,0,STT_FUNC,False,GENERAL_GRAPHICS
b612,B612,libkuru.so,__register_atfork,__register_atfork,0x0,0,STT_FUNC,False,GENERAL_GRAPHICS
b612,B612,libkuru.so,gmtime,gmtime,0x0,0,STT_FUNC,False,GENERAL_GRAPHICS
b612,B612,libkuru.so,__gxx_personality_v0,__gxx_personality_v0,0x0,0,STT_FUNC,False,GENERAL_GRAPHICS
b612,B612,libkuru.so,_ZNSt6__ndk113basic_ostreamIcNS_11char_traitsIcEEElsEi,"std::__ndk1::basic_ostream<char, std::__ndk1::char_traits<char>>::operator<<(int)",0x0,0,STT_FUNC,False,GENERAL_GRAPHICS
b612,B612,libkuru.so,_ZNSt6__ndk14stoiERKNS_12basic_stringIcNS_11char_traitsIcEENS_9allocatorIcEEEEPmi,"std::__ndk1::stoi(std::__ndk1::basic_string<char, std::__ndk1::char_traits<char>, std::__ndk1::allocator<char>> const&, unsigned long*, int)",0x0,0,STT_FUNC,False,GENERAL_GRAPHICS
b612,B612,libkuru.so,_ZNSt6__ndk112basic_stringIcNS_11char_traitsIcEENS_9allocatorIcEEED2Ev,"std::__ndk1::basic_string<char, std::__ndk1::char_traits<char>, std::__ndk1::allocator<char>>::~basic_string()",0x0,0,STT_FUNC,False,GENERAL_GRAPHICS
b612,B612,libkuru.so,__cxa_begin_catch,__cxa_begin_catch,0x0,0,STT_FUNC,False,GENERAL_GRAPHICS
b612,B612,libkuru.so,__cxa_end_catch,__cxa_end_catch,0x0,0,STT_FUNC,False,GENERAL_GRAPHICS
b612,B612,libkuru.so,_ZNSt6__ndk16chrono12system_clock3nowEv,std::__ndk1::chrono::system_clock::now(),0x0,0,STT_FUNC,False,GENERAL_GRAPHICS
b612,B612,libkuru.so,localtime,localtime,0x0,0,STT_FUNC,False,GENERAL_GRAPHICS
b612,B612,libkuru.so,_ZNSt6__ndk113basic_ostreamIcNS_11char_traitsIcEEElsEx,"std::__ndk1::basic_ostream<char, std::__ndk1::char_traits<char>>::operator<<(long long)",0x0,0,STT_FUNC,False,GENERAL_GRAPHICS
b612,B612,libkuru.so,atan2,atan2,0x0,0,STT_FUNC,False,GENERAL_GRAPHICS
b612,B612,libkuru.so,__cxa_guard_acquire,__cxa_guard_acquire,0x0,0,STT_FUNC,False,GENERAL_GRAPHICS
b612,B612,libkuru.so,__cxa_guard_abort,__cxa_guard_abort,0x0,0,STT_FUNC,False,GENERAL_GRAPHICS
b612,B612,libkuru.so,__cxa_guard_release,__cxa_guard_release,0x0,0,STT_FUNC,False,GENERAL_GRAPHICS
b612,B612,libkuru.so,_ZSt9terminatev,std::terminate(),0x0,0,STT_FUNC,False,GENERAL_GRAPHICS
b612,B612,libkuru.so,_ZN2cv3MatC1EiiiPvm,"cv::Mat::Mat(int, int, int, void*, unsigned long)",0x0,0,STT_FUNC,False,GENERAL_GRAPHICS
b612,B612,libkuru.so,_ZN2cv3MatD1Ev,cv::Mat::~Mat(),0x0,0,STT_FUNC,False,GENERAL_GRAPHICS
b612,B612,libkuru.so,_ZN2cv3MatC1Ev,cv::Mat::Mat(),0x0,0,STT_FUNC,False,GENERAL_GRAPHICS
b612,B612,libkuru.so,_ZNK2cv3Mat5cloneEv,cv::Mat::clone() const,0x0,0,STT_FUNC,False,GENERAL_GRAPHICS
b612,B612,libkuru.so,_ZN2cv3MataSEOS0_,cv::Mat::operator=(cv::Mat&&),0x0,0,STT_FUNC,False,GENERAL_GRAPHICS
b612,B612,libkuru.so,_ZNK2cv3Mat9convertToERKNS_12_OutputArrayEidd,"cv::Mat::convertTo(cv::_OutputArray const&, int, double, double) const",0x0,0,STT_FUNC,False,GENERAL_GRAPHICS
b612,B612,libkuru.so,_ZN2cv3Mat7releaseEv,cv::Mat::release(),0x0,0,STT_FUNC,False,GENERAL_GRAPHICS
b612,B612,libkuru.so,_ZN2cv3MatC1ERKS0_RKNS_5Rect_IiEE,"cv::Mat::Mat(cv::Mat const&, cv::Rect_<int> const&)",0x0,0,STT_FUNC,False,GENERAL_GRAPHICS
b612,B612,libkuru.so,_ZNK2cv3Mat4diagEi,cv::Mat::diag(int) const,0x0,0,STT_FUNC,False,GENERAL_GRAPHICS
b612,B612,libkuru.so,_ZNK2cv3Mat6copyToERKNS_12_OutputArrayE,cv::Mat::copyTo(cv::_OutputArray const&) const,0x0,0,STT_FUNC,False,GENERAL_GRAPHICS
b612,B612,libkuru.so,_ZNK2cv3Mat6copyToERKNS_12_OutputArrayERKNS_11_InputArrayE,"cv::Mat::copyTo(cv::_OutputArray const&, cv::_InputArray const&) const",0x0,0,STT_FUNC,False,GENERAL_GRAPHICS
b612,B612,libkuru.so,_ZNK2cv3Mat8assignToERS0_i,"cv::Mat::assignTo(cv::Mat&, int) const",0x0,0,STT_FUNC,False,GENERAL_GRAPHICS
b612,B612,libkuru.so,_ZN2cv3Mat5setToERKNS_11_InputArrayES3_,"cv::Mat::setTo(cv::_InputArray const&, cv::_InputArray const&)",0x0,0,STT_FUNC,False,GENERAL_GRAPHICS
b612,B612,libkuru.so,_ZN2cv7noArrayEv,cv::noArray(),0x0,0,STT_FUNC,False,GENERAL_GRAPHICS
b612,B612,libkuru.so,_ZN2cv3MatC1ERKS0_,cv::Mat::Mat(cv::Mat const&),0x0,0,STT_FUNC,False,GENERAL_GRAPHICS
b612,B612,libkuru.so,_ZNK2cv3Mat7reshapeEii,"cv::Mat::reshape(int, int) const",0x0,0,STT_FUNC,False,GENERAL_GRAPHICS
b612,B612,libkuru.so,_ZNK2cv3Mat7reshapeEiiPKi,"cv::Mat::reshape(int, int, int const*) const",0x0,0,STT_FUNC,False,GENERAL_GRAPHICS
b612,B612,libkuru.so,_ZNK2cv3Mat7reshapeEiRKNSt6__ndk16vectorIiNS1_9allocatorIiEEEE,"cv::Mat::reshape(int, std::__ndk1::vector<int, std::__ndk1::allocator<int>> const&) const",0x0,0,STT_FUNC,False,GENERAL_GRAPHICS
b612,B612,libkuru.so,_ZNK2cv3Mat1tEv,cv::Mat::t() const,0x0,0,STT_FUNC,False,GENERAL_GRAPHICS
b612,B612,libkuru.so,_ZNK2cv3Mat3invEi,cv::Mat::inv(int) const,0x0,0,STT_FUNC,False,GENERAL_GRAPHICS
b612,B612,libkuru.so,_ZNK2cv3Mat3mulERKNS_11_InputArrayEd,"cv::Mat::mul(cv::_InputArray const&, double) const",0x0,0,STT_FUNC,False,GENERAL_GRAPHICS
b612,B612,libkuru.so,_ZNK2cv3Mat5crossERKNS_11_InputArrayE,cv::Mat::cross(cv::_InputArray const&) const,0x0,0,STT_FUNC,False,GENERAL_GRAPHICS
b612,B612,libmemory-util-library.so,__cxa_finalize,__cxa_finalize,0x0,0,STT_FUNC,False,GENERAL_GRAPHICS
b612,B612,libmemory-util-library.so,__cxa_atexit,__cxa_atexit,0x0,0,STT_FUNC,False,GENERAL_GRAPHICS
b612,B612,libmemory-util-library.so,__register_atfork,__register_atfork,0x0,0,STT_FUNC,False,GENERAL_GRAPHICS
b612,B612,libmemory-util-library.so,malloc,malloc,0x0,0,STT_FUNC,False,GENERAL_GRAPHICS
b612,B612,libmemory-util-library.so,free,free,0x0,0,STT_FUNC,False,GENERAL_GRAPHICS
b612,B612,libmemory-util-library.so,memset,memset,0x0,0,STT_FUNC,False,GENERAL_GRAPHICS
b612,B612,libmemory-util-library.so,memcpy,memcpy,0x0,0,STT_FUNC,False,GENERAL_GRAPHICS
b612,B612,libmemory-util-library.so,Java_com_linecorp_b612_android_utils_MemoryUtil_alloc,Java_com_linecorp_b612_android_utils_MemoryUtil_alloc,0xb00,8,STT_FUNC,True,GENERAL_GRAPHICS
b612,B612,libmemory-util-library.so,Java_com_linecorp_b612_android_utils_MemoryUtil_memset,Java_com_linecorp_b612_android_utils_MemoryUtil_memset,0xb10,20,STT_FUNC,True,GENERAL_GRAPHICS
b612,B612,libmemory-util-library.so,Java_com_linecorp_b612_android_utils_MemoryUtil_memcpy,Java_com_linecorp_b612_android_utils_MemoryUtil_memcpy,0xb24,20,STT_FUNC,True,GENERAL_GRAPHICS
b612,B612,libmemory-util-library.so,Java_com_linecorp_b612_android_utils_MemoryUtil_toByteBuffer,Java_com_linecorp_b612_android_utils_MemoryUtil_toByteBuffer,0xbcc,20,STT_FUNC,True,GENERAL_GRAPHICS
b612,B612,libmemory-util-library.so,Java_com_linecorp_b612_android_utils_MemoryUtil_allocFromByteBuffer,Java_com_linecorp_b612_android_utils_MemoryUtil_allocFromByteBuffer,0xbe0,88,STT_FUNC,True,GENERAL_GRAPHICS
b612,B612,libmemory-util-library.so,saturate,saturate,0xc38,36,STT_FUNC,False,GENERAL_GRAPHICS
b612,B612,libmemory-util-library.so,Java_com_linecorp_b612_android_utils_MemoryUtil_bicubicResize,Java_com_linecorp_b612_android_utils_MemoryUtil_bicubicResize,0xc5c,964,STT_FUNC,True,GENERAL_GRAPHICS
b612,B612,libmemory-util-library.so,Java_com_linecorp_b612_android_utils_MemoryUtil_free,Java_com_linecorp_b612_android_utils_MemoryUtil_free,0xb08,8,STT_FUNC,True,GENERAL_GRAPHICS
b612,B612,libmemory-util-library.so,Java_com_linecorp_b612_android_utils_MemoryUtil_memcpyFromByteArray,Java_com_linecorp_b612_android_utils_MemoryUtil_memcpyFromByteArray,0xb38,148,STT_FUNC,True,GENERAL_GRAPHICS
b612,B612,libnative-lib.so,__cxa_finalize,__cxa_finalize,0x0,0,STT_FUNC,False,GENERAL_GRAPHICS
b612,B612,libnative-lib.so,__cxa_atexit,__cxa_atexit,0x0,0,STT_FUNC,False,GENERAL_GRAPHICS
b612,B612,libnative-lib.so,__register_atfork,__register_atfork,0x0,0,STT_FUNC,False,GENERAL_GRAPHICS
b612,B612,libnative-lib.so,_ZNSt6__ndk112basic_stringIcNS_11char_traitsIcEENS_9allocatorIcEEE6assignEPKc,"std::__ndk1::basic_string<char, std::__ndk1::char_traits<char>, std::__ndk1::allocator<char>>::assign(char const*)",0x0,0,STT_FUNC,False,GENERAL_GRAPHICS
b612,B612,libnative-lib.so,__stack_chk_fail,__stack_chk_fail,0x0,0,STT_FUNC,False,GENERAL_GRAPHICS
b612,B612,libnative-lib.so,_ZN4kuru22KuruLUTFilterExtensionC2Ev,kuru::KuruLUTFilterExtension::KuruLUTFilterExtension(),0x0,0,STT_FUNC,False,GENERAL_GRAPHICS
b612,B612,libnative-lib.so,_ZdlPv,operator delete(void*),0x0,0,STT_FUNC,False,GENERAL_GRAPHICS
b612,B612,libnative-lib.so,_ZN4kuru22KuruLUTFilterExtensionD2Ev,kuru::KuruLUTFilterExtension::~KuruLUTFilterExtension(),0x0,0,STT_FUNC,False,GENERAL_GRAPHICS
b612,B612,libnative-lib.so,__cxa_begin_catch,__cxa_begin_catch,0x0,0,STT_FUNC,False,GENERAL_GRAPHICS
b612,B612,libnative-lib.so,_ZSt9terminatev,std::terminate(),0x0,0,STT_FUNC,False,GENERAL_GRAPHICS
b612,B612,libnative-lib.so,_Znwm,operator new(unsigned long),0x0,0,STT_FUNC,False,GENERAL_GRAPHICS
b612,B612,libnative-lib.so,memmove,memmove,0x0,0,STT_FUNC,False,GENERAL_GRAPHICS
b612,B612,libnative-lib.so,__cxa_allocate_exception,__cxa_allocate_exception,0x0,0,STT_FUNC,False,GENERAL_GRAPHICS
b612,B612,libnative-lib.so,_ZTISt12length_error,typeinfo for std::length_error,0x0,0,STT_OBJECT,False,GENERAL_GRAPHICS
b612,B612,libnative-lib.so,_ZNSt12length_errorD1Ev,std::length_error::~length_error(),0x0,0,STT_FUNC,False,GENERAL_GRAPHICS
b612,B612,libnative-lib.so,__cxa_throw,__cxa_throw,0x0,0,STT_FUNC,False,GENERAL_GRAPHICS
b612,B612,libnative-lib.so,__cxa_free_exception,__cxa_free_exception,0x0,0,STT_FUNC,False,GENERAL_GRAPHICS
b612,B612,libnative-lib.so,_ZNSt11logic_errorC2EPKc,std::logic_error::logic_error(char const*),0x0,0,STT_FUNC,False,GENERAL_GRAPHICS
b612,B612,libnative-lib.so,_ZTVSt12length_error,vtable for std::length_error,0x0,0,STT_OBJECT,False,GENERAL_GRAPHICS
b612,B612,libnative-lib.so,_ZN8gameplay3Ref6addRefEv,gameplay::Ref::addRef(),0x0,0,STT_FUNC,False,GENERAL_GRAPHICS
b612,B612,libnative-lib.so,_ZN8gameplay3Ref7releaseEv,gameplay::Ref::release(),0x0,0,STT_FUNC,False,GENERAL_GRAPHICS
b612,B612,libnative-lib.so,_ZNK8gameplay3Ref5getIdEv,gameplay::Ref::getId() const,0x0,0,STT_FUNC,False,GENERAL_GRAPHICS
b612,B612,libnative-lib.so,_ZNK8gameplay3Ref11getTypeNameEv,gameplay::Ref::getTypeName() const,0x0,0,STT_FUNC,False,GENERAL_GRAPHICS
b612,B612,libnative-lib.so,_ZNK8gameplay3Ref8toStringEv,gameplay::Ref::toString() const,0x0,0,STT_FUNC,False,GENERAL_GRAPHICS
b612,B612,libnative-lib.so,_ZN4kuru17KuruExtensionBase9isEnabledEv,kuru::KuruExtensionBase::isEnabled(),0x0,0,STT_FUNC,False,GENERAL_GRAPHICS
b612,B612,libnative-lib.so,_ZN4kuru17KuruExtensionBase10setEnabledEb,kuru::KuruExtensionBase::setEnabled(bool),0x0,0,STT_FUNC,False,GENERAL_GRAPHICS
b612,B612,libnative-lib.so,_ZN4kuru17KuruExtensionBase10initializeEv,kuru::KuruExtensionBase::initialize(),0x0,0,STT_FUNC,False,GENERAL_GRAPHICS
b612,B612,libnative-lib.so,_ZTVN10__cxxabiv120__si_class_type_infoE,vtable for __cxxabiv1::__si_class_type_info,0x0,0,STT_OBJECT,False,GENERAL_GRAPHICS
b612,B612,libnative-lib.so,_ZTIN4kuru22KuruLUTFilterExtensionE,typeinfo for kuru::KuruLUTFilterExtension,0x0,0,STT_OBJECT,False,GENERAL_GRAPHICS
b612,B612,libnative-lib.so,__gxx_personality_v0,__gxx_personality_v0,0x0,0,STT_FUNC,False,GENERAL_GRAPHICS
b612,B612,libnative-lib.so,__cxa_guard_acquire,__cxa_guard_acquire,0x0,0,STT_FUNC,False,GENERAL_GRAPHICS
b612,B612,libnative-lib.so,_ZNSt6__ndk112basic_stringIcNS_11char_traitsIcEENS_9allocatorIcEEED2Ev,"std::__ndk1::basic_string<char, std::__ndk1::char_traits<char>, std::__ndk1::allocator<char>>::~basic_string()",0x0,0,STT_FUNC,False,GENERAL_GRAPHICS
b612,B612,libnative-lib.so,__cxa_guard_release,__cxa_guard_release,0x0,0,STT_FUNC,False,GENERAL_GRAPHICS
b612,B612,libnative-lib.so,__cxa_guard_abort,__cxa_guard_abort,0x0,0,STT_FUNC,False,GENERAL_GRAPHICS
b612,B612,libnative-lib.so,_ZN4kuru18FaceStateExtensionC2Ev,kuru::FaceStateExtension::FaceStateExtension(),0x0,0,STT_FUNC,False,GENERAL_GRAPHICS
b612,B612,libnative-lib.so,_ZN4kuru15FaceTriggerData7getTimeENS_11StickerItem12BeginTriggerE,kuru::FaceTriggerData::getTime(kuru::StickerItem::BeginTrigger),0x0,0,STT_FUNC,False,GENERAL_GRAPHICS
b612,B612,libnative-lib.so,_ZTVN4kuru18FaceStateExtensionE,vtable for kuru::FaceStateExtension,0x0,0,STT_OBJECT,False,GENERAL_GRAPHICS
b612,B612,libnative-lib.so,_ZNSt6__ndk119__shared_weak_count14__release_weakEv,std::__ndk1::__shared_weak_count::__release_weak(),0x0,0,STT_FUNC,False,GENERAL_GRAPHICS
b612,B612,libnative-lib.so,_ZN4kuru17KuruExtensionBaseD2Ev,kuru::KuruExtensionBase::~KuruExtensionBase(),0x0,0,STT_FUNC,False,GENERAL_GRAPHICS
b612,B612,libnative-lib.so,_ZNSt20bad_array_new_lengthC1Ev,std::bad_array_new_length::bad_array_new_length(),0x0,0,STT_FUNC,False,GENERAL_GRAPHICS
b612,B612,libnelondk.so,__cxa_finalize,__cxa_finalize,0x0,0,STT_FUNC,False,GENERAL_GRAPHICS
b612,B612,libnelondk.so,__cxa_atexit,__cxa_atexit,0x0,0,STT_FUNC,False,GENERAL_GRAPHICS
b612,B612,libnelondk.so,__register_atfork,__register_atfork,0x0,0,STT_FUNC,False,GENERAL_GRAPHICS
b612,B612,libnelondk.so,strlen,strlen,0x0,0,STT_FUNC,False,GENERAL_GRAPHICS
b612,B612,libnelondk.so,memmove,memmove,0x0,0,STT_FUNC,False,GENERAL_GRAPHICS
b612,B612,libnelondk.so,__stack_chk_fail,__stack_chk_fail,0x0,0,STT_FUNC,False,GENERAL_GRAPHICS
b612,B612,libnelondk.so,fopen,fopen,0x0,0,STT_FUNC,False,GENERAL_GRAPHICS
b612,B612,libnelondk.so,fflush,fflush,0x0,0,STT_FUNC,False,GENERAL_GRAPHICS
b612,B612,libnelondk.so,fclose,fclose,0x0,0,STT_FUNC,False,GENERAL_GRAPHICS
b612,B612,libnelondk.so,sleep,sleep,0x0,0,STT_FUNC,False,GENERAL_GRAPHICS
b612,B612,libnelondk.so,memset,memset,0x0,0,STT_FUNC,False,GENERAL_GRAPHICS
b612,B612,libnelondk.so,strncpy,strncpy,0x0,0,STT_FUNC,False,GENERAL_GRAPHICS
b612,B612,libnelondk.so,__android_log_write,__android_log_write,0x0,0,STT_FUNC,False,GENERAL_GRAPHICS
b612,B612,libnelondk.so,memcmp,memcmp,0x0,0,STT_FUNC,False,GENERAL_GRAPHICS
b612,B612,libnelondk.so,memcpy,memcpy,0x0,0,STT_FUNC,False,GENERAL_GRAPHICS
b612,B612,libnelondk.so,fread,fread,0x0,0,STT_FUNC,False,GENERAL_GRAPHICS
b612,B612,libnelondk.so,fseek,fseek,0x0,0,STT_FUNC,False,GENERAL_GRAPHICS
b612,B612,libnelondk.so,fseeko,fseeko,0x0,0,STT_FUNC,False,GENERAL_GRAPHICS
b612,B612,libnelondk.so,ftello,ftello,0x0,0,STT_FUNC,False,GENERAL_GRAPHICS
b612,B612,libnelondk.so,fwrite,fwrite,0x0,0,STT_FUNC,False,GENERAL_GRAPHICS
b612,B612,libnelondk.so,memchr,memchr,0x0,0,STT_FUNC,False,GENERAL_GRAPHICS
b612,B612,libnelondk.so,atoi,atoi,0x0,0,STT_FUNC,False,GENERAL_GRAPHICS
b612,B612,libnelondk.so,atoll,atoll,0x0,0,STT_FUNC,False,GENERAL_GRAPHICS
b612,B612,libnelondk.so,strcmp,strcmp,0x0,0,STT_FUNC,False,GENERAL_GRAPHICS
b612,B612,libnelondk.so,__vsprintf_chk,__vsprintf_chk,0x0,0,STT_FUNC,False,GENERAL_GRAPHICS
b612,B612,libnelondk.so,pthread_create,pthread_create,0x0,0,STT_FUNC,False,GENERAL_GRAPHICS
b612,B612,libnelondk.so,pthread_setspecific,pthread_setspecific,0x0,0,STT_FUNC,False,GENERAL_GRAPHICS
b612,B612,libnelondk.so,localtime,localtime,0x0,0,STT_FUNC,False,GENERAL_GRAPHICS
b612,B612,libnelondk.so,feof,feof,0x0,0,STT_FUNC,False,GENERAL_GRAPHICS
b612,B612,libnelondk.so,fgets,fgets,0x0,0,STT_FUNC,False,GENERAL_GRAPHICS
b612,B612,libnelondk.so,pclose,pclose,0x0,0,STT_FUNC,False,GENERAL_GRAPHICS
b612,B612,libnelondk.so,popen,popen,0x0,0,STT_FUNC,False,GENERAL_GRAPHICS
b612,B612,libnelondk.so,vsnprintf,vsnprintf,0x0,0,STT_FUNC,False,GENERAL_GRAPHICS
b612,B612,libnelondk.so,__memcpy_chk,__memcpy_chk,0x0,0,STT_FUNC,False,GENERAL_GRAPHICS
b612,B612,libnelondk.so,__strchr_chk,__strchr_chk,0x0,0,STT_FUNC,False,GENERAL_GRAPHICS
b612,B612,libnelondk.so,__strlen_chk,__strlen_chk,0x0,0,STT_FUNC,False,GENERAL_GRAPHICS
b612,B612,libnelondk.so,free,free,0x0,0,STT_FUNC,False,GENERAL_GRAPHICS
b612,B612,libnelondk.so,malloc,malloc,0x0,0,STT_FUNC,False,GENERAL_GRAPHICS
b612,B612,libnelondk.so,sscanf,sscanf,0x0,0,STT_FUNC,False,GENERAL_GRAPHICS
b612,B612,libnelondk.so,strpbrk,strpbrk,0x0,0,STT_FUNC,False,GENERAL_GRAPHICS
b612,B612,libopencv_java4.so,__cxa_finalize,__cxa_finalize,0x0,0,STT_FUNC,False,IMAGE_IO
b612,B612,libopencv_java4.so,__cxa_atexit,__cxa_atexit,0x0,0,STT_FUNC,False,IMAGE_IO
b612,B612,libopencv_java4.so,__register_atfork,__register_atfork,0x0,0,STT_FUNC,False,IMAGE_IO
b612,B612,libopencv_java4.so,__stack_chk_fail,__stack_chk_fail,0x0,0,STT_FUNC,False,IMAGE_IO
b612,B612,libopencv_java4.so,cos,cos,0x0,0,STT_FUNC,False,IMAGE_IO
b612,B612,libopencv_java4.so,sin,sin,0x0,0,STT_FUNC,False,IMAGE_IO
b612,B612,libopencv_java4.so,_ZNSt6__ndk119__shared_weak_count14__release_weakEv,std::__ndk1::__shared_weak_count::__release_weak(),0x0,0,STT_FUNC,False,IMAGE_IO
b612,B612,libopencv_java4.so,strlen,strlen,0x0,0,STT_FUNC,False,IMAGE_IO
b612,B612,libopencv_java4.so,memmove,memmove,0x0,0,STT_FUNC,False,IMAGE_IO
b612,B612,libopencv_java4.so,_ZNSt11logic_errorC2EPKc,std::logic_error::logic_error(char const*),0x0,0,STT_FUNC,False,IMAGE_IO
b612,B612,libopencv_java4.so,_ZNKSt6__ndk119__shared_weak_count13__get_deleterERKSt9type_info,std::__ndk1::__shared_weak_count::__get_deleter(std::type_info const&) const,0x0,0,STT_FUNC,False,IMAGE_IO
b612,B612,libopencv_java4.so,_ZNSt6__ndk119__shared_weak_countD2Ev,std::__ndk1::__shared_weak_count::~__shared_weak_count(),0x0,0,STT_FUNC,False,IMAGE_IO
b612,B612,libopencv_java4.so,_ZTINSt6__ndk119__shared_weak_countE,typeinfo for std::__ndk1::__shared_weak_count,0x0,0,STT_OBJECT,False,IMAGE_IO
b612,B612,libopencv_java4.so,lrint,lrint,0x0,0,STT_FUNC,False,IMAGE_IO
b612,B612,libopencv_java4.so,lrintf,lrintf,0x0,0,STT_FUNC,False,IMAGE_IO
b612,B612,libopencv_java4.so,memcpy,memcpy,0x0,0,STT_FUNC,False,IMAGE_IO
b612,B612,libopencv_java4.so,sqrt,sqrt,0x0,0,STT_FUNC,False,IMAGE_IO
b612,B612,libopencv_java4.so,sqrtf,sqrtf,0x0,0,STT_FUNC,False,IMAGE_IO
b612,B612,libopencv_java4.so,memset,memset,0x0,0,STT_FUNC,False,IMAGE_IO
b612,B612,libopencv_java4.so,powf,powf,0x0,0,STT_FUNC,False,IMAGE_IO
b612,B612,libopencv_java4.so,exp,exp,0x0,0,STT_FUNC,False,IMAGE_IO
b612,B612,libopencv_java4.so,acos,acos,0x0,0,STT_FUNC,False,IMAGE_IO
b612,B612,libopencv_java4.so,atan2,atan2,0x0,0,STT_FUNC,False,IMAGE_IO
b612,B612,libopencv_java4.so,qsort,qsort,0x0,0,STT_FUNC,False,IMAGE_IO
b612,B612,libopencv_java4.so,printf,printf,0x0,0,STT_FUNC,False,IMAGE_IO
b612,B612,libopencv_java4.so,puts,puts,0x0,0,STT_FUNC,False,IMAGE_IO
b612,B612,libopencv_java4.so,log,log,0x0,0,STT_FUNC,False,IMAGE_IO
b612,B612,libopencv_java4.so,pow,pow,0x0,0,STT_FUNC,False,IMAGE_IO
b612,B612,libopencv_java4.so,_ZNKSt6__ndk16locale9use_facetERNS0_2idE,std::__ndk1::locale::use_facet(std::__ndk1::locale::id&) const,0x0,0,STT_FUNC,False,IMAGE_IO
b612,B612,libopencv_java4.so,_ZNKSt6__ndk18ios_base6getlocEv,std::__ndk1::ios_base::getloc() const,0x0,0,STT_FUNC,False,IMAGE_IO
b612,B612,libopencv_java4.so,_ZNSt6__ndk15ctypeIcE2idE,std::__ndk1::ctype<char>::id,0x0,0,STT_OBJECT,False,IMAGE_IO
b612,B612,libopencv_java4.so,_ZNSt6__ndk16localeC1Ev,std::__ndk1::locale::locale(),0x0,0,STT_FUNC,False,IMAGE_IO
b612,B612,libopencv_java4.so,_ZNSt6__ndk16localeD1Ev,std::__ndk1::locale::~locale(),0x0,0,STT_FUNC,False,IMAGE_IO
b612,B612,libopencv_java4.so,_ZNSt6__ndk18ios_base33__set_badbit_and_consider_rethrowEv,std::__ndk1::ios_base::__set_badbit_and_consider_rethrow(),0x0,0,STT_FUNC,False,IMAGE_IO
b612,B612,libopencv_java4.so,_ZNSt6__ndk18ios_base4initEPv,std::__ndk1::ios_base::init(void*),0x0,0,STT_FUNC,False,IMAGE_IO
b612,B612,libopencv_java4.so,_ZNSt6__ndk18ios_base5clearEj,std::__ndk1::ios_base::clear(unsigned int),0x0,0,STT_FUNC,False,IMAGE_IO
b612,B612,libopencv_java4.so,_ZNSt6__ndk18ios_baseD2Ev,std::__ndk1::ios_base::~ios_base(),0x0,0,STT_FUNC,False,IMAGE_IO
b612,B612,libopencv_java4.so,_ZSt18uncaught_exceptionv,std::uncaught_exception(),0x0,0,STT_FUNC,False,IMAGE_IO
b612,B612,libopencv_java4.so,_ZTINSt6__ndk18ios_baseE,typeinfo for std::__ndk1::ios_base,0x0,0,STT_OBJECT,False,IMAGE_IO
b612,B612,libopencv_java4.so,memchr,memchr,0x0,0,STT_FUNC,False,IMAGE_IO
b612,B612,libpboNative.so,__cxa_finalize,__cxa_finalize,0x0,0,STT_FUNC,False,GENERAL_GRAPHICS
b612,B612,libpboNative.so,__cxa_atexit,__cxa_atexit,0x0,0,STT_FUNC,False,GENERAL_GRAPHICS
b612,B612,libpboNative.so,__register_atfork,__register_atfork,0x0,0,STT_FUNC,False,GENERAL_GRAPHICS
b612,B612,libpboNative.so,glReadPixels,glReadPixels,0x0,0,STT_FUNC,False,GENERAL_GRAPHICS
b612,B612,libpboNative.so,glMapBufferRange,glMapBufferRange,0x0,0,STT_FUNC,False,GENERAL_GRAPHICS
b612,B612,libpboNative.so,stunning_isValid,stunning_isValid,0x0,0,STT_FUNC,False,GENERAL_GRAPHICS
b612,B612,libpboNative.so,glBindBuffer,glBindBuffer,0x0,0,STT_FUNC,False,GENERAL_GRAPHICS
b612,B612,libpboNative.so,memcpy,memcpy,0x0,0,STT_FUNC,False,GENERAL_GRAPHICS
b612,B612,libpboNative.so,glUnmapBuffer,glUnmapBuffer,0x0,0,STT_FUNC,False,GENERAL_GRAPHICS
b612,B612,libpboNative.so,Java_com_linecorp_kale_android_filter_oasis_filter_sticker_PboNative_glReadPixels,Java_com_linecorp_kale_android_filter_oasis_filter_sticker_PboNative_glReadPixels,0xa00,32,STT_FUNC,True,GENERAL_GRAPHICS
b612,B612,libpboNative.so,Java_com_linecorp_kale_android_filter_oasis_filter_sticker_PboNative_glMapBufferRange,Java_com_linecorp_kale_android_filter_oasis_filter_sticker_PboNative_glMapBufferRange,0xa20,64,STT_FUNC,True,GENERAL_GRAPHICS
b612,B612,libpboNative.so,Java_com_linecorp_kale_android_filter_oasis_filter_sticker_PboNative_toByteArray,Java_com_linecorp_kale_android_filter_oasis_filter_sticker_PboNative_toByteArray,0xa60,100,STT_FUNC,True,GENERAL_GRAPHICS
b612,B612,libpboNative.so,Java_com_linecorp_kale_android_filter_oasis_filter_sticker_PboNative_bindAndReadPixelBuffer,Java_com_linecorp_kale_android_filter_oasis_filter_sticker_PboNative_bindAndReadPixelBuffer,0xac4,180,STT_FUNC,True,GENERAL_GRAPHICS
b612,B612,libst_mobile.so,__cxa_finalize,__cxa_finalize,0x0,0,STT_FUNC,False,Face
b612,B612,libst_mobile.so,__cxa_atexit,__cxa_atexit,0x0,0,STT_FUNC,False,Face
b612,B612,libst_mobile.so,_ZSt7nothrow,std::nothrow,0x0,0,STT_OBJECT,False,Face
b612,B612,libst_mobile.so,memset,memset,0x0,0,STT_FUNC,False,Face
b612,B612,libst_mobile.so,_ZNSt6__ndk119__shared_weak_countD2Ev,std::__ndk1::__shared_weak_count::~__shared_weak_count(),0x0,0,STT_FUNC,False,Face
b612,B612,libst_mobile.so,glGetError,glGetError,0x0,0,STT_FUNC,False,Face
b612,B612,libst_mobile.so,snprintf,snprintf,0x0,0,STT_FUNC,False,Face
b612,B612,libst_mobile.so,strlen,strlen,0x0,0,STT_FUNC,False,Face
b612,B612,libst_mobile.so,glClear,glClear,0x0,0,STT_FUNC,False,Face
b612,B612,libst_mobile.so,glDrawArrays,glDrawArrays,0x0,0,STT_FUNC,False,Face
b612,B612,libst_mobile.so,glReadPixels,glReadPixels,0x0,0,STT_FUNC,False,Face
b612,B612,libst_mobile.so,glFlush,glFlush,0x0,0,STT_FUNC,False,Face
b612,B612,libst_mobile.so,glBindFramebuffer,glBindFramebuffer,0x0,0,STT_FUNC,False,Face
b612,B612,libst_mobile.so,glActiveTexture,glActiveTexture,0x0,0,STT_FUNC,False,Face
b612,B612,libst_mobile.so,glBindTexture,glBindTexture,0x0,0,STT_FUNC,False,Face
b612,B612,libst_mobile.so,free,free,0x0,0,STT_FUNC,False,Face
b612,B612,libst_mobile.so,fopen,fopen,0x0,0,STT_FUNC,False,Face
b612,B612,libst_mobile.so,fseek,fseek,0x0,0,STT_FUNC,False,Face
b612,B612,libst_mobile.so,__errno,__errno,0x0,0,STT_FUNC,False,Face
b612,B612,libst_mobile.so,fread,fread,0x0,0,STT_FUNC,False,Face
b612,B612,libst_mobile.so,glDisable,glDisable,0x0,0,STT_FUNC,False,Face
b612,B612,libst_mobile.so,sincosf,sincosf,0x0,0,STT_FUNC,False,Face
b612,B612,libst_mobile.so,glIsTexture,glIsTexture,0x0,0,STT_FUNC,False,Face
b612,B612,libst_mobile.so,_ZNSt6__ndk15mutexD1Ev,std::__ndk1::mutex::~mutex(),0x0,0,STT_FUNC,False,Face
b612,B612,libst_mobile.so,_ZTISt12length_error,typeinfo for std::length_error,0x0,0,STT_OBJECT,False,Face
b612,B612,libst_mobile.so,_ZNSt12length_errorD1Ev,std::length_error::~length_error(),0x0,0,STT_FUNC,False,Face
b612,B612,libst_mobile.so,_ZTVSt12length_error,vtable for std::length_error,0x0,0,STT_OBJECT,False,Face
b612,B612,libst_mobile.so,_ZTISt20bad_array_new_length,typeinfo for std::bad_array_new_length,0x0,0,STT_OBJECT,False,Face
b612,B612,libst_mobile.so,_ZNSt20bad_array_new_lengthD1Ev,std::bad_array_new_length::~bad_array_new_length(),0x0,0,STT_FUNC,False,Face
b612,B612,libst_mobile.so,memcmp,memcmp,0x0,0,STT_FUNC,False,Face
b612,B612,libst_mobile.so,_ZTVN10__cxxabiv117__class_type_infoE,vtable for __cxxabiv1::__class_type_info,0x0,0,STT_OBJECT,False,Face
b612,B612,libst_mobile.so,_ZTVN10__cxxabiv121__vmi_class_type_infoE,vtable for __cxxabiv1::__vmi_class_type_info,0x0,0,STT_OBJECT,False,Face
b612,B612,libst_mobile.so,_ZTVN10__cxxabiv120__si_class_type_infoE,vtable for __cxxabiv1::__si_class_type_info,0x0,0,STT_OBJECT,False,Face
b612,B612,libst_mobile.so,_ZTINSt6__ndk119__shared_weak_countE,typeinfo for std::__ndk1::__shared_weak_count,0x0,0,STT_OBJECT,False,Face
b612,B612,libst_mobile.so,_ZNKSt6__ndk119__shared_weak_count13__get_deleterERKSt9type_info,std::__ndk1::__shared_weak_count::__get_deleter(std::type_info const&) const,0x0,0,STT_FUNC,False,Face
b612,B612,libst_mobile.so,__gxx_personality_v0,__gxx_personality_v0,0x0,0,STT_FUNC,False,Face
b612,B612,libst_mobile.so,strcpy,strcpy,0x0,0,STT_FUNC,False,Face
b612,B612,libst_mobile.so,_ZTISt13runtime_error,typeinfo for std::runtime_error,0x0,0,STT_OBJECT,False,Face
b612,B612,libst_mobile.so,_ZTISt11logic_error,typeinfo for std::logic_error,0x0,0,STT_OBJECT,False,Face
b612,B612,libst_mobile.so,_ZTISt9exception,typeinfo for std::exception,0x0,0,STT_OBJECT,False,Face
b612,B612,libstmobile_jni.so,__cxa_finalize,__cxa_finalize,0x0,0,STT_FUNC,False,Face
b612,B612,libstmobile_jni.so,__cxa_atexit,__cxa_atexit,0x0,0,STT_FUNC,False,Face
b612,B612,libstmobile_jni.so,__register_atfork,__register_atfork,0x0,0,STT_FUNC,False,Face
b612,B612,libstmobile_jni.so,__android_log_print,__android_log_print,0x0,0,STT_FUNC,False,Face
b612,B612,libstmobile_jni.so,st_mobile_tracker_animal_face_create,st_mobile_tracker_animal_face_create,0x0,0,STT_FUNC,False,Face
b612,B612,libstmobile_jni.so,__stack_chk_fail,__stack_chk_fail,0x0,0,STT_FUNC,False,Face
b612,B612,libstmobile_jni.so,st_mobile_tracker_animal_face_setparam,st_mobile_tracker_animal_face_setparam,0x0,0,STT_FUNC,False,Face
b612,B612,libstmobile_jni.so,st_mobile_tracker_animal_face_reset,st_mobile_tracker_animal_face_reset,0x0,0,STT_FUNC,False,Face
b612,B612,libstmobile_jni.so,st_mobile_tracker_animal_face_track,st_mobile_tracker_animal_face_track,0x0,0,STT_FUNC,False,Face
b612,B612,libstmobile_jni.so,st_mobile_tracker_animal_face_destroy,st_mobile_tracker_animal_face_destroy,0x0,0,STT_FUNC,False,Face
b612,B612,libstmobile_jni.so,st_mobile_animal_face_mirror,st_mobile_animal_face_mirror,0x0,0,STT_FUNC,False,Face
b612,B612,libstmobile_jni.so,st_mobile_animal_face_rotate,st_mobile_animal_face_rotate,0x0,0,STT_FUNC,False,Face
b612,B612,libstmobile_jni.so,st_mobile_animal_face_resize,st_mobile_animal_face_resize,0x0,0,STT_FUNC,False,Face
b612,B612,libstmobile_jni.so,st_mobile_tracker_animal_face_add_sub_model,st_mobile_tracker_animal_face_add_sub_model,0x0,0,STT_FUNC,False,Face
b612,B612,libstmobile_jni.so,AAssetManager_fromJava,AAssetManager_fromJava,0x0,0,STT_FUNC,False,Face
b612,B612,libstmobile_jni.so,AAssetManager_open,AAssetManager_open,0x0,0,STT_FUNC,False,Face
b612,B612,libstmobile_jni.so,AAsset_getLength,AAsset_getLength,0x0,0,STT_FUNC,False,Face
b612,B612,libstmobile_jni.so,_Znam,operator new[](unsigned long),0x0,0,STT_FUNC,False,Face
b612,B612,libstmobile_jni.so,memset,memset,0x0,0,STT_FUNC,False,Face
b612,B612,libstmobile_jni.so,AAsset_read,AAsset_read,0x0,0,STT_FUNC,False,Face
b612,B612,libstmobile_jni.so,AAsset_close,AAsset_close,0x0,0,STT_FUNC,False,Face
b612,B612,libstmobile_jni.so,_ZdaPv,operator delete[](void*),0x0,0,STT_FUNC,False,Face
b612,B612,libstmobile_jni.so,st_mobile_tracker_animal_face_add_sub_model_from_buffer,st_mobile_tracker_animal_face_add_sub_model_from_buffer,0x0,0,STT_FUNC,False,Face
b612,B612,libstmobile_jni.so,st_mobile_tracker_animal_face_remove_model_by_config,st_mobile_tracker_animal_face_remove_model_by_config,0x0,0,STT_FUNC,False,Face
b612,B612,libstmobile_jni.so,st_mobile_generate_activecode,st_mobile_generate_activecode,0x0,0,STT_FUNC,False,Face
b612,B612,libstmobile_jni.so,st_mobile_check_activecode,st_mobile_check_activecode,0x0,0,STT_FUNC,False,Face
b612,B612,libstmobile_jni.so,st_mobile_generate_activecode_from_buffer,st_mobile_generate_activecode_from_buffer,0x0,0,STT_FUNC,False,Face
b612,B612,libstmobile_jni.so,__memcpy_chk,__memcpy_chk,0x0,0,STT_FUNC,False,Face
b612,B612,libstmobile_jni.so,st_mobile_check_activecode_from_buffer,st_mobile_check_activecode_from_buffer,0x0,0,STT_FUNC,False,Face
b612,B612,libstmobile_jni.so,st_mobile_generate_activecode_online,st_mobile_generate_activecode_online,0x0,0,STT_FUNC,False,Face
b612,B612,libstmobile_jni.so,st_mobile_generate_activecode_from_buffer_online,st_mobile_generate_activecode_from_buffer_online,0x0,0,STT_FUNC,False,Face
b612,B612,libstmobile_jni.so,st_mobile_get_expiredtime_from_activate_code,st_mobile_get_expiredtime_from_activate_code,0x0,0,STT_FUNC,False,Face
b612,B612,libstmobile_jni.so,st_mobile_get_expiredtime_from_activate_code_from_buffer,st_mobile_get_expiredtime_from_activate_code_from_buffer,0x0,0,STT_FUNC,False,Face
b612,B612,libstmobile_jni.so,st_mobile_get_license_expiredtime,st_mobile_get_license_expiredtime,0x0,0,STT_FUNC,False,Face
b612,B612,libstmobile_jni.so,st_mobile_get_license_expiredtime_from_buffer,st_mobile_get_license_expiredtime_from_buffer,0x0,0,STT_FUNC,False,Face
b612,B612,libstmobile_jni.so,st_mobile_color_convert_create,st_mobile_color_convert_create,0x0,0,STT_FUNC,False,Face
b612,B612,libstmobile_jni.so,st_mobile_color_convert_set_size,st_mobile_color_convert_set_size,0x0,0,STT_FUNC,False,Face
b612,B612,libstmobile_jni.so,st_mobile_nv21_buffer_to_rgba_tex,st_mobile_nv21_buffer_to_rgba_tex,0x0,0,STT_FUNC,False,Face
b612,B612,libstmobile_jni.so,st_mobile_rgba_tex_to_nv21_buffer,st_mobile_rgba_tex_to_nv21_buffer,0x0,0,STT_FUNC,False,Face
b612,B612,libstmobile_jni.so,st_mobile_nv12_buffer_to_rgba_tex,st_mobile_nv12_buffer_to_rgba_tex,0x0,0,STT_FUNC,False,Face
b612,B612,libstunning.so,__cxa_finalize,__cxa_finalize,0x0,0,STT_FUNC,False,Filter
b612,B612,libstunning.so,__cxa_atexit,__cxa_atexit,0x0,0,STT_FUNC,False,Filter
b612,B612,libstunning.so,__register_atfork,__register_atfork,0x0,0,STT_FUNC,False,Filter
b612,B612,libstunning.so,strcmp,strcmp,0x0,0,STT_FUNC,False,Filter
b612,B612,libstunning.so,usleep,usleep,0x0,0,STT_FUNC,False,Filter
b612,B612,libstunning.so,free,free,0x0,0,STT_FUNC,False,Filter
b612,B612,libstunning.so,__stack_chk_fail,__stack_chk_fail,0x0,0,STT_FUNC,False,Filter
b612,B612,libstunning.so,strlen,strlen,0x0,0,STT_FUNC,False,Filter
b612,B612,libstunning.so,AAssetManager_fromJava,AAssetManager_fromJava,0x0,0,STT_FUNC,False,Filter
b612,B612,libstunning.so,AAssetManager_openDir,AAssetManager_openDir,0x0,0,STT_FUNC,False,Filter
b612,B612,libstunning.so,AAssetDir_getNextFileName,AAssetDir_getNextFileName,0x0,0,STT_FUNC,False,Filter
b612,B612,libstunning.so,AAssetDir_close,AAssetDir_close,0x0,0,STT_FUNC,False,Filter
b612,B612,libstunning.so,AAssetManager_open,AAssetManager_open,0x0,0,STT_FUNC,False,Filter
b612,B612,libstunning.so,AAsset_getLength,AAsset_getLength,0x0,0,STT_FUNC,False,Filter
b612,B612,libstunning.so,AAsset_close,AAsset_close,0x0,0,STT_FUNC,False,Filter
b612,B612,libstunning.so,strncasecmp,strncasecmp,0x0,0,STT_FUNC,False,Filter
b612,B612,libstunning.so,strcasecmp,strcasecmp,0x0,0,STT_FUNC,False,Filter
b612,B612,libstunning.so,calloc,calloc,0x0,0,STT_FUNC,False,Filter
b612,B612,libstunning.so,__open_2,__open_2,0x0,0,STT_FUNC,False,Filter
b612,B612,libstunning.so,read,read,0x0,0,STT_FUNC,False,Filter
b612,B612,libstunning.so,close,close,0x0,0,STT_FUNC,False,Filter
b612,B612,libstunning.so,strdup,strdup,0x0,0,STT_FUNC,False,Filter
b612,B612,libstunning.so,fopen,fopen,0x0,0,STT_FUNC,False,Filter
b612,B612,libstunning.so,fgets,fgets,0x0,0,STT_FUNC,False,Filter
b612,B612,libstunning.so,sscanf,sscanf,0x0,0,STT_FUNC,False,Filter
b612,B612,libstunning.so,strstr,strstr,0x0,0,STT_FUNC,False,Filter
b612,B612,libstunning.so,basename,basename,0x0,0,STT_FUNC,False,Filter
b612,B612,libstunning.so,strrchr,strrchr,0x0,0,STT_FUNC,False,Filter
b612,B612,libstunning.so,fclose,fclose,0x0,0,STT_FUNC,False,Filter
b612,B612,libstunning.so,__strcpy_chk,__strcpy_chk,0x0,0,STT_FUNC,False,Filter
b612,B612,libstunning.so,strncmp,strncmp,0x0,0,STT_FUNC,False,Filter
b612,B612,libstunning.so,puts,puts,0x0,0,STT_FUNC,False,Filter
b612,B612,libstunning.so,malloc,malloc,0x0,0,STT_FUNC,False,Filter
b612,B612,libstunning.so,strcpy,strcpy,0x0,0,STT_FUNC,False,Filter
b612,B612,libstunning.so,strncat,strncat,0x0,0,STT_FUNC,False,Filter
b612,B612,libstunning.so,strncpy,strncpy,0x0,0,STT_FUNC,False,Filter
b612,B612,libstunning.so,stat,stat,0x0,0,STT_FUNC,False,Filter
b612,B612,libstunning.so,utime,utime,0x0,0,STT_FUNC,False,Filter
b612,B612,libstunning.so,chmod,chmod,0x0,0,STT_FUNC,False,Filter
b612,B612,libstunning.so,mkdir,mkdir,0x0,0,STT_FUNC,False,Filter
b612,B612,libsurface_util_jni.so,__cxa_finalize,__cxa_finalize,0x0,0,STT_FUNC,False,GENERAL_GRAPHICS
b612,B612,libsurface_util_jni.so,__cxa_atexit,__cxa_atexit,0x0,0,STT_FUNC,False,GENERAL_GRAPHICS
b612,B612,libsurface_util_jni.so,ANativeWindow_fromSurface,ANativeWindow_fromSurface,0x0,0,STT_FUNC,False,GENERAL_GRAPHICS
b612,B612,libsurface_util_jni.so,ANativeWindow_getFormat,ANativeWindow_getFormat,0x0,0,STT_FUNC,False,GENERAL_GRAPHICS
b612,B612,libsurface_util_jni.so,ANativeWindow_getWidth,ANativeWindow_getWidth,0x0,0,STT_FUNC,False,GENERAL_GRAPHICS
b612,B612,libsurface_util_jni.so,ANativeWindow_getHeight,ANativeWindow_getHeight,0x0,0,STT_FUNC,False,GENERAL_GRAPHICS
b612,B612,libsurface_util_jni.so,ANativeWindow_release,ANativeWindow_release,0x0,0,STT_FUNC,False,GENERAL_GRAPHICS
b612,B612,libsurface_util_jni.so,__stack_chk_fail,__stack_chk_fail,0x0,0,STT_FUNC,False,GENERAL_GRAPHICS
b612,B612,libsurface_util_jni.so,Java_androidx_camera_core_impl_utils_SurfaceUtil_nativeGetSurfaceInfo,Java_androidx_camera_core_impl_utils_SurfaceUtil_nativeGetSurfaceInfo,0x824,200,STT_FUNC,True,GENERAL_GRAPHICS
b612,B612,libtensorflowlite_c.so,__cxa_finalize,__cxa_finalize,0x0,0,STT_FUNC,False,AI_RUNTIME
b612,B612,libtensorflowlite_c.so,__cxa_atexit,__cxa_atexit,0x0,0,STT_FUNC,False,AI_RUNTIME
b612,B612,libtensorflowlite_c.so,__stack_chk_fail,__stack_chk_fail,0x0,0,STT_FUNC,False,AI_RUNTIME
b612,B612,libtensorflowlite_c.so,vsnprintf,vsnprintf,0x0,0,STT_FUNC,False,AI_RUNTIME
b612,B612,libtensorflowlite_c.so,strlen,strlen,0x0,0,STT_FUNC,False,AI_RUNTIME
b612,B612,libtensorflowlite_c.so,memmove,memmove,0x0,0,STT_FUNC,False,AI_RUNTIME
b612,B612,libtensorflowlite_c.so,memcpy,memcpy,0x0,0,STT_FUNC,False,AI_RUNTIME
b612,B612,libtensorflowlite_c.so,strcmp,strcmp,0x0,0,STT_FUNC,False,AI_RUNTIME
b612,B612,libtensorflowlite_c.so,memcmp,memcmp,0x0,0,STT_FUNC,False,AI_RUNTIME
b612,B612,libtensorflowlite_c.so,strncmp,strncmp,0x0,0,STT_FUNC,False,AI_RUNTIME
b612,B612,libtensorflowlite_c.so,memset,memset,0x0,0,STT_FUNC,False,AI_RUNTIME
b612,B612,libtensorflowlite_c.so,mmap,mmap,0x0,0,STT_FUNC,False,AI_RUNTIME
b612,B612,libtensorflowlite_c.so,munmap,munmap,0x0,0,STT_FUNC,False,AI_RUNTIME
b612,B612,libtensorflowlite_c.so,close,close,0x0,0,STT_FUNC,False,AI_RUNTIME
b612,B612,libtensorflowlite_c.so,free,free,0x0,0,STT_FUNC,False,AI_RUNTIME
b612,B612,libtensorflowlite_c.so,malloc,malloc,0x0,0,STT_FUNC,False,AI_RUNTIME
b612,B612,libtensorflowlite_c.so,wmemchr,wmemchr,0x0,0,STT_FUNC,False,AI_RUNTIME
b612,B612,libtensorflowlite_c.so,time,time,0x0,0,STT_FUNC,False,AI_RUNTIME
b612,B612,libtensorflowlite_c.so,open,open,0x0,0,STT_FUNC,False,AI_RUNTIME
b612,B612,libtensorflowlite_c.so,write,write,0x0,0,STT_FUNC,False,AI_RUNTIME
b612,B612,libtensorflowlite_c.so,fsync,fsync,0x0,0,STT_FUNC,False,AI_RUNTIME
b612,B612,libtensorflowlite_c.so,rename,rename,0x0,0,STT_FUNC,False,AI_RUNTIME
b612,B612,libtensorflowlite_c.so,__errno,__errno,0x0,0,STT_FUNC,False,AI_RUNTIME
b612,B612,libtensorflowlite_c.so,strerror,strerror,0x0,0,STT_FUNC,False,AI_RUNTIME
b612,B612,libtensorflowlite_c.so,flock,flock,0x0,0,STT_FUNC,False,AI_RUNTIME
b612,B612,libtensorflowlite_c.so,fstat,fstat,0x0,0,STT_FUNC,False,AI_RUNTIME
b612,B612,libtensorflowlite_c.so,read,read,0x0,0,STT_FUNC,False,AI_RUNTIME
b612,B612,libtensorflowlite_c.so,dlopen,dlopen,0x0,0,STT_FUNC,False,AI_RUNTIME
b612,B612,libtensorflowlite_c.so,dlerror,dlerror,0x0,0,STT_FUNC,False,AI_RUNTIME
b612,B612,libtensorflowlite_c.so,__sF,__sF,0x0,0,STT_OBJECT,False,AI_RUNTIME
b612,B612,libtensorflowlite_c.so,fprintf,fprintf,0x0,0,STT_FUNC,False,AI_RUNTIME
b612,B612,libtensorflowlite_c.so,__system_property_get,__system_property_get,0x0,0,STT_FUNC,False,AI_RUNTIME
b612,B612,libtensorflowlite_c.so,getuid,getuid,0x0,0,STT_FUNC,False,AI_RUNTIME
b612,B612,libtensorflowlite_c.so,fwrite,fwrite,0x0,0,STT_FUNC,False,AI_RUNTIME
b612,B612,libtensorflowlite_c.so,dlsym,dlsym,0x0,0,STT_FUNC,False,AI_RUNTIME
b612,B612,libtensorflowlite_c.so,nanf,nanf,0x0,0,STT_FUNC,False,AI_RUNTIME
b612,B612,libtensorflowlite_c.so,bsearch,bsearch,0x0,0,STT_FUNC,False,AI_RUNTIME
b612,B612,libtensorflowlite_c.so,getpagesize,getpagesize,0x0,0,STT_FUNC,False,AI_RUNTIME
b612,B612,libtensorflowlite_c.so,mremap,mremap,0x0,0,STT_FUNC,False,AI_RUNTIME
b612,B612,libtensorflowlite_c.so,abort,abort,0x0,0,STT_FUNC,False,AI_RUNTIME
b612,B612,libtensorflowlite_gpu_delegate.so,__cxa_finalize,__cxa_finalize,0x0,0,STT_FUNC,False,AI_RUNTIME
b612,B612,libtensorflowlite_gpu_delegate.so,__cxa_atexit,__cxa_atexit,0x0,0,STT_FUNC,False,AI_RUNTIME
b612,B612,libtensorflowlite_gpu_delegate.so,pthread_once,pthread_once,0x0,0,STT_FUNC,False,AI_RUNTIME
b612,B612,libtensorflowlite_gpu_delegate.so,__system_property_get,__system_property_get,0x0,0,STT_FUNC,False,AI_RUNTIME
b612,B612,libtensorflowlite_gpu_delegate.so,__stack_chk_fail,__stack_chk_fail,0x0,0,STT_FUNC,False,AI_RUNTIME
b612,B612,libtensorflowlite_gpu_delegate.so,_Znwm,operator new(unsigned long),0x0,0,STT_FUNC,False,AI_RUNTIME
b612,B612,libtensorflowlite_gpu_delegate.so,__cxa_guard_acquire,__cxa_guard_acquire,0x0,0,STT_FUNC,False,AI_RUNTIME
b612,B612,libtensorflowlite_gpu_delegate.so,__cxa_guard_release,__cxa_guard_release,0x0,0,STT_FUNC,False,AI_RUNTIME
b612,B612,libtensorflowlite_gpu_delegate.so,__cxa_guard_abort,__cxa_guard_abort,0x0,0,STT_FUNC,False,AI_RUNTIME
b612,B612,libtensorflowlite_gpu_delegate.so,_ZdlPv,operator delete(void*),0x0,0,STT_FUNC,False,AI_RUNTIME
b612,B612,libtensorflowlite_gpu_delegate.so,strcmp,strcmp,0x0,0,STT_FUNC,False,AI_RUNTIME
b612,B612,libtensorflowlite_gpu_delegate.so,strlen,strlen,0x0,0,STT_FUNC,False,AI_RUNTIME
b612,B612,libtensorflowlite_gpu_delegate.so,__cxa_begin_catch,__cxa_begin_catch,0x0,0,STT_FUNC,False,AI_RUNTIME
b612,B612,libtensorflowlite_gpu_delegate.so,_ZSt9terminatev,std::terminate(),0x0,0,STT_FUNC,False,AI_RUNTIME
b612,B612,libtensorflowlite_gpu_delegate.so,memmove,memmove,0x0,0,STT_FUNC,False,AI_RUNTIME
b612,B612,libtensorflowlite_gpu_delegate.so,memcpy,memcpy,0x0,0,STT_FUNC,False,AI_RUNTIME
b612,B612,libtensorflowlite_gpu_delegate.so,abort,abort,0x0,0,STT_FUNC,False,AI_RUNTIME
b612,B612,libtensorflowlite_gpu_delegate.so,__cxa_allocate_exception,__cxa_allocate_exception,0x0,0,STT_FUNC,False,AI_RUNTIME
b612,B612,libtensorflowlite_gpu_delegate.so,_ZTISt12length_error,typeinfo for std::length_error,0x0,0,STT_OBJECT,False,AI_RUNTIME
b612,B612,libtensorflowlite_gpu_delegate.so,_ZNSt12length_errorD1Ev,std::length_error::~length_error(),0x0,0,STT_FUNC,False,AI_RUNTIME
b612,B612,libtensorflowlite_gpu_delegate.so,__cxa_throw,__cxa_throw,0x0,0,STT_FUNC,False,AI_RUNTIME
b612,B612,libtensorflowlite_gpu_delegate.so,__cxa_free_exception,__cxa_free_exception,0x0,0,STT_FUNC,False,AI_RUNTIME
b612,B612,libtensorflowlite_gpu_delegate.so,_ZNSt11logic_errorC2EPKc,std::logic_error::logic_error(char const*),0x0,0,STT_FUNC,False,AI_RUNTIME
b612,B612,libtensorflowlite_gpu_delegate.so,_ZTVSt12length_error,vtable for std::length_error,0x0,0,STT_OBJECT,False,AI_RUNTIME
b612,B612,libtensorflowlite_gpu_delegate.so,_ZNSt20bad_array_new_lengthC1Ev,std::bad_array_new_length::bad_array_new_length(),0x0,0,STT_FUNC,False,AI_RUNTIME
b612,B612,libtensorflowlite_gpu_delegate.so,_ZTISt20bad_array_new_length,typeinfo for std::bad_array_new_length,0x0,0,STT_OBJECT,False,AI_RUNTIME
b612,B612,libtensorflowlite_gpu_delegate.so,_ZNSt20bad_array_new_lengthD1Ev,std::bad_array_new_length::~bad_array_new_length(),0x0,0,STT_FUNC,False,AI_RUNTIME
b612,B612,libtensorflowlite_gpu_delegate.so,memset,memset,0x0,0,STT_FUNC,False,AI_RUNTIME
b612,B612,libtensorflowlite_gpu_delegate.so,_ZNSt6__ndk112basic_stringIcNS_11char_traitsIcEENS_9allocatorIcEEE6appendEPKcm,"std::__ndk1::basic_string<char, std::__ndk1::char_traits<char>, std::__ndk1::allocator<char>>::append(char const*, unsigned long)",0x0,0,STT_FUNC,False,AI_RUNTIME
b612,B612,libtensorflowlite_gpu_delegate.so,pthread_self,pthread_self,0x0,0,STT_FUNC,False,AI_RUNTIME
b612,B612,libtensorflowlite_gpu_delegate.so,_ZTVN10__cxxabiv117__class_type_infoE,vtable for __cxxabiv1::__class_type_info,0x0,0,STT_OBJECT,False,AI_RUNTIME
b612,B612,libtensorflowlite_gpu_delegate.so,_ZTVN10__cxxabiv120__si_class_type_infoE,vtable for __cxxabiv1::__si_class_type_info,0x0,0,STT_OBJECT,False,AI_RUNTIME
b612,B612,libtensorflowlite_gpu_delegate.so,__cxa_pure_virtual,__cxa_pure_virtual,0x0,0,STT_FUNC,False,AI_RUNTIME
b612,B612,libtensorflowlite_gpu_delegate.so,__gxx_personality_v0,__gxx_personality_v0,0x0,0,STT_FUNC,False,AI_RUNTIME
b612,B612,libtensorflowlite_gpu_delegate.so,glBufferData,glBufferData,0x0,0,STT_FUNC,False,AI_RUNTIME
b612,B612,libtensorflowlite_gpu_delegate.so,glGenBuffers,glGenBuffers,0x0,0,STT_FUNC,False,AI_RUNTIME
b612,B612,libtensorflowlite_gpu_delegate.so,glBindBuffer,glBindBuffer,0x0,0,STT_FUNC,False,AI_RUNTIME
b612,B612,libtensorflowlite_gpu_delegate.so,glDeleteBuffers,glDeleteBuffers,0x0,0,STT_FUNC,False,AI_RUNTIME
b612,B612,libtensorflowlite_gpu_delegate.so,_ZNSt6__ndk112basic_stringIcNS_11char_traitsIcEENS_9allocatorIcEEE6appendEPKc,"std::__ndk1::basic_string<char, std::__ndk1::char_traits<char>, std::__ndk1::allocator<char>>::append(char const*)",0x0,0,STT_FUNC,False,AI_RUNTIME
b612,B612,libtensorflowlite_gpu_delegate.so,memcmp,memcmp,0x0,0,STT_FUNC,False,AI_RUNTIME
b612,B612,libturbojpeg3.so,__cxa_finalize,__cxa_finalize,0x0,0,STT_FUNC,False,IMAGE_IO
b612,B612,libturbojpeg3.so,__cxa_atexit,__cxa_atexit,0x0,0,STT_FUNC,False,IMAGE_IO
b612,B612,libturbojpeg3.so,fopen,fopen,0x0,0,STT_FUNC,False,IMAGE_IO
b612,B612,libturbojpeg3.so,fwrite,fwrite,0x0,0,STT_FUNC,False,IMAGE_IO
b612,B612,libturbojpeg3.so,fclose,fclose,0x0,0,STT_FUNC,False,IMAGE_IO
b612,B612,libturbojpeg3.so,__stack_chk_fail,__stack_chk_fail,0x0,0,STT_FUNC,False,IMAGE_IO
b612,B612,libturbojpeg3.so,clock,clock,0x0,0,STT_FUNC,False,IMAGE_IO
b612,B612,libturbojpeg3.so,AndroidBitmap_getInfo,AndroidBitmap_getInfo,0x0,0,STT_FUNC,False,IMAGE_IO
b612,B612,libturbojpeg3.so,AndroidBitmap_lockPixels,AndroidBitmap_lockPixels,0x0,0,STT_FUNC,False,IMAGE_IO
b612,B612,libturbojpeg3.so,malloc,malloc,0x0,0,STT_FUNC,False,IMAGE_IO
b612,B612,libturbojpeg3.so,free,free,0x0,0,STT_FUNC,False,IMAGE_IO
b612,B612,libturbojpeg3.so,AndroidBitmap_unlockPixels,AndroidBitmap_unlockPixels,0x0,0,STT_FUNC,False,IMAGE_IO
b612,B612,libturbojpeg3.so,stat,stat,0x0,0,STT_FUNC,False,IMAGE_IO
b612,B612,libturbojpeg3.so,fread,fread,0x0,0,STT_FUNC,False,IMAGE_IO
b612,B612,libturbojpeg3.so,memcpy,memcpy,0x0,0,STT_FUNC,False,IMAGE_IO
b612,B612,libturbojpeg3.so,setjmp,setjmp,0x0,0,STT_FUNC,False,IMAGE_IO
b612,B612,libturbojpeg3.so,longjmp,longjmp,0x0,0,STT_FUNC,False,IMAGE_IO
b612,B612,libturbojpeg3.so,calloc,calloc,0x0,0,STT_FUNC,False,IMAGE_IO
b612,B612,libturbojpeg3.so,memset,memset,0x0,0,STT_FUNC,False,IMAGE_IO
b612,B612,libturbojpeg3.so,__android_log_print,__android_log_print,0x0,0,STT_FUNC,False,IMAGE_IO
b612,B612,libturbojpeg3.so,fflush,fflush,0x0,0,STT_FUNC,False,IMAGE_IO
b612,B612,libturbojpeg3.so,ferror,ferror,0x0,0,STT_FUNC,False,IMAGE_IO
b612,B612,libturbojpeg3.so,exit,exit,0x0,0,STT_FUNC,False,IMAGE_IO
b612,B612,libturbojpeg3.so,__sF,__sF,0x0,0,STT_OBJECT,False,IMAGE_IO
b612,B612,libturbojpeg3.so,fprintf,fprintf,0x0,0,STT_FUNC,False,IMAGE_IO
b612,B612,libturbojpeg3.so,__vsnprintf_chk,__vsnprintf_chk,0x0,0,STT_FUNC,False,IMAGE_IO
b612,B612,libturbojpeg3.so,getenv,getenv,0x0,0,STT_FUNC,False,IMAGE_IO
b612,B612,libturbojpeg3.so,strlen,strlen,0x0,0,STT_FUNC,False,IMAGE_IO
b612,B612,libturbojpeg3.so,strncpy,strncpy,0x0,0,STT_FUNC,False,IMAGE_IO
b612,B612,libturbojpeg3.so,__strlen_chk,__strlen_chk,0x0,0,STT_FUNC,False,IMAGE_IO
b612,B612,libturbojpeg3.so,sscanf,sscanf,0x0,0,STT_FUNC,False,IMAGE_IO
b612,B612,libturbojpeg3.so,vsnprintf,vsnprintf,0x0,0,STT_FUNC,False,IMAGE_IO
b612,B612,libturbojpeg3.so,strcmp,strcmp,0x0,0,STT_FUNC,False,IMAGE_IO
b612,B612,libturbojpeg3.so,getc,getc,0x0,0,STT_FUNC,False,IMAGE_IO
b612,B612,libturbojpeg3.so,ungetc,ungetc,0x0,0,STT_FUNC,False,IMAGE_IO
b612,B612,libturbojpeg3.so,__errno,__errno,0x0,0,STT_FUNC,False,IMAGE_IO
b612,B612,libturbojpeg3.so,strerror,strerror,0x0,0,STT_FUNC,False,IMAGE_IO
b612,B612,libturbojpeg3.so,strrchr,strrchr,0x0,0,STT_FUNC,False,IMAGE_IO
b612,B612,libturbojpeg3.so,strcasecmp,strcasecmp,0x0,0,STT_FUNC,False,IMAGE_IO
b612,B612,libturbojpeg3.so,setenv,setenv,0x0,0,STT_FUNC,False,IMAGE_IO
b612,B612,libyuv.so,__cxa_finalize,__cxa_finalize,0x0,0,STT_FUNC,False,IMAGE_IO
b612,B612,libyuv.so,__cxa_atexit,__cxa_atexit,0x0,0,STT_FUNC,False,IMAGE_IO
b612,B612,libyuv.so,__register_atfork,__register_atfork,0x0,0,STT_FUNC,False,IMAGE_IO
b612,B612,libyuv.so,log10,log10,0x0,0,STT_FUNC,False,IMAGE_IO
b612,B612,libyuv.so,malloc,malloc,0x0,0,STT_FUNC,False,IMAGE_IO
b612,B612,libyuv.so,free,free,0x0,0,STT_FUNC,False,IMAGE_IO
b612,B612,libyuv.so,fopen,fopen,0x0,0,STT_FUNC,False,IMAGE_IO
b612,B612,libyuv.so,fgets,fgets,0x0,0,STT_FUNC,False,IMAGE_IO
b612,B612,libyuv.so,strstr,strstr,0x0,0,STT_FUNC,False,IMAGE_IO
b612,B612,libyuv.so,fclose,fclose,0x0,0,STT_FUNC,False,IMAGE_IO
b612,B612,libyuv.so,__stack_chk_fail,__stack_chk_fail,0x0,0,STT_FUNC,False,IMAGE_IO
b612,B612,libyuv.so,strlen,strlen,0x0,0,STT_FUNC,False,IMAGE_IO
b612,B612,libyuv.so,strcmp,strcmp,0x0,0,STT_FUNC,False,IMAGE_IO
b612,B612,libyuv.so,getenv,getenv,0x0,0,STT_FUNC,False,IMAGE_IO
b612,B612,libyuv.so,memset,memset,0x0,0,STT_FUNC,False,IMAGE_IO
b612,B612,libyuv.so,memcpy,memcpy,0x0,0,STT_FUNC,False,IMAGE_IO
b612,B612,libyuv.so,ConvertToARGB,ConvertToARGB,0x1e110,2400,STT_FUNC,False,IMAGE_IO
b612,B612,libyuv.so,MirrorRow_NEON,MirrorRow_NEON,0x3a40c,40,STT_FUNC,False,IMAGE_IO
b612,B612,libyuv.so,ARGBGrayRow_C,ARGBGrayRow_C,0x31804,388,STT_FUNC,False,IMAGE_IO
b612,B612,libyuv.so,SobelToPlaneRow_Any_NEON,SobelToPlaneRow_Any_NEON,0x29d0c,236,STT_FUNC,False,IMAGE_IO
b612,B612,libyuv.so,RGB24ToARGBRow_C,RGB24ToARGBRow_C,0x2d4a0,296,STT_FUNC,False,IMAGE_IO
b612,B612,libyuv.so,ARGBBlendRow_NEON,ARGBBlendRow_NEON,0x3b2f4,164,STT_FUNC,False,IMAGE_IO
b612,B612,libyuv.so,RGBAToYRow_NEON,RGBAToYRow_NEON,0x3b1c8,56,STT_FUNC,False,IMAGE_IO
b612,B612,libyuv.so,UYVYToUV422Row_NEON,UYVYToUV422Row_NEON,0x3a61c,24,STT_FUNC,False,IMAGE_IO
b612,B612,libyuv.so,UYVYToYRow_NEON,UYVYToYRow_NEON,0x3a5f0,20,STT_FUNC,False,IMAGE_IO
b612,B612,libyuv.so,TransposeWx8_NEON,TransposeWx8_NEON,0x270fc,456,STT_FUNC,False,IMAGE_IO
b612,B612,libyuv.so,ScaleRowDown34_1_Box_16_C,ScaleRowDown34_1_Box_16_C,0x3ec1c,540,STT_FUNC,False,IMAGE_IO
b612,B612,libyuv.so,ABGRToARGB,ABGRToARGB,0x1983c,20,STT_FUNC,False,IMAGE_IO
b612,B612,libyuv.so,NV21ToARGBRow_C,NV21ToARGBRow_C,0x352a0,648,STT_FUNC,False,IMAGE_IO
b612,B612,libyuv.so,ARGBToYRow_NEON,ARGBToYRow_NEON,0x3a7a4,56,STT_FUNC,False,IMAGE_IO
b612,B612,libyuv.so,ARGBToRGB24,ARGBToRGB24,0x1b1cc,260,STT_FUNC,False,IMAGE_IO
b612,B612,libyuv.so,ScaleARGBRowDown2Linear_Any_NEON,ScaleARGBRowDown2Linear_Any_NEON,0x3bf5c,104,STT_FUNC,False,IMAGE_IO
b612,B612,libyuv.so,ComputeHammingDistance,ComputeHammingDistance,0x1738c,248,STT_FUNC,False,IMAGE_IO
b612,B612,libyuv.so,I420ToRGB565,I420ToRGB565,0x1cfd0,368,STT_FUNC,False,IMAGE_IO
b612,B612,libyuv.so,RotatePlane,RotatePlane,0x27de4,520,STT_FUNC,False,IMAGE_IO
b612,B612,libyuv.so,kYuvH709Constants,kYuvH709Constants,0xae30,96,STT_OBJECT,False,IMAGE_IO
b612,B612,libyuv.so,TransposeUVWx8_C,TransposeUVWx8_C,0x26c98,320,STT_FUNC,False,IMAGE_IO
b612,B612,libyuv.so,ScaleRowDown4_Any_NEON,ScaleRowDown4_Any_NEON,0x3baac,104,STT_FUNC,False,IMAGE_IO
b612,B612,libyuv.so,CpuId,CpuId,0x2155c,8,STT_FUNC,False,IMAGE_IO
b612,B612,libyuv.so,ARGBExtractAlphaRow_NEON,ARGBExtractAlphaRow_NEON,0x3a7dc,20,STT_FUNC,False,IMAGE_IO
