index,so_name,size_bytes,sha256,md5,elf_class,elf_machine,soname,build_id,ndk_version,is_stripped,dt_needed_count,defined_symbols_count,undefined_symbols_count,exported_jni_symbols,has_jni_onload,role_category,reimplementation_status,reimplementation_plan
1,libAIModelKit.so,280608,96eb16089da9b1b797928a73ec4b4ddd27c43bc557940c96ca167cf657a89b9c,cd6585a04bae9bc78155b89ebe74b1c2,ELF64,AArch64,libAIModelKit.so,bc41060f811fc4a7b347f8c756e5effa02757269,N/A,STRIPPED,5,351,57,14,False,NEURAL_NET_AI_RUNTIME,MODULAR_MODEL_MANAGER,Replaced by C++ ModelLoader & Asset Pipeline
2,libAIModelSearchKit.so,1027728,20233f05b4b010280d16e728103a0995ca2580697b5f9c708fa333e9ff8d1899,e14a2af76c51a6ac1272b84454a4c64d,ELF64,AArch64,libAIModelSearchKit.so,2e1af5b167b3eed5ecede228b7edff04ce54f1c5,N/A,STRIPPED,5,2117,134,0,True,NEURAL_NET_AI_RUNTIME,MODULAR_MODEL_MANAGER,Replaced by C++ ModelLoader & Asset Pipeline
3,libARKernelInterface.so,17829224,594c5085475d8bb58baacb20293aec805211aa5ccc53b3542f3149196d354953,b5b035c018cda207b65a0e3875c8d861,ELF64,AArch64,libARKernelInterface.so,04ffd9bac1ab6ec9ee0065323d29594509f73919,N/A,STRIPPED,16,912,624,0,True,AR_FACE_TRACKING_CORE,REPLACED_MEDIAPIPE_3DMM,Replaced with MediaPipe Face Landmarker & 3DMM Morph Target mesh
4,libARSPM.so,5298024,ec420f2eec97cf2debbf4778045cfd0ac08b78eae656a4f90e282d49b3ef0114,46f566ebabaf519d3ea08bec197cd48b,ELF64,AArch64,libARSPM.so,3adf0f2906c0a00f386d04651fdae57e9b63547b,N/A,STRIPPED,8,56,292,0,False,AR_FACE_TRACKING_CORE,REPLACED_MEDIAPIPE_3DMM,Replaced with MediaPipe Face Landmarker & 3DMM Morph Target mesh
5,libCtaApiLib.so,494080,4a91ccac45408daa30e8dd60f7c6eee68aeffbdd66e1e9b6e435b1aa3377fcd5,8fbc94c555a9cf0e109daa503d21e43f,ELF64,AArch64,libCtaApiLib.so,239c21b448f68ce8bab7b19f36c3d56cdf4fdc7e,N/A,STRIPPED,5,215,65,0,True,SYSTEM_DIAGNOSTICS_UTILITY,DECOMMISSIONED_VENDOR_INTERNAL,Proprietary vendor telemetry/crash reporter not needed in clean-room engine
6,libKKMusicFX.so,519504,cd876a2e49a129b1bcefdc4aca42047faa4aaf954c6c1286edb80209ac38031d,4cfc7f9a454bbac5ea15c571e3e0279b,ELF64,AArch64,libKKMusicFX.so,c319ffa6783e01bdf513c33ea7201e9f1a81e902,N/A,STRIPPED,7,112,175,0,True,MEDIA_AUDIO_VIDEO_CODEC,NDK_MEDIACODEC_HARDWARE,Replaced with Android NDK MediaCodec Hardware Pipeline
7,libLayerFlow.so,5544776,ef8d1581038778b72abca3ca8fd5046e49fd44e0465871b023647fe42a582262,78069a142af36e2975ef2147adb36ca5,ELF64,AArch64,libLayerFlow.so,9166d17d6c8c5a7ba9047760806b5fe63866e48b,N/A,STRIPPED,21,6503,813,0,True,COLOR_IMAGE_GRAPHICS_PIPELINE,REPLACED_CLEAN_ROOM_CONVERT2,Clean-room C++ Native Core implemented in CONVERT2 lib-core-graphics
8,libMTARMPM.so,99704,a8cc628d8542ef953bcbea36252df569ff03efcea40c3e99a01a5d01489965b4,2120ecc5e04940badebd7362bb7e48af,ELF64,AArch64,libMTARMPM.so,a1db4670dcfa4a74e1c452672a986bdb45f13367,N/A,STRIPPED,6,44,142,0,False,AR_FACE_TRACKING_CORE,REPLACED_MEDIAPIPE_3DMM,Replaced with MediaPipe Face Landmarker & 3DMM Morph Target mesh
9,libMTFilterKernel.so,1858440,f938fe73095fceba72875d1ab42f8aeb6a9f31f3933831bec070404c0e7ecac4,ecc290f5f600134da5e92bbe10e34a59,ELF64,AArch64,libMTFilterKernel.so,05d25f33b47237df48aab961ae026386d69fa8eb,N/A,STRIPPED,10,3113,259,2,True,COLOR_IMAGE_GRAPHICS_PIPELINE,REPLACED_CLEAN_ROOM_CONVERT2,Clean-room C++ Native Core implemented in CONVERT2 lib-core-graphics
10,libMTGif.so,83560,a896d526a7ee74611ffd9a611b797c65505e60b4c60ff27fab75ecabbe69a134,5d5955053efb165cbec8a585f958bd95,ELF64,AArch64,libMTGif.so,a57bd5d52680a1daf6559b574644a0922db965e1,N/A,STRIPPED,6,135,113,0,True,COLOR_IMAGE_GRAPHICS_PIPELINE,STANDARD_OPEN_FORMAT_REPLACE,Replaced with standard Android NDK / Skia / libjpeg-turbo
11,libMTLReportTool.so,73224,c34587e543305b8e92fe3156a424f86251667c363d1758be61917d1ef1f1152c,d08a24a90c01c12177049e7be2680fe2,ELF64,AArch64,libMTLReportTool.so,5ba82d516e059501228bb633e19246efdeadc934,N/A,STRIPPED,6,50,101,0,True,SYSTEM_DIAGNOSTICS_UTILITY,DECOMMISSIONED_VENDOR_INTERNAL,Proprietary vendor telemetry/crash reporter not needed in clean-room engine
12,libManis.so,9928576,19daf9b4b1718c843169d68391e99a27d10bd3cece52226c887c3ab9b93dddc2,3217c2ef41ecdf83681902eddac2a182,ELF64,AArch64,libManis.so,74c6f0b4d5ddcf4c758019c104a85b14038839b6,N/A,STRIPPED,10,303,338,0,False,NEURAL_NET_AI_RUNTIME,REPLACED_NCNN_VULKAN,Replaced with NCNN GPU/Vulkan inference engine in lib-ai-engine
13,libMtlabSign.so,22016,6901812e71f57bd62614000ad735cafdf0dac5282dbeb766b818dd1f1d333cab,c4ef90737f8be351e89955cb683349d1,ELF64,AArch64,libMtlabSign.so,ef3c9306826d6ac59b35244333e0331783bbaca3,N/A,STRIPPED,5,19,33,1,False,SYSTEM_DIAGNOSTICS_UTILITY,DECOMMISSIONED_VENDOR_INTERNAL,Proprietary vendor telemetry/crash reporter not needed in clean-room engine
14,libPVGCodec.so,1283760,4fa5f275c8ddecf7caa960c812108ec9e801365bfe5bc9cf38598233bc449ffc,e8e9caf2a5632688dd83b3b71cb9e6ba,ELF64,AArch64,libPVGCodec.so,7c48b61642b6c7bbfdebdb2aca3d42910ec4b31d,N/A,STRIPPED,13,551,506,0,True,MEDIA_AUDIO_VIDEO_CODEC,NDK_MEDIACODEC_HARDWARE,Replaced with Android NDK MediaCodec Hardware Pipeline
15,libPVGColorFunctions.so,380224,3aab7535eefd304fef426efd49c1fee51300261edc766cdc551355c3eebb04e6,1a58bae5e2cace35f567c72f9bad5f6f,ELF64,AArch64,libPVGColorFunctions.so,1011276c5b88cb50d83e7a8b444af1601979f983,N/A,STRIPPED,11,110,162,0,False,COLOR_IMAGE_GRAPHICS_PIPELINE,REPLACED_CLEAN_ROOM_CONVERT2,Clean-room C++ Native Core implemented in CONVERT2 lib-core-graphics
16,libPVGImageCodec.so,5133080,7745f3a95ec533332c96aff8d8d8c11d18e3011109741562bf3b319d3842fb1b,a7a25a5792fcfd4f37bdc51fbf1480c0,ELF64,AArch64,libPVGImageCodec.so,bcbf29e5738d9af2beab50167fd58265ca871bfd,N/A,STRIPPED,6,3870,321,0,False,COLOR_IMAGE_GRAPHICS_PIPELINE,STANDARD_OPEN_FORMAT_REPLACE,Replaced with standard Android NDK / Skia / libjpeg-turbo
17,libPVGLive.so,603200,e443f6a16cb8137d74a1583529666eb02bf4859b372175e2b4c226f6e188484c,66fed1d0235da6a6f8a2d229eb79214c,ELF64,AArch64,libPVGLive.so,8475e14f79e2e5a2d69ad3ccbcfbc462f2358f8f,N/A,STRIPPED,6,43,159,0,True,MEDIA_AUDIO_VIDEO_CODEC,NDK_MEDIACODEC_HARDWARE,Replaced with Android NDK MediaCodec Hardware Pipeline
18,libPVGVideoCodec.so,1150016,336cf1e8cdaaac1ad5bf77b96a03ae9ad90527e583c82aea44b05b25e5da4d26,6b9260bb1c522764fcecd3d89f04c92a,ELF64,AArch64,libPVGVideoCodec.so,b384580b58bb05debf73b90559e32a452e9608ca,N/A,STRIPPED,10,283,412,0,True,MEDIA_AUDIO_VIDEO_CODEC,NDK_MEDIACODEC_HARDWARE,Replaced with Android NDK MediaCodec Hardware Pipeline
19,libVERenderer.so,429728,2da896556822804506871c47fadda3fadf8537952e38642e6c496ccbbab8ca46,23208adedb764a0de22a7b390923b363,ELF64,AArch64,libVERenderer.so,31481e2228bb6921f181fed3bf90e841b1723778,N/A,STRIPPED,10,1257,220,0,False,COLOR_IMAGE_GRAPHICS_PIPELINE,REPLACED_CLEAN_ROOM_CONVERT2,Replaced by Vulkan RenderPass pipeline
20,libaicodec.so,2107800,f957a5b290991053f65943356816e837ae5a9d996fa0b2809fc89f680fc8a3cc,0223154f8fef69c92d5e37605e908176,ELF64,AArch64,libaicodec.so,60023fe7290327cd53b94bd317f56ce79dd42780,N/A,STRIPPED,9,3077,388,0,True,MEDIA_AUDIO_VIDEO_CODEC,NDK_MEDIACODEC_HARDWARE,Replaced with Android NDK MediaCodec Hardware Pipeline
21,libaidetectionplugin.so,531680,910ef898f457cac694080829b8f7b219ae6cc696f5adebe90beca9a70c0deda8,ebfed8a60e092885a0e4f387f47890e6,ELF64,AArch64,libaidetectionplugin.so,7751ec181741cb6be78844f8502107b72d707ec0,N/A,STRIPPED,13,622,923,0,True,NEURAL_NET_AI_RUNTIME,MODULAR_MODEL_MANAGER,Replaced by C++ ModelLoader & Asset Pipeline
22,libarkernel3.so,17786488,e08c1d494eef98759aa92594ca26420e097df51965a4407cc639a97bbaf35442,00d343a86d4492dab4827757edf655fb,ELF64,AArch64,libarkernel3.so,2306a217ec820cc2cb2636dd2549a085bcd971e4,N/A,STRIPPED,15,1800,1116,0,False,AR_FACE_TRACKING_CORE,REPLACED_MEDIAPIPE_3DMM,Replaced with MediaPipe Face Landmarker & 3DMM Morph Target mesh
23,libarkernel3_android.so,693576,81aac3f4cdf285c4e71d0514ea985c60c5a88ac7c5ca9f1a95f812e3368799da,b3caa5f0b8a19a8b802dda6b79c27614,ELF64,AArch64,libarkernel3_android.so,caec9ec90568096dac8d12fa8e64a7a1b3b2e4dc,N/A,STRIPPED,7,2607,1458,2605,True,AR_FACE_TRACKING_CORE,REPLACED_MEDIAPIPE_3DMM,Replaced with MediaPipe Face Landmarker & 3DMM Morph Target mesh
24,libarkernel3_c.so,501664,549ace66fe1522b7e9596fce23a3a254fbec25442f177235a10173dff8fde339,b982d7197f5a30390889159520559ce7,ELF64,AArch64,libarkernel3_c.so,ade3f296ae1d0352564a7d230cbfa3c8f8b08961,N/A,STRIPPED,5,1922,1459,0,False,AR_FACE_TRACKING_CORE,REPLACED_MEDIAPIPE_3DMM,Replaced with MediaPipe Face Landmarker & 3DMM Morph Target mesh
25,libbmpKit.so,486360,550e87fbfd13b8de0833789df04038c659e0472606e6a161eaf775ba126cd168,d37d77a1ffc02d77822f290127548885,ELF64,AArch64,libbmpKit.so,188456374487759d2a1f3203cf35775898bbf6b0,N/A,STRIPPED,7,609,107,0,True,COLOR_IMAGE_GRAPHICS_PIPELINE,STANDARD_OPEN_FORMAT_REPLACE,Replaced with standard Android NDK / Skia / libjpeg-turbo
26,libbuffer_pgl.so,9000,d416381c202993e4a03fd6ae0c5b407f1531f61fc45f518ad5b7f4620d5a2133,f33617ab57aacba361f92def47076b8c,ELF64,AArch64,libbuffer_pgl.so,197328c3ea598c2ec416d0424a6cb9a542d4ee21,N/A,STRIPPED,4,12,17,11,False,SYSTEM_DIAGNOSTICS_UTILITY,DECOMMISSIONED_VENDOR_INTERNAL,Proprietary vendor telemetry/crash reporter not needed in clean-room engine
27,libbytehook.so,59080,1fa39f206cf1cb5863dc3770ec3a21339921364e647a3ab4dbb094eab83676d8,146c8258cc91c0b2d375d9a4f6f2d248,ELF64,AArch64,libbytehook.so,865eef44644208d943a65ae5afde6aa34c7669ed,N/A,STRIPPED,5,20,75,0,True,SYSTEM_DIAGNOSTICS_UTILITY,DECOMMISSIONED_VENDOR_INTERNAL,Proprietary vendor telemetry/crash reporter not needed in clean-room engine
28,libc++_shared.so,1292904,4397241b4bd20a8e579bfb41d21107857e12985f6a01ca0c2a5f83380d1270b4,a31a912e2a6fd69f37812472e56659dd,ELF64,AArch64,libc++_shared.so,b04675a35ad96f8a9dcaa073e3bd31d4536f00ad,N/A,STRIPPED,3,2336,161,0,False,SYSTEM_DIAGNOSTICS_UTILITY,DECOMMISSIONED_VENDOR_INTERNAL,Proprietary vendor telemetry/crash reporter not needed in clean-room engine
29,libdexvmp.so,516600,b4a46520ec989fef5346833db8f9a1bd6a6690902731414ed26f65cc529cc06e,66c9f3bfcc2d6b4a540559e866e2f6dd,ELF64,AArch64,libdexvmp.so,N/A,N/A,STRIPPED,5,292,22,0,True,SYSTEM_DIAGNOSTICS_UTILITY,DECOMMISSIONED_VENDOR_INTERNAL,Proprietary vendor telemetry/crash reporter not needed in clean-room engine
30,libfantasy.so,2623024,fefb87a88745a4aa8e8dcc421c7ec46a91a648e7afef86a312d1a3776a8c7724,34caa46088b91f994940f173fab24f0a,ELF64,AArch64,libfantasy.so,22cd12a5a61e7c8130a75037933f3aa9c9f66aab,N/A,STRIPPED,5,197,128,0,False,SYSTEM_DIAGNOSTICS_UTILITY,DECOMMISSIONED_VENDOR_INTERNAL,Proprietary vendor telemetry/crash reporter not needed in clean-room engine
31,libffavc.so,1161456,1e214164a6c153f74f25018c1625f3e71d1d5ba601f6592c4dd89385dcc4b0bc,8b14a1486673cad9990c7e7108299035,ELF64,AArch64,libffavc.so,9df2313f96fb1cb34be7adfc0abc06d41d34fb03,N/A,STRIPPED,4,2,101,1,False,MEDIA_AUDIO_VIDEO_CODEC,NDK_MEDIACODEC_HARDWARE,Replaced with Android NDK MediaCodec Hardware Pipeline
32,libffmpeg.so,7546632,d8df8c5cb7a6b5a7eb771782d74a38e0b8d3cfacd1fbef1ae67a96171e3325c9,31c49ada08f50d4cc6d5798b848b0b17,ELF64,AArch64,libffmpeg.so,N/A,N/A,STRIPPED,7,3247,229,0,False,MEDIA_AUDIO_VIDEO_CODEC,NDK_MEDIACODEC_HARDWARE,Replaced with Android NDK MediaCodec Hardware Pipeline
33,libffmpegfilter.so,267600,f22a7ea6da3194d046ecbce5ce3b602bcb56edfd96444a6e29e1a3c3449cf981,1781c39d2b80dfe6060124eea336e958,ELF64,AArch64,libffmpegfilter.so,N/A,N/A,STRIPPED,5,248,184,0,False,MEDIA_AUDIO_VIDEO_CODEC,NDK_MEDIACODEC_HARDWARE,Replaced with Android NDK MediaCodec Hardware Pipeline
34,libfftw3.so,502784,0968cee954c2bcbbb8df9daca5a9d122343b280462aaad9533f083f15a4b1c32,534597320f7651170e4a44e60068c248,ELF64,AArch64,libfftw3.so,af81180d715ab88fce7775a5bdf551ad9ca124f4,N/A,STRIPPED,3,382,21,0,False,COLOR_IMAGE_GRAPHICS_PIPELINE,OPEN_SOURCE_GPL_REPLACE,Replace with permissive KissFFT or PocketFFT
35,libfile_lock_pgl.so,6312,d14096b150b4b2f21263fdb4f1c61eea3fcd76804c776de2395b13dfbe1d8ca0,38092a06fc30324faa9b906f3abd7373,ELF64,AArch64,libfile_lock_pgl.so,d110cb6f3edbb540992a7a4e54f02565ad48acba,N/A,STRIPPED,4,6,9,6,False,SYSTEM_DIAGNOSTICS_UTILITY,DECOMMISSIONED_VENDOR_INTERNAL,Proprietary vendor telemetry/crash reporter not needed in clean-room engine
36,libfntvcrash.so,57592,91b4bfd158229e340d5c7f6722df9d1a1ab72b9e3a5dd72da903bad571fa7e11,ccd9380f25ccd239aa006f01a839dd2d,ELF64,AArch64,libfntvcrash.so,f146b572d4fff3cd520895a8083b93a61522d1ee,N/A,STRIPPED,4,1,62,0,True,SYSTEM_DIAGNOSTICS_UTILITY,DECOMMISSIONED_VENDOR_INTERNAL,Proprietary vendor telemetry/crash reporter not needed in clean-room engine
37,libglide-webp.so,412080,2f7f38acc0d294a3333069aa8a3c07e69d4bc0a64f162215578bd55dbe1a4486,8ca5580f556f613909fbea4e1e8dc88c,ELF64,AArch64,libglide-webp.so,50d5d653db783956719b9bbba852f7b8e453a573,N/A,STRIPPED,5,525,48,0,True,COLOR_IMAGE_GRAPHICS_PIPELINE,STANDARD_OPEN_FORMAT_REPLACE,Replaced with standard Android NDK / Skia / libjpeg-turbo
38,libhiai.so,446504,30a096c17346403d98a32a1a4d0762fa8e220f6c40e65aec9460cdfd6c7418ee,d66c02b50c4ed5ed8a0498b0f1a4559e,ELF64,AArch64,libhiai.so,N/A,N/A,STRIPPED,5,425,104,0,False,NEURAL_NET_AI_RUNTIME,DEPRECATED_VENDOR_NPU,Huawei HiAI vendor NPU replaced by standard NNAPI/Vulkan
39,libhiai_ir.so,868936,c96af03947bde73255f4b77e3c253ae63130fdfed8b259196d24bbf3ba84a7d1,11761d0d271ba08f78282a73becc1f0c,ELF64,AArch64,libhiai_ir.so,N/A,N/A,STRIPPED,5,1103,87,0,False,NEURAL_NET_AI_RUNTIME,DEPRECATED_VENDOR_NPU,Huawei HiAI vendor NPU replaced by standard NNAPI/Vulkan
40,libhiai_ir_build.so,27120,5357c178714545ba0ec715556f70252bf650dd53099170b3fe5519b6ec42cedd,eb3c4a6c7a4493daa2c85b4e6eece1d9,ELF64,AArch64,libhiai_ir_build.so,N/A,N/A,STRIPPED,7,9,46,0,False,NEURAL_NET_AI_RUNTIME,DEPRECATED_VENDOR_NPU,Huawei HiAI vendor NPU replaced by standard NNAPI/Vulkan
41,libhttpelf.so,51272,26ca2ac83e64fe651c4cbc15cf124fc8d86a51f560d753a6fae7cc840dd3ea91,9d2d2787fce6519046edb8b8bd5ddc69,ELF64,AArch64,libhttpelf.so,057b871b3c318d7aef0fdf94d06f0130232fd835,N/A,STRIPPED,6,1,38,1,False,SYSTEM_DIAGNOSTICS_UTILITY,DECOMMISSIONED_VENDOR_INTERNAL,Proprietary vendor telemetry/crash reporter not needed in clean-room engine
42,libkoom-strip-dump.so,576288,db0db1bdef5f51386ea2036682c0129b842aa5e3445a26d60ea6c5d29113faa3,004bb90e9dcd716785cd910e09dd0172,ELF64,AArch64,libkoom-strip-dump.so,47210683e04e047a893a7b7ebd22328c083c5a23,N/A,STRIPPED,5,997,164,6,False,SYSTEM_DIAGNOSTICS_UTILITY,DECOMMISSIONED_VENDOR_INTERNAL,Proprietary vendor telemetry/crash reporter not needed in clean-room engine
43,liblabdeviceinfo.so,126312,68ee1bc7a413742159a9375ff3dcc2d78c31f4259ab697e252acb4f2dfe90e5e,847d947c5963a8361833e84306957b00,ELF64,AArch64,liblabdeviceinfo.so,18b1b4cdfa6dd63b89b988507fef684cc2dc924e,N/A,STRIPPED,7,3,82,0,True,SYSTEM_DIAGNOSTICS_UTILITY,DECOMMISSIONED_VENDOR_INTERNAL,Proprietary vendor telemetry/crash reporter not needed in clean-room engine
44,libmanis_npu_adapter.so,1022088,99a9a4b161b9797d7cf621e93a51a7df408f80c84e652bbc6724eef7e71ca6f3,3d4c67f3e3cf5802c0348f700f539910,ELF64,AArch64,libmanis_npu_adapter.so,18efecf1b78c7e808a81373846e48b11260f4af3,N/A,STRIPPED,8,1891,160,0,False,NEURAL_NET_AI_RUNTIME,REPLACED_NCNN_VULKAN,Replaced with NCNN GPU/Vulkan inference engine in lib-ai-engine
45,libmfxkit.so,773652,78923a90997d34c5dd51215a6cd2bc26c9731806fd9037e4aa71fd3873d3bb4f,853b15a0c278b7ad48246fa014546288,ELF64,AArch64,libmfxkit.so,N/A,N/A,STRIPPED,0,0,0,0,False,SYSTEM_DIAGNOSTICS_UTILITY,DECOMMISSIONED_VENDOR_INTERNAL,Proprietary vendor telemetry/crash reporter not needed in clean-room engine
