app_slug,caller_module,callee_symbol,xref_type,evidence_source,functional_description
picsart,UI / Java/Kotlin DEX + PicsArt Native GE,libbucketfill.so::JNI_OnLoad,JNI_LIFECYCLE,ELF_DYNAMIC,Dynamic library initialization and native method registration
picsart,libbucketfill.so,glDrawArrays / glDrawElements,GLES_RENDER,LIB_IMPORT,Hardware GPU render execution pass
picsart,UI / Java/Kotlin DEX + PicsArt Native GE,libgecore.so::JNI_OnLoad,JNI_LIFECYCLE,ELF_DYNAMIC,Dynamic library initialization and native method registration
picsart,libgecore.so,glDrawArrays / glDrawElements,GLES_RENDER,LIB_IMPORT,Hardware GPU render execution pass
picsart,UI / Java/Kotlin DEX + PicsArt Native GE,libgifencoder.so::JNI_OnLoad,JNI_LIFECYCLE,ELF_DYNAMIC,Dynamic library initialization and native method registration
picsart,libgifencoder.so,glDrawArrays / glDrawElements,GLES_RENDER,LIB_IMPORT,Hardware GPU render execution pass
picsart,UI / Java/Kotlin DEX + PicsArt Native GE,libgifimage.so::JNI_OnLoad,JNI_LIFECYCLE,ELF_DYNAMIC,Dynamic library initialization and native method registration
picsart,libgifimage.so,glDrawArrays / glDrawElements,GLES_RENDER,LIB_IMPORT,Hardware GPU render execution pass
picsart,UI / Java/Kotlin DEX + PicsArt Native GE,libimagepipeline.so::JNI_OnLoad,JNI_LIFECYCLE,ELF_DYNAMIC,Dynamic library initialization and native method registration
picsart,libimagepipeline.so,glDrawArrays / glDrawElements,GLES_RENDER,LIB_IMPORT,Hardware GPU render execution pass
picsart,UI / Java/Kotlin DEX + PicsArt Native GE,libnative-filters.so::JNI_OnLoad,JNI_LIFECYCLE,ELF_DYNAMIC,Dynamic library initialization and native method registration
picsart,libnative-filters.so,glDrawArrays / glDrawElements,GLES_RENDER,LIB_IMPORT,Hardware GPU render execution pass
picsart,UI / Java/Kotlin DEX + PicsArt Native GE,libnative-imagetranscoder.so::JNI_OnLoad,JNI_LIFECYCLE,ELF_DYNAMIC,Dynamic library initialization and native method registration
picsart,libnative-imagetranscoder.so,glDrawArrays / glDrawElements,GLES_RENDER,LIB_IMPORT,Hardware GPU render execution pass
picsart,UI / Java/Kotlin DEX + PicsArt Native GE,libpilibs.so::JNI_OnLoad,JNI_LIFECYCLE,ELF_DYNAMIC,Dynamic library initialization and native method registration
picsart,libpilibs.so,glDrawArrays / glDrawElements,GLES_RENDER,LIB_IMPORT,Hardware GPU render execution pass
picsart,UI / Java/Kotlin DEX + PicsArt Native GE,libpl_droidsonroids_gif.so::JNI_OnLoad,JNI_LIFECYCLE,ELF_DYNAMIC,Dynamic library initialization and native method registration
picsart,libpl_droidsonroids_gif.so,glDrawArrays / glDrawElements,GLES_RENDER,LIB_IMPORT,Hardware GPU render execution pass
picsart,UI / Java/Kotlin DEX + PicsArt Native GE,libsmudgetool.so::JNI_OnLoad,JNI_LIFECYCLE,ELF_DYNAMIC,Dynamic library initialization and native method registration
picsart,libsmudgetool.so,glDrawArrays / glDrawElements,GLES_RENDER,LIB_IMPORT,Hardware GPU render execution pass
picsart,UI / Java/Kotlin DEX + PicsArt Native GE,libstatic-webp.so::JNI_OnLoad,JNI_LIFECYCLE,ELF_DYNAMIC,Dynamic library initialization and native method registration
picsart,libstatic-webp.so,glDrawArrays / glDrawElements,GLES_RENDER,LIB_IMPORT,Hardware GPU render execution pass
