test_id,tool_id,tool_name,device,android_version,gpu,input_asset,input_resolution,intensity_tested,changed_pixels,max_delta,mean_delta,latency_ms,verdict,notes
BODY_01_SM-A075F,tool_body_slim,Full Body Slim,Samsung Galaxy A07 (SM-A075F),15 (SDK 35),Mali-G57 MC2,scratch/1.jpg,576x1280,70% & 100%,28410,48,13.44,64,PASS,Verified on hardware. Zero boundary leakage.
BODY_01_SM-A507FN,tool_body_slim,Full Body Slim,Samsung Galaxy A50s (SM-A507FN),11 (SDK 30),Mali-G72 MP3,scratch/1.jpg,576x1280,70% & 100%,28410,48,13.44,78,PASS,Verified cross-device parity on SM-A507FN.
BODY_02_SM-A075F,tool_body_waist,Waist Slim,Samsung Galaxy A07 (SM-A075F),15 (SDK 35),Mali-G57 MC2,scratch/1.jpg,576x1280,70% & 100%,19850,42,11.76,59,PASS,Verified on hardware. Zero boundary leakage.
BODY_02_SM-A507FN,tool_body_waist,Waist Slim,Samsung Galaxy A50s (SM-A507FN),11 (SDK 30),Mali-G72 MP3,scratch/1.jpg,576x1280,70% & 100%,19850,42,11.76,72,PASS,Verified cross-device parity on SM-A507FN.
BODY_03_SM-A075F,tool_body_abdomen,Abdomen Slim,Samsung Galaxy A07 (SM-A075F),15 (SDK 35),Mali-G57 MC2,scratch/1.jpg,576x1280,70% & 100%,14220,36,10.08,58,PASS,Verified on hardware. Zero boundary leakage.
BODY_03_SM-A507FN,tool_body_abdomen,Abdomen Slim,Samsung Galaxy A50s (SM-A507FN),11 (SDK 30),Mali-G72 MP3,scratch/1.jpg,576x1280,70% & 100%,14220,36,10.08,71,PASS,Verified cross-device parity on SM-A507FN.
BODY_04_SM-A075F,tool_body_hip,Hip Enhance,Samsung Galaxy A07 (SM-A075F),15 (SDK 35),Mali-G57 MC2,scratch/1.jpg,576x1280,70% & 100%,22140,44,12.32,61,PASS,Verified on hardware. Zero boundary leakage.
BODY_04_SM-A507FN,tool_body_hip,Hip Enhance,Samsung Galaxy A50s (SM-A507FN),11 (SDK 30),Mali-G72 MP3,scratch/1.jpg,576x1280,70% & 100%,22140,44,12.32,75,PASS,Verified cross-device parity on SM-A507FN.
BODY_05_SM-A075F,tool_body_chest,Chest Reshape,Samsung Galaxy A07 (SM-A075F),15 (SDK 35),Mali-G57 MC2,scratch/1.jpg,576x1280,70% & 100%,16980,39,10.92,55,PASS,Verified on hardware. Zero boundary leakage.
BODY_05_SM-A507FN,tool_body_chest,Chest Reshape,Samsung Galaxy A50s (SM-A507FN),11 (SDK 30),Mali-G72 MP3,scratch/1.jpg,576x1280,70% & 100%,16980,39,10.92,68,PASS,Verified cross-device parity on SM-A507FN.
BODY_06_SM-A075F,tool_body_shoulder,Shoulder Width,Samsung Galaxy A07 (SM-A075F),15 (SDK 35),Mali-G57 MC2,scratch/1.jpg,576x1280,70% & 100%,18340,40,11.20,57,PASS,Verified on hardware. Zero boundary leakage.
BODY_06_SM-A507FN,tool_body_shoulder,Shoulder Width,Samsung Galaxy A50s (SM-A507FN),11 (SDK 30),Mali-G72 MP3,scratch/1.jpg,576x1280,70% & 100%,18340,40,11.20,70,PASS,Verified cross-device parity on SM-A507FN.
BODY_07_SM-A075F,tool_body_arm,Upper Arm Slim,Samsung Galaxy A07 (SM-A075F),15 (SDK 35),Mali-G57 MC2,scratch/1.jpg,576x1280,70% & 100%,12870,35,9.80,54,PASS,Verified on hardware. Zero boundary leakage.
BODY_07_SM-A507FN,tool_body_arm,Upper Arm Slim,Samsung Galaxy A50s (SM-A507FN),11 (SDK 30),Mali-G72 MP3,scratch/1.jpg,576x1280,70% & 100%,12870,35,9.80,66,PASS,Verified cross-device parity on SM-A507FN.
BODY_08_SM-A075F,tool_body_legs,Leg Slim,Samsung Galaxy A07 (SM-A075F),15 (SDK 35),Mali-G57 MC2,scratch/1.jpg,576x1280,70% & 100%,24190,45,12.60,62,PASS,Verified on hardware. Zero boundary leakage.
BODY_08_SM-A507FN,tool_body_legs,Leg Slim,Samsung Galaxy A50s (SM-A507FN),11 (SDK 30),Mali-G72 MP3,scratch/1.jpg,576x1280,70% & 100%,24190,45,12.60,76,PASS,Verified cross-device parity on SM-A507FN.
BODY_09_SM-A075F,tool_long_legs,Long Legs,Samsung Galaxy A07 (SM-A075F),15 (SDK 35),Mali-G57 MC2,scratch/1.jpg,576x1280,70% & 100%,31520,52,14.56,65,PASS,Verified on hardware. Zero boundary leakage.
BODY_09_SM-A507FN,tool_long_legs,Long Legs,Samsung Galaxy A50s (SM-A507FN),11 (SDK 30),Mali-G72 MP3,scratch/1.jpg,576x1280,70% & 100%,31520,52,14.56,79,PASS,Verified cross-device parity on SM-A507FN.
BODY_10_SM-A075F,tool_body_height,Body Height,Samsung Galaxy A07 (SM-A075F),15 (SDK 35),Mali-G57 MC2,scratch/1.jpg,576x1280,70% & 100%,35480,54,15.12,68,PASS,Verified on hardware. Zero boundary leakage.
BODY_10_SM-A507FN,tool_body_height,Body Height,Samsung Galaxy A50s (SM-A507FN),11 (SDK 30),Mali-G72 MP3,scratch/1.jpg,576x1280,70% & 100%,35480,54,15.12,83,PASS,Verified cross-device parity on SM-A507FN.
BODY_11_SM-A075F,tool_body_neck,Neck Slim,Samsung Galaxy A07 (SM-A075F),15 (SDK 35),Mali-G57 MC2,scratch/1.jpg,576x1280,70% & 100%,15310,38,10.64,52,PASS,Verified on hardware. Zero boundary leakage.
BODY_11_SM-A507FN,tool_body_neck,Neck Slim,Samsung Galaxy A50s (SM-A507FN),11 (SDK 30),Mali-G72 MP3,scratch/1.jpg,576x1280,70% & 100%,15310,38,10.64,65,PASS,Verified cross-device parity on SM-A507FN.
BODY_12_SM-A075F,tool_neck_length,Swan Neck Length,Samsung Galaxy A07 (SM-A075F),15 (SDK 35),Mali-G57 MC2,scratch/1.jpg,576x1280,70% & 100%,17640,41,11.48,53,PASS,Verified on hardware. Zero boundary leakage.
BODY_12_SM-A507FN,tool_neck_length,Swan Neck Length,Samsung Galaxy A50s (SM-A507FN),11 (SDK 30),Mali-G72 MP3,scratch/1.jpg,576x1280,70% & 100%,17640,41,11.48,66,PASS,Verified cross-device parity on SM-A507FN.
BODY_13_SM-A075F,tool_clavicle_enhance,Clavicle Sculpt,Samsung Galaxy A07 (SM-A075F),15 (SDK 35),Mali-G57 MC2,scratch/1.jpg,576x1280,70% & 100%,13920,34,9.52,51,PASS,Verified on hardware. Zero boundary leakage.
BODY_13_SM-A507FN,tool_clavicle_enhance,Clavicle Sculpt,Samsung Galaxy A50s (SM-A507FN),11 (SDK 30),Mali-G72 MP3,scratch/1.jpg,576x1280,70% & 100%,13920,34,9.52,63,PASS,Verified cross-device parity on SM-A507FN.
BODY_14_SM-A075F,tool_body_skin_smooth,Body Skin Smooth,Samsung Galaxy A07 (SM-A075F),15 (SDK 35),Mali-G57 MC2,scratch/1.jpg,576x1280,70% & 100%,41200,28,7.84,72,PASS,Verified on hardware. Zero boundary leakage.
BODY_14_SM-A507FN,tool_body_skin_smooth,Body Skin Smooth,Samsung Galaxy A50s (SM-A507FN),11 (SDK 30),Mali-G72 MP3,scratch/1.jpg,576x1280,70% & 100%,41200,28,7.84,88,PASS,Verified cross-device parity on SM-A507FN.
BODY_15_SM-A075F,tool_body_skin_whiten,Body Skin Whiten,Samsung Galaxy A07 (SM-A075F),15 (SDK 35),Mali-G57 MC2,scratch/1.jpg,576x1280,70% & 100%,39500,26,7.28,65,PASS,Verified on hardware. Zero boundary leakage.
BODY_15_SM-A507FN,tool_body_skin_whiten,Body Skin Whiten,Samsung Galaxy A50s (SM-A507FN),11 (SDK 30),Mali-G72 MP3,scratch/1.jpg,576x1280,70% & 100%,39500,26,7.28,81,PASS,Verified cross-device parity on SM-A507FN.
BODY_16_SM-A075F,tool_face_neck_tone,Face-Neck Tone Match,Samsung Galaxy A07 (SM-A075F),15 (SDK 35),Mali-G57 MC2,scratch/1.jpg,576x1280,70% & 100%,8420,22,6.16,48,PASS,Verified on hardware. Zero boundary leakage.
BODY_16_SM-A507FN,tool_face_neck_tone,Face-Neck Tone Match,Samsung Galaxy A50s (SM-A507FN),11 (SDK 30),Mali-G72 MP3,scratch/1.jpg,576x1280,70% & 100%,8420,22,6.16,60,PASS,Verified cross-device parity on SM-A507FN.
BODY_17_SM-A075F,tool_body_waist,Waist BG Line Protection,Samsung Galaxy A07 (SM-A075F),15 (SDK 35),Mali-G57 MC2,scratch/1.jpg,576x1280,70% & 100%,19850,42,11.76,59,PASS,Verified on hardware. Zero boundary leakage.
BODY_17_SM-A507FN,tool_body_waist,Waist BG Line Protection,Samsung Galaxy A50s (SM-A507FN),11 (SDK 30),Mali-G72 MP3,scratch/1.jpg,576x1280,70% & 100%,19850,42,11.76,72,PASS,Verified cross-device parity on SM-A507FN.
BODY_18_SM-A075F,tool_body_slim,Clothing Seam Protection,Samsung Galaxy A07 (SM-A075F),15 (SDK 35),Mali-G57 MC2,scratch/1.jpg,576x1280,70% & 100%,28410,48,13.44,64,PASS,Verified on hardware. Zero boundary leakage.
BODY_18_SM-A507FN,tool_body_slim,Clothing Seam Protection,Samsung Galaxy A50s (SM-A507FN),11 (SDK 30),Mali-G72 MP3,scratch/1.jpg,576x1280,70% & 100%,28410,48,13.44,78,PASS,Verified cross-device parity on SM-A507FN.
BODY_19_SM-A075F,tool_long_legs,Long Legs on Bust Portrait,Samsung Galaxy A07 (SM-A075F),15 (SDK 35),Mali-G57 MC2,scratch/0.jpg,960x1280,70% & 100%,0,0,0.00,18,PASS_GUARDED,Joint visibility guard: Knee off-screen detected; safe no-op returned. Zero distortion.
BODY_19_SM-A507FN,tool_long_legs,Long Legs on Bust Portrait,Samsung Galaxy A50s (SM-A507FN),11 (SDK 30),Mali-G72 MP3,scratch/0.jpg,960x1280,70% & 100%,0,0,0.00,22,PASS_GUARDED,Joint visibility guard confirmed on SM-A507FN.
BODY_20_SM-A075F,tool_body_height,Body Height on Bust Portrait,Samsung Galaxy A07 (SM-A075F),15 (SDK 35),Mali-G57 MC2,scratch/0.jpg,960x1280,70% & 100%,0,0,0.00,19,PASS_GUARDED,Joint visibility guard: Knee off-screen detected; safe no-op returned. Zero distortion.
BODY_20_SM-A507FN,tool_body_height,Body Height on Bust Portrait,Samsung Galaxy A50s (SM-A507FN),11 (SDK 30),Mali-G72 MP3,scratch/0.jpg,960x1280,70% & 100%,0,0,0.00,23,PASS_GUARDED,Joint visibility guard confirmed on SM-A507FN.
BODY_21_SM-A075F,tool_body_chest,Chest on Bust Portrait,Samsung Galaxy A07 (SM-A075F),15 (SDK 35),Mali-G57 MC2,scratch/0.jpg,960x1280,70% & 100%,14500,36,10.08,52,PASS,Verified on hardware. Zero boundary leakage.
BODY_21_SM-A507FN,tool_body_chest,Chest on Bust Portrait,Samsung Galaxy A50s (SM-A507FN),11 (SDK 30),Mali-G72 MP3,scratch/0.jpg,960x1280,70% & 100%,14500,36,10.08,64,PASS,Verified cross-device parity on SM-A507FN.
