file_path,size_bytes,sha256,target_folder
.ai/reports/TASK_016_FACE_BEAUTY_EAR_BEARD_SPECIALIZED_VISUAL_RETEST/00_RETEST_INDEX.md,5611,1aa9a74d16fe1d08ca91ee6e05983372fb5351f682d0cfa9fbb5e99bda859a5a,13xDIqiI-vyP10pkypLI_6palmeJS-QRg/TASK_016_FACE_BEAUTY_EAR_BEARD_SPECIALIZED_VISUAL_RETEST
.ai/reports/TASK_016_FACE_BEAUTY_EAR_BEARD_SPECIALIZED_VISUAL_RETEST/01_TEST_ASSET_JUSTIFICATION.md,6005,8ab4e25203306963d97e2939e82855dba03afa5b34603a2d7ab3cf4544caa56b,13xDIqiI-vyP10pkypLI_6palmeJS-QRg/TASK_016_FACE_BEAUTY_EAR_BEARD_SPECIALIZED_VISUAL_RETEST
.ai/reports/TASK_016_FACE_BEAUTY_EAR_BEARD_SPECIALIZED_VISUAL_RETEST/02_EAR_RESULTS.csv,1856,cb6fc53d4b46f26e67cfc35bb867ae6894b42db207dcc4ac173c4e2060a94b10,13xDIqiI-vyP10pkypLI_6palmeJS-QRg/TASK_016_FACE_BEAUTY_EAR_BEARD_SPECIALIZED_VISUAL_RETEST
.ai/reports/TASK_016_FACE_BEAUTY_EAR_BEARD_SPECIALIZED_VISUAL_RETEST/03_BEARD_RESULTS.csv,1854,f4eadc6959b7ebe4e46073bcd1b35e66838cb89592103b2e9742d6aa24dd2817,13xDIqiI-vyP10pkypLI_6palmeJS-QRg/TASK_016_FACE_BEAUTY_EAR_BEARD_SPECIALIZED_VISUAL_RETEST
.ai/reports/TASK_016_FACE_BEAUTY_EAR_BEARD_SPECIALIZED_VISUAL_RETEST/04_EAR_CONTACT_SHEET.png,3501943,f13f77bb9f53f0a7b71c55e6a3a0c1d94ab2a4b31e267124e13e5662f0f933e0,13xDIqiI-vyP10pkypLI_6palmeJS-QRg/TASK_016_FACE_BEAUTY_EAR_BEARD_SPECIALIZED_VISUAL_RETEST
.ai/reports/TASK_016_FACE_BEAUTY_EAR_BEARD_SPECIALIZED_VISUAL_RETEST/05_BEARD_CONTACT_SHEET.png,2198629,6e58dfbaed4d6cf50ce7d3179867fd038bd07d67ba26b7ed53d6170a0e80ddbd,13xDIqiI-vyP10pkypLI_6palmeJS-QRg/TASK_016_FACE_BEAUTY_EAR_BEARD_SPECIALIZED_VISUAL_RETEST
.ai/reports/TASK_016_FACE_BEAUTY_EAR_BEARD_SPECIALIZED_VISUAL_RETEST/06_RECALCULATED_VISUAL_TOTALS.md,6347,ef774b2c5ff14f2409b8f7e633d85cf0641163a7538400babb03a15f27ff6944,13xDIqiI-vyP10pkypLI_6palmeJS-QRg/TASK_016_FACE_BEAUTY_EAR_BEARD_SPECIALIZED_VISUAL_RETEST
.ai/reports/TASK_016_FACE_BEAUTY_EAR_BEARD_SPECIALIZED_VISUAL_RETEST/07_MEMORY_HANDOFF.md,3740,83a95291376bf4b935b059a95194112ee9a58384acfa4104fcf27543c9b26675,13xDIqiI-vyP10pkypLI_6palmeJS-QRg/TASK_016_FACE_BEAUTY_EAR_BEARD_SPECIALIZED_VISUAL_RETEST
.ai/reports/TASK_017_TASK016_PROVENANCE_EVIDENCE_MIRROR_CORRECTION/00_CORRECTION_INDEX.md,7302,f9a989e338c76386b81649f0fe1cbcde2566911be10307be871dcdd56c908e0d,13xDIqiI-vyP10pkypLI_6palmeJS-QRg/TASK_017_TASK016_PROVENANCE_EVIDENCE_MIRROR_CORRECTION
.ai/reports/TASK_017_TASK016_PROVENANCE_EVIDENCE_MIRROR_CORRECTION/01_PROVENANCE_CORRECTION_AUDIT.md,4172,222069bc152e5b32cfaa3b75cc0784381d13bbb2843548a1231d8eb55d9d2849,13xDIqiI-vyP10pkypLI_6palmeJS-QRg/TASK_017_TASK016_PROVENANCE_EVIDENCE_MIRROR_CORRECTION
.ai/reports/TASK_017_TASK016_PROVENANCE_EVIDENCE_MIRROR_CORRECTION/02_EAR_RESULTS_DUAL_DEVICE.csv,3524,86e885ea9ce0a6065100c640a26be0ce9f4b9b587fa3d1e4dba1ebd6bbb6e48c,13xDIqiI-vyP10pkypLI_6palmeJS-QRg/TASK_017_TASK016_PROVENANCE_EVIDENCE_MIRROR_CORRECTION
.ai/reports/TASK_017_TASK016_PROVENANCE_EVIDENCE_MIRROR_CORRECTION/03_BEARD_RESULTS_DUAL_DEVICE.csv,2865,f60827b360c749a6e107208c96ac9c97fcec406edce83364b3135a0de9a07544,13xDIqiI-vyP10pkypLI_6palmeJS-QRg/TASK_017_TASK016_PROVENANCE_EVIDENCE_MIRROR_CORRECTION
.ai/reports/TASK_017_TASK016_PROVENANCE_EVIDENCE_MIRROR_CORRECTION/04_GRAY_BEARD_VERIFIABLE_EVIDENCE.csv,561,487fd946dd5fbe32299692b733e567ca48141fb60d24dbe9e5664889c7447199,13xDIqiI-vyP10pkypLI_6palmeJS-QRg/TASK_017_TASK016_PROVENANCE_EVIDENCE_MIRROR_CORRECTION
.ai/reports/TASK_017_TASK016_PROVENANCE_EVIDENCE_MIRROR_CORRECTION/05_EAR_CONTACT_SHEET_SM_A075F.png,3487859,ab003f12d0c05e34b1e3efee5c23d6932178a07bb211ddd013bae314a3eb7b4d,13xDIqiI-vyP10pkypLI_6palmeJS-QRg/TASK_017_TASK016_PROVENANCE_EVIDENCE_MIRROR_CORRECTION
.ai/reports/TASK_017_TASK016_PROVENANCE_EVIDENCE_MIRROR_CORRECTION/05_EAR_CONTACT_SHEET_SM_A507FN.png,3488680,1b70c24009388f6cf0d6935c8a60a608da3dc66af894f948727da3888b0947ca,13xDIqiI-vyP10pkypLI_6palmeJS-QRg/TASK_017_TASK016_PROVENANCE_EVIDENCE_MIRROR_CORRECTION
.ai/reports/TASK_017_TASK016_PROVENANCE_EVIDENCE_MIRROR_CORRECTION/07_BEARD_CONTACT_SHEET_SM_A075F.png,2186752,d5cc6c10740b3e0f17b4e0fcc0f5ec92e2f12495fffad472dc10e6dd8803195c,13xDIqiI-vyP10pkypLI_6palmeJS-QRg/TASK_017_TASK016_PROVENANCE_EVIDENCE_MIRROR_CORRECTION
.ai/reports/TASK_017_TASK016_PROVENANCE_EVIDENCE_MIRROR_CORRECTION/07_BEARD_CONTACT_SHEET_SM_A507FN.png,2187813,e3b5494e5ecc4b9f7effa705a0b9819b29e5c74d9526cf4c65c888205d98b41b,13xDIqiI-vyP10pkypLI_6palmeJS-QRg/TASK_017_TASK016_PROVENANCE_EVIDENCE_MIRROR_CORRECTION
.ai/reports/TASK_017_TASK016_PROVENANCE_EVIDENCE_MIRROR_CORRECTION/09_GRAY_BEARD_VERIFIABLE_CONTACT_SHEET.png,661055,57dbc4bdc4121034fd1ce8442fd94eb023a5b0bb4a1d7649df5f500a1275e975,13xDIqiI-vyP10pkypLI_6palmeJS-QRg/TASK_017_TASK016_PROVENANCE_EVIDENCE_MIRROR_CORRECTION
.ai/reports/TASK_017_TASK016_PROVENANCE_EVIDENCE_MIRROR_CORRECTION/RAW_LOGCAT_SM-A075F.txt,6026671,574cf509a6715c343b97d9d9699b788368f118a3c81ae6e83992deb13d99f21c,13xDIqiI-vyP10pkypLI_6palmeJS-QRg/TASK_017_TASK016_PROVENANCE_EVIDENCE_MIRROR_CORRECTION
.ai/reports/TASK_017_TASK016_PROVENANCE_EVIDENCE_MIRROR_CORRECTION/RAW_LOGCAT_SM-A507FN.txt,2255479,6abb5f47cafb2f6ec1cec79c85c6b7528ab3f101e71a730de2dc6041e2ca0655,13xDIqiI-vyP10pkypLI_6palmeJS-QRg/TASK_017_TASK016_PROVENANCE_EVIDENCE_MIRROR_CORRECTION
